cliente_id,tipo_cliente,data_cadastro,canal_aquisicao,campanha_origem_id,segmento_b2b,vendedor_id,municipio,uf,cep_prefixo
CLI000001,B2C,2025-11-09,CRM,,,,Ribeirão Preto,SP,70299
CLI000002,B2C,2026-02-28,indicação,,,,Anápolis,GO,68723
CLI000003,B2C,2025-04-09,social pago,SOC-202504,,,Blumenau,SC,38555
CLI000004,B2C,2025-05-20,CRM,,,,Americana,SP,27588
CLI000005,B2C,2025-06-07,social pago,SOC-202506,,,Contagem,MG,39737
CLI000006,B2C,2025-08-18,orgânico,,,,Caruaru,PE,42273
CLI000007,B2C,2025-08-15,social pago,SOC-202508,,,Chapecó,SC,91431
CLI000008,B2C,2025-05-12,influenciador,INF-202505,,,Americana,SP,03280
CLI000009,B2C,2026-02-20,CRM,,,,Sorocaba,SP,61948
CLI000010,B2C,2026-05-06,,SOC-202605,,,Londrin,PR,93291
CLI000011,B2C,2025-02-02,indicação,,,,Piracicab,SP,53329
CLI000012,B2C,2025-08-01,CRM,,,,Londrina,PR,88544
CLI000013,B2C,2025-12-04,indicação,,,,Ribeirão Preto,SP,74240
CLI000014,B2C,2026-03-22,social pago,SOC-202603,,,Feira de Santana,BA,38740
CLI000015,B2C,2025-06-05,busca paga,SEA-202506,,,Salvador,BA,89032
CLI000016,B2C,2025-03-12,orgânico,,,,Anápolis,GO,99687
CLI000017,B2C,2026-03-19,,SOC-202603,,,Piracicaba,SP,79851
CLI000018,B2C,2025-07-20,busca paga,SEA-202507,,,Sorocaba,SP,48827
CLI000019,B2C,2025-04-22,indicação,,,,Contagem,MG,39239
CLI000020,B2C,2026-06-10,orgânico,,,,Ribeirão Preto,SP,96401
CLI000021,B2C,2026-03-25,,INF-202603,,,Vitória da Conquista,BA,84245
CLI000022,B2C,2025-07-28,social pago,SOC-202507,,,Contagem.,MG,79941
CLI000023,B2C,2025-12-19,social pago,SOC-202512,,,Uberaba,MG,53266
CLI000024,B2C,2025-07-23,indicação,,,,Petrópolis,RJ,92880
CLI000025,B2C,2025-07-11,influenciador,INF-202507,,,Ribeirão Preto,SP,09951
CLI000026,B2C,2026-05-15,influenciador,INF-202605,,,Bauru,SP,69313
CLI000027,B2C,2025-03-15,social pago,SOC-202503,,,Bauru,SP,75723
CLI000028,B2C,2025-07-04,orgânico,,,,São José dos Campos,SP,61335
CLI000029,B2C,2025-02-25,influenciador,INF-202502,,,Londrina,PR,52128
CLI000030,B2C,2025-06-20,social pago,SOC-202506,,,Caxias do Sul,RS,64885
CLI000031,B2C,2026-01-11,social pago,SOC-202601,,,Sorocaba,SP,91374
CLI000032,B2C,2026-05-11,busca paga,SEA-202605,,,Piracicaba,SP,15879
CLI000033,B2C,2025-04-05,influenciador,INF-202504,,,Campinas,SP,05497
CLI000034,B2C,2025-10-04,orgânico,,,,Chapecó,SC,14451
CLI000035,B2C,2025-11-26,indicação,,,,Petrópolis,RJ,26660
CLI000036,B2C,2025-08-24,influenciador,INF-202508,,,Jundiaí,SP,15458
CLI000037,B2C,2026-01-14,social pago,SOC-202601,,,Florianópolis,SC,65025
CLI000038,B2C,2025-08-13,CRM,,,,Vitória,ES,80268
CLI000039,B2C,2025-08-04,social pago,SOC-202508,,,Belo Horizonte,MG,08157
CLI000040,B2C,2025-11-21,indicação,,,,Florianópolis,SC,38951
CLI000041,B2C,2025-05-15,influenciador,INF-202505,,,Chapecó,SC,71099
CLI000042,B2C,2025-08-13,orgânico,,,,Joinville,SC,44266
CLI000043,B2C,2025-04-25,,,,,Americana,SP,26525
CLI000044,B2C,2025-05-09,CRM,,,,Ponta Grossa,PR,84438
CLI000045,B2C,2025-01-27,social pago,SOC-202501,,,Blumenau,SC,65763
CLI000046,B2C,2025-04-04,influenciador,INF-202504,,,Jundiaí,SP,62399
CLI000047,B2C,2026-03-13,orgânico,,,,Sorocaba,SP,15307
CLI000048,B2C,2025-05-01,influenciador,INF-202505,,,Volta Redonda,RJ,91704
CLI000049,B2C,2025-10-05,orgânico,,,,Sorocaba,SP,09175
CLI000050,B2C,2025-04-03,busca paga,SEA-202504,,,Jundiaí,SP,86969
CLI000051,B2C,2026-05-03,busca paga,SEA-202605,,,Niterói,RJ,07133
CLI000052,B2C,2025-02-13,indicação,,,,Sorocaba Mun.,SP,40696
CLI000053,B2C,2026-02-06,social pago,SOC-202602,,,Jundiaí,SP,32794
CLI000054,B2C,2026-03-18,busca paga,SEA-202603,,,Ribeirão Preto,SP,47147
CLI000055,B2C,2025-03-21,indicação,,,,Curitiba.,PR,35987
CLI000056,B2C,2025-06-01,busca paga,SEA-202506,,,Belém,PA,48663
CLI000057,B2C,2026-01-26,social pago,SOC-202601,,,Cascavel,PR,71670
CLI000058,B2C,2025-06-02,busca paga,SEA-202506,,,Belo Horizonte,MG,68876
CLI000059,B2C,2026-03-02,social pago,SOC-202603,,,Ribeirão Preto,SP,15612
CLI000060,B2C,2025-03-14,orgânico,,,,Uberlândia,MG,39572
CLI000061,B2C,2025-02-16,indicação,,,,São Paulo,SP,10221
CLI000062,B2C,2025-10-07,orgânico,,,,Jundiaí,SP,01053
CLI000063,B2C,2025-11-11,influenciador,INF-202511,,,São José dos Campos,SP,56783
CLI000064,B2C,2026-01-23,social pago,SOC-202601,,,Florianópolis,SC,33800
CLI000065,B2C,2025-10-25,orgânico,,,,São Paulo.,SP,62399
CLI000066,B2C,2026-03-27,social pago,SOC-202603,,,Contagem,MG,89224
CLI000067,B2C,2025-07-15,busca paga,SEA-202507,,,Limeira,SP,64433
CLI000068,B2C,2025-12-04,busca paga,SEA-202512,,,Salvador,BA,34910
CLI000069,B2C,2025-10-12,busca paga,SEA-202510,,,Ribeirão Pret,SP,15264
CLI000070,B2C,2025-01-07,busca paga,SEA-202501,,,Ribeirão Preto,SP,70328
CLI000071,B2C,2026-01-24,busca paga,SEA-202601,,,Jaboatão dos Guararapes,PE,58987
CLI000072,B2C,2025-08-18,indicação,,,,Ribeirão Preto,SP,05730
CLI000073,B2C,2025-07-24,CRM,,,,Niterói,RJ,01661
CLI000074,B2C,2025-12-08,orgânico,,,,Pouso Alegre,MG,52128
CLI000075,B2C,2025-03-06,CRM,,,,Cascavel,PR,04789
CLI000076,B2C,2025-12-12,influenciador,INF-202512,,,Londrina,PR,01745
CLI000077,B2C,2026-05-03,,,,,Santarém,PA,61377
CLI000078,B2C,2026-03-01,busca paga,SEA-202603,,,Volta Redonda,RJ,86728
CLI000079,B2C,2025-08-30,orgânico,,,,Volta Redonda,RJ,99755
CLI000080,B2C,2025-10-20,busca paga,SEA-202510,,,Ponta Grossa,PR,07968
CLI000081,B2C,2025-11-07,social pago,SOC-202511,,,Cascavel,PR,50098
CLI000082,B2C,2025-05-06,orgânico,,,,Curitiba,PR,13362
CLI000083,B2C,2025-07-07,orgânico,,,,Sorocaba,SP,49162
CLI000084,B2C,2025-02-21,influenciador,INF-202502,,,Jundiaí,SP,50555
CLI000085,B2C,2025-12-23,social pago,SOC-202512,,,Ponta Grossa,PR,23485
CLI000086,B2C,2025-01-31,indicação,,,,São Paulo,SP,96685
CLI000087,B2C,2025-03-18,orgânico,,,,Ribeirão Preto,SP,54349
CLI000088,B2C,2025-03-09,,SOC-202503,,,Ribeirão Preto,SP,29985
CLI000089,B2C,2025-09-09,orgânico,,,,Contagem,MG,94954
CLI000090,B2C,2026-03-30,influenciador,INF-202603,,,Ponta Grossa,PR,26358
CLI000091,B2C,2026-03-06,social pago,SOC-202603,,,Porto Alegre,RS,57693
CLI000092,B2C,2025-11-21,social pago,SOC-202511,,,Uberaba,MG,03783
CLI000093,B2C,2025-10-14,,SEA-202510,,,São José dos Campos,SP,98294
CLI000094,B2C,2026-01-14,social pago,SOC-202601,,,Pelotas,RS,06994
CLI000095,B2C,2026-05-04,social pago,SOC-202605,,,Goiânia,GO,49880
CLI000096,B2C,2025-02-25,orgânico,,,,Campinas,SP,16324
CLI000097,B2C,2026-03-21,influenciador,INF-202603,,,Londrina,PR,85918
CLI000098,B2C,2025-01-28,orgânico,,,,Cascavel,PR,24708
CLI000099,B2C,2025-12-10,orgânico,,,,Vitória da Conquista,BA,61581
CLI000100,B2C,2026-01-22,social pago,SOC-202601,,,Americana,SP,65238
CLI000101,B2C,2025-12-20,orgânico,,,,Vitória da Conquista,BA,59440
CLI000102,B2C,2026-05-16,,SOC-202605,,,São José dos Campos,SP,37363
CLI000103,B2C,2026-03-18,orgânico,,,,Jundiaí,SP,96484
CLI000104,B2C,2026-01-20,social pago,SOC-202601,,,Limeira,SP,34826
CLI000105,B2C,2025-05-15,orgânico,,,,Rio de Janeiro,RJ,13465
CLI000106,B2C,2025-08-24,social pago,SOC-202508,,,Serra,ES,06464
CLI000107,B2C,2025-11-06,orgânico,,,,Contage,MG,64796
CLI000108,B2C,2025-03-07,indicação,,,,Uberaba,MG,93199
CLI000109,B2C,2026-04-18,indicação,,,,Caruaru,PE,93258
CLI000110,B2C,2026-03-19,influenciador,INF-202603,,,Bauru,SP,32133
CLI000111,B2C,2026-05-18,busca paga,SEA-202605,,,Chapecó,SC,26337
CLI000112,B2C,2025-09-22,social pago,SOC-202509,,,Campo Grande,MS,55763
CLI000113,B2C,2025-12-04,CRM,,,,Uberlândia,MG,60976
CLI000114,B2C,2025-11-07,orgânico,,,,Uberlândia,MG,19292
CLI000115,B2C,2026-04-09,busca paga,SEA-202604,,,São José dos Campos,SP,73959
CLI000116,B2C,2025-03-04,orgânico,,,,Vitória da Conquista,BA,46702
CLI000117,B2C,2026-01-13,social pago,SOC-202601,,,Contagem,MG,24160
CLI000118,B2C,2025-02-14,orgânico,,,,São José dos Campos,SP,98904
CLI000119,B2C,2025-01-21,indicação,,,,Uberlândia,MG,97349
CLI000120,B2C,2025-02-07,social pago,SOC-202502,,,Ribeirão Preto,SP,33259
CLI000121,B2C,2025-12-27,social pago,SOC-202512,,,Uberaba,MG,03005
CLI000122,B2C,2026-02-07,,SEA-202602,,,Americana,SP,12406
CLI000123,B2C,2025-07-06,social pago,SOC-202507,,,Sorocaba,SP,67617
CLI000124,B2C,2025-04-24,orgânico,,,,Uberlândia,MG,69817
CLI000125,B2C,2026-01-12,busca paga,SEA-202601,,,Bauru,SP,33092
CLI000126,B2C,2026-02-14,indicação,,,,Joinville,SC,14089
CLI000127,B2C,2026-03-30,CRM,,,,Niterói,RJ,24703
CLI000128,B2C,2025-04-21,CRM,,,,Pouso Alegre,MG,97334
CLI000129,B2C,2026-04-23,influenciador,INF-202604,,,Jundiaí,SP,74864
CLI000130,B2C,2025-02-01,,SEA-202502,,,Goiânia,GO,96670
CLI000131,B2C,2026-02-01,social pago,SOC-202602,,,Santarém,PA,20419
CLI000132,B2C,2025-06-01,indicação,,,,Piracicaba,SP,15736
CLI000133,B2C,2025-01-19,orgânico,,,,Anápolis,GO,59751
CLI000134,B2C,2026-03-16,influenciador,INF-202603,,,Jundia,SP,36270
CLI000135,B2C,2025-06-07,influenciador,INF-202506,,,Goiânia,GO,58646
CLI000136,B2C,2026-04-15,social pago,SOC-202604,,,Sorocaba,SP,38765
CLI000137,B2C,2025-05-22,,,,,Maringá,PR,74134
CLI000138,B2C,2025-02-21,orgânico,,,,Campinas,SP,63768
CLI000139,B2C,2025-08-02,orgânico,,,,Ribeirão Preto,SP,73151
CLI000140,B2C,2025-11-30,social pago,SOC-202511,,,Limeira.,SP,86700
CLI000141,B2C,2026-03-05,social pago,SOC-202603,,,São José dos Campos,SP,35143
CLI000142,B2C,2026-03-03,influenciador,INF-202603,,,Cascavel,PR,99503
CLI000143,B2C,2025-12-05,indicação,,,,Uberlândia,MG,42878
CLI000144,B2C,2025-12-04,orgânico,,,,São José dos Campos,SP,44078
CLI000145,B2C,2025-07-31,indicação,,,,Vitória da Conquista,BA,43744
CLI000146,B2C,2026-04-22,CRM,,,,São José dos Campos,SP,98198
CLI000147,B2C,2025-04-18,busca paga,SEA-202504,,,Manaus,AM,88538
CLI000148,B2C,2025-07-13,orgânico,,,,Curitiba,PR,67698
CLI000149,B2C,2026-01-22,orgânico,,,,Bauru,SP,24863
CLI000150,B2C,2025-07-03,orgânico,,,,Jundiaí,SP,12070
CLI000151,B2C,2025-07-24,orgânico,,,,Ribeirão Preto,SP,77818
CLI000152,B2C,2025-01-20,busca paga,SEA-202501,,,Piracicaba,SP,54294
CLI000153,B2C,2026-01-22,orgânico,,,,Cascavel,PR,44203
CLI000154,B2C,2026-06-13,social pago,SOC-202606,,,Uberaba,MG,46165
CLI000155,B2C,2026-06-05,social pago,SOC-202606,,,Jundiaí,SP,32841
CLI000156,B2C,2025-10-04,social pago,SOC-202510,,,Contagem,MG,39441
CLI000157,B2C,2025-05-23,indicação,,,,Bauru,SP,87253
CLI000158,B2C,2026-06-03,busca paga,SEA-202606,,,Belém,PA,58264
CLI000159,B2C,2025-09-19,,SOC-202509,,,Vitória da Conquista,BA,39260
CLI000160,B2C,2025-03-27,CRM,,,,Baur,SP,79350
CLI000161,B2C,2026-03-29,indicação,,,,São Paulo,SP,18854
CLI000162,B2C,2026-06-12,influenciador,INF-202606,,,São Paulo,SP,58793
CLI000163,B2C,2025-09-13,social pago,SOC-202509,,,Ponta Grossa,PR,89410
CLI000164,B2C,2026-05-12,social pago,SOC-202605,,,Jundiaí,SP,40623
CLI000165,B2C,2025-03-18,orgânico,,,,Ribeirão Preto Mun.,SP,42273
CLI000166,B2C,2025-08-19,indicação,,,,São José dos Campos,SP,57771
CLI000167,B2C,2026-01-08,CRM,,,,Ribeirão Preto,SP,22568
CLI000168,B2C,2026-03-12,busca paga,SEA-202603,,,Caxias do Sul,RS,19512
CLI000169,B2C,2025-11-08,busca paga,SEA-202511,,,Pouso Alegre,MG,51701
CLI000170,B2C,2025-10-15,orgânico,,,,São Paulo,SP,34598
CLI000171,B2C,2026-02-10,busca paga,SEA-202602,,,Jundiaí,SP,77980
CLI000172,B2C,2025-10-07,busca paga,SEA-202510,,,Goiânia,GO,32649
CLI000173,B2C,2025-02-13,CRM,,,,Maringá,PR,29134
CLI000174,B2C,2025-08-18,influenciador,INF-202508,,,Ribeirão Preto,SP,24728
CLI000175,B2C,2025-02-18,orgânico,,,,Bauru,SP,12597
CLI000176,B2C,2025-02-01,social pago,SOC-202502,,,Niterói.,RJ,80828
CLI000177,B2C,2025-12-04,,SEA-202512,,,São Paulo,SP,37699
CLI000178,B2C,2026-02-28,busca paga,SEA-202602,,,Caxias do Sul,RS,05380
CLI000179,B2C,2025-04-05,indicação,,,,Petrópolis,RJ,96167
CLI000180,B2C,2025-10-05,social pago,SOC-202510,,,Serra,ES,89327
CLI000181,B2C,2025-02-17,indicação,,,,Bauru,SP,74901
CLI000182,B2C,2026-01-15,CRM,,,,Rio de Janeiro,RJ,74970
CLI000183,B2C,2025-03-26,orgânico,,,,Limeira,SP,47750
CLI000184,B2C,2025-04-07,orgânico,,,,Juiz de For,MG,10279
CLI000185,B2C,2025-06-29,social pago,SOC-202506,,,Chapecó,SC,73567
CLI000186,B2C,2025-01-31,busca paga,SEA-202501,,,Belém,PA,05767
CLI000187,B2C,2026-02-01,influenciador,INF-202602,,,Curitiba,PR,60735
CLI000188,B2C,2025-06-19,orgânico,,,,Americana,SP,55321
CLI000189,B2C,2025-10-04,orgânico,,,,Pouso Alegre,MG,91468
CLI000190,B2C,2025-04-27,orgânico,,,,Belo Horizonte,MG,27584
CLI000191,B2C,2026-05-06,indicação,,,,Jundia,SP,75537
CLI000192,B2C,2025-02-11,orgânico,,,,Belém Mun.,PA,93022
CLI000193,B2C,2025-05-04,social pago,SOC-202505,,,Porto Alegre,RS,97536
CLI000194,B2C,2025-06-21,influenciador,INF-202506,,,Piracicaba,SP,08705
CLI000195,B2C,2026-05-28,influenciador,INF-202605,,,Piracicaba,SP,94009
CLI000196,B2C,2026-01-05,social pago,SOC-202601,,,Curitiba,PR,04767
CLI000197,B2C,2025-07-19,orgânico,,,,Rio de Janeiro.,RJ,07552
CLI000198,B2C,2025-03-27,busca paga,SEA-202503,,,Sorocaba,SP,30481
CLI000199,B2C,2025-12-13,influenciador,INF-202512,,,Americana,SP,81994
CLI000200,B2C,2025-08-24,social pago,SOC-202508,,,Contagem,MG,17657
CLI000201,B2C,2025-05-03,orgânico,,,,Porto Alegre Mun.,RS,16688
CLI000202,B2C,2025-03-16,orgânico,,,,Brasília,DF,38916
CLI000203,B2C,2025-09-03,orgânico,,,,Santaré,PA,38724
CLI000204,B2C,2025-02-25,social pago,SOC-202502,,,Joinville Mun.,SC,62257
CLI000205,B2C,2026-03-19,social pago,SOC-202603,,,São José dos Campos,SP,81030
CLI000206,B2C,2025-09-04,social pago,SOC-202509,,,Volta Redonda,RJ,69475
CLI000207,B2C,2025-05-13,busca paga,SEA-202505,,,Juiz de Fora,MG,50957
CLI000208,B2C,2026-03-07,orgânico,,,,Limeira,SP,61041
CLI000209,B2C,2025-11-27,orgânico,,,,Ponta Grossa,PR,68430
CLI000210,B2C,2026-05-27,social pago,SOC-202605,,,São José dos Campos,SP,91056
CLI000211,B2C,2026-04-15,orgânico,,,,Blumenau,SC,20740
CLI000212,B2C,2025-07-19,influenciador,INF-202507,,,Blumenau,SC,02660
CLI000213,B2C,2025-04-05,orgânico,,,,Florianópolis,SC,73148
CLI000214,B2C,2026-03-21,orgânico,,,,Belo Horizonte,MG,30960
CLI000215,B2C,2026-04-09,busca paga,SEA-202604,,,Uberaba,MG,32148
CLI000216,B2C,2025-08-21,orgânico,,,,Feira de Santana,BA,36871
CLI000217,B2C,2026-04-06,orgânico,,,,São Paulo,SP,60665
CLI000218,B2C,2026-02-07,orgânico,,,,Campinas,SP,34164
CLI000219,B2C,2025-04-24,orgânico,,,,Pouso Alegre,MG,63486
CLI000220,B2C,2025-12-23,orgânico,,,,Limeira,SP,63052
CLI000221,B2C,2025-01-11,indicação,,,,Caxias do Sul,RS,32810
CLI000222,B2C,2026-06-07,CRM,,,,São José dos Campos.,SP,68440
CLI000223,B2C,2026-02-18,social pago,SOC-202602,,,Niterói,RJ,52003
CLI000224,B2C,2025-11-19,social pago,SOC-202511,,,Porto Alegre,RS,60409
CLI000225,B2C,2025-02-21,CRM,,,,Americana,SP,62674
CLI000226,B2C,2025-06-10,indicação,,,,Ribeirão Preto,SP,61674
CLI000227,B2C,2025-03-31,orgânico,,,,Vitória da Conquista,BA,06607
CLI000228,B2C,2025-03-21,social pago,SOC-202503,,,Volta Redonda,RJ,46851
CLI000229,B2C,2025-02-21,orgânico,,,,Ribeirão Preto,SP,84192
CLI000230,B2C,2025-07-01,busca paga,SEA-202507,,,Rio de Janeiro,RJ,77346
CLI000231,B2C,2025-11-03,orgânico,,,,Sorocaba Mun.,SP,69892
CLI000232,B2C,2026-01-30,influenciador,INF-202601,,,Maringá,PR,89481
CLI000233,B2C,2025-01-16,social pago,SOC-202501,,,Maringá,PR,43849
CLI000234,B2C,2025-09-28,CRM,,,,Porto Alegre,RS,78789
CLI000235,B2C,2025-10-01,influenciador,INF-202510,,,São Paulo,SP,73018
CLI000236,B2C,2026-04-11,social pago,SOC-202604,,,Joinville,SC,09269
CLI000237,B2C,2025-08-13,indicação,,,,Petrópolis,RJ,67829
CLI000238,B2C,2025-09-05,social pago,SOC-202509,,,Niterói,RJ,07174
CLI000239,B2C,2025-06-11,influenciador,INF-202506,,,Uberaba,MG,99274
CLI000240,B2C,2026-03-26,busca paga,SEA-202603,,,São José dos Campos,SP,90827
CLI000241,B2C,2025-12-29,social pago,SOC-202512,,,Limeira.,SP,61862
CLI000242,B2C,2025-02-04,social pago,SOC-202502,,,Florianópolis,SC,08764
CLI000243,B2C,2025-11-20,social pago,SOC-202511,,,Ribeirão Preto,SP,52647
CLI000244,B2C,2025-05-04,social pago,SOC-202505,,,São José dos Campos,SP,31808
CLI000245,B2C,2025-03-19,social pago,SOC-202503,,,Sorocaba,SP,33351
CLI000246,B2C,2025-10-28,busca paga,SEA-202510,,,Ponta Grossa,PR,72922
CLI000247,B2C,2025-05-21,orgânico,,,,Pelotas,RS,62193
CLI000248,B2C,2026-01-18,influenciador,INF-202601,,,Chapecó,SC,20650
CLI000249,B2C,2025-04-06,orgânico,,,,Sorocab,SP,93067
CLI000250,B2C,2025-11-08,busca paga,SEA-202511,,,Sorocaba,SP,84800
CLI000251,B2C,2026-01-18,busca paga,SEA-202601,,,Jundiaí,SP,83589
CLI000252,B2C,2025-04-03,busca paga,SEA-202504,,,Ponta Grossa,PR,44100
CLI000253,B2C,2025-12-31,orgânico,,,,Campinas,SP,64730
CLI000254,B2C,2025-10-31,busca paga,SEA-202510,,,Porto Alegre,RS,14204
CLI000255,B2C,2025-03-02,busca paga,SEA-202503,,,São José dos Campos,SP,34381
CLI000256,B2C,2025-09-30,social pago,SOC-202509,,,Brasília,DF,37916
CLI000257,B2C,2026-02-26,influenciador,INF-202602,,,Jundiaí,SP,74959
CLI000258,B2C,2025-06-10,orgânico,,,,Limeira,SP,35033
CLI000259,B2C,2026-02-11,orgânico,,,,Maringá.,PR,05659
CLI000260,B2C,2025-06-25,orgânico,,,,Limeira,SP,93604
CLI000261,B2C,2025-05-27,orgânico,,,,São José dos Campos,SP,91517
CLI000262,B2C,2026-03-13,orgânico,,,,Americana,SP,03679
CLI000263,B2C,2025-01-02,busca paga,SEA-202501,,,Sorocaba,SP,25732
CLI000264,B2C,2026-04-30,busca paga,SEA-202604,,,Belo Horizonte,MG,10110
CLI000265,B2C,2025-02-04,social pago,SOC-202502,,,Uberlândia,MG,18059
CLI000266,B2C,2025-01-15,CRM,,,,Campinas,SP,74690
CLI000267,B2C,2026-02-27,influenciador,INF-202602,,,Rio de Janeiro,RJ,53675
CLI000268,B2C,2025-02-10,indicação,,,,Salvador,BA,97052
CLI000269,B2C,2025-04-30,social pago,SOC-202504,,,Ribeirão Preto,SP,01329
CLI000270,B2C,2025-01-23,CRM,,,,Juiz de Fora,MG,82193
CLI000271,B2C,2025-10-06,orgânico,,,,Blumenau,SC,56859
CLI000272,B2C,2025-09-19,orgânico,,,,Contagem.,MG,81389
CLI000273,B2C,2025-08-26,indicação,,,,Juiz de Fora,MG,40763
CLI000274,B2C,2025-09-30,orgânico,,,,Curitiba,PR,68172
CLI000275,B2C,2026-01-30,orgânico,,,,Salvador,BA,87943
CLI000276,B2C,2026-03-31,busca paga,SEA-202603,,,Sorocaba,SP,64507
CLI000277,B2C,2026-04-22,influenciador,INF-202604,,,Americana,SP,38590
CLI000278,B2C,2025-04-17,orgânico,,,,Americana,SP,66267
CLI000279,B2C,2026-04-04,social pago,SOC-202604,,,São Paulo,SP,61023
CLI000280,B2C,2025-04-18,busca paga,SEA-202504,,,Rio de Janeiro,RJ,78589
CLI000281,B2C,2025-01-07,indicação,,,,American,SP,24377
CLI000282,B2C,2025-03-25,influenciador,INF-202503,,,Piracicaba,SP,83496
CLI000283,B2C,2025-09-11,indicação,,,,Pouso Alegre,MG,81086
CLI000284,B2C,2026-02-13,orgânico,,,,Petrópolis,RJ,48317
CLI000285,B2C,2026-02-11,social pago,SOC-202602,,,Porto Alegre,RS,10929
CLI000286,B2C,2025-07-12,orgânico,,,,Bauru,SP,61911
CLI000287,B2C,2025-03-08,orgânico,,,,Piracicaba,SP,74233
CLI000288,B2C,2025-12-05,social pago,SOC-202512,,,Cascavel,PR,53221
CLI000289,B2C,2026-01-12,busca paga,SEA-202601,,,Belo Horizonte,MG,44518
CLI000290,B2C,2025-06-09,busca paga,SEA-202506,,,Campinas,SP,09505
CLI000291,B2C,2025-04-26,busca paga,SEA-202504,,,Juazeiro do Norte,CE,88382
CLI000292,B2C,2025-09-10,social pago,SOC-202509,,,Ponta Grossa,PR,73874
CLI000293,B2C,2025-10-22,busca paga,SEA-202510,,,Campinas,SP,21310
CLI000294,B2C,2025-05-30,CRM,,,,Maringá,PR,97442
CLI000295,B2C,2025-10-04,influenciador,INF-202510,,,Rondonópolis,MT,85961
CLI000296,B2C,2025-04-28,indicação,,,,Bauru,SP,10068
CLI000297,B2C,2025-05-06,influenciador,INF-202505,,,Uberlândia,MG,13318
CLI000298,B2C,2026-01-19,social pago,SOC-202601,,,Ribeirão Preto,SP,67465
CLI000299,B2C,2025-05-31,indicação,,,,Sorocaba,SP,96924
CLI000300,B2C,2025-03-20,busca paga,SEA-202503,,,Piracicaba,SP,77529
CLI000301,B2C,2025-08-03,CRM,,,,Sorocaba,SP,55173
CLI000302,B2C,2025-10-30,CRM,,,,Chapecó,SC,11731
CLI000303,B2C,2025-02-04,CRM,,,,Bauru,SP,83749
CLI000304,B2C,2026-05-20,CRM,,,,Ribeirão Preto,SP,34909
CLI000305,B2C,2025-04-10,indicação,,,,Contagem,MG,19459
CLI000306,B2C,2025-03-14,social pago,SOC-202503,,,São Paulo,SP,27896
CLI000307,B2C,2025-02-25,social pago,SOC-202502,,,Bauru,SP,43303
CLI000308,B2C,2025-01-08,influenciador,INF-202501,,,Pelotas,RS,35926
CLI000309,B2C,2025-12-24,social pago,SOC-202512,,,Pouso Alegre,MG,47878
CLI000310,B2C,2025-03-28,CRM,,,,Rio de Janeiro,RJ,54531
CLI000311,B2C,2026-04-22,social pago,SOC-202604,,,Pelotas,RS,44167
CLI000312,B2C,2026-05-13,social pago,SOC-202605,,,Maringá,PR,44394
CLI000313,B2C,2026-02-04,social pago,SOC-202602,,,Contagem,MG,80044
CLI000314,B2C,2025-12-17,,,,,Cascavel,PR,58261
CLI000315,B2C,2025-11-30,orgânico,,,,Joinville,SC,79152
CLI000316,B2C,2025-09-24,busca paga,SEA-202509,,,Sorocaba,SP,53367
CLI000317,B2C,2026-01-24,social pago,SOC-202601,,,Jundiaí,SP,24265
CLI000318,B2C,2025-03-14,,,,,Joinville,SC,04110
CLI000319,B2C,2025-07-09,orgânico,,,,Porto Alegre,RS,15518
CLI000320,B2C,2026-03-11,orgânico,,,,Campinas,SP,66487
CLI000321,B2C,2025-07-26,social pago,SOC-202507,,,Ribeirão Preto,SP,68334
CLI000322,B2C,2025-04-05,busca paga,SEA-202504,,,Santarém,PA,27558
CLI000323,B2C,2025-03-08,social pago,SOC-202503,,,Juiz de Fora,MG,77678
CLI000324,B2C,2026-01-17,influenciador,INF-202601,,,Caruaru,PE,71279
CLI000325,B2C,2025-07-16,orgânico,,,,Sorocaba,SP,06893
CLI000326,B2C,2026-01-31,social pago,SOC-202601,,,Juiz de Fora,MG,31121
CLI000327,B2C,2025-02-02,orgânico,,,,Juiz de Fora,MG,04917
CLI000328,B2C,2026-04-04,social pago,SOC-202604,,,Uberaba,MG,64931
CLI000329,B2C,2025-03-15,social pago,SOC-202503,,,Pelotas,RS,86948
CLI000330,B2C,2025-03-20,social pago,SOC-202503,,,Porto Alegre,RS,82439
CLI000331,B2C,2026-04-10,social pago,SOC-202604,,,Bauru,SP,12629
CLI000332,B2C,2025-10-18,social pago,SOC-202510,,,Volta Redonda,RJ,66561
CLI000333,B2C,2026-04-11,orgânico,,,,Niterói,RJ,66558
CLI000334,B2C,2026-04-29,CRM,,,,Piracicaba,SP,92871
CLI000335,B2C,2026-02-04,social pago,SOC-202602,,,Contagem,MG,72633
CLI000336,B2C,2026-05-29,busca paga,SEA-202605,,,Porto Alegre,RS,22671
CLI000337,B2C,2025-08-24,orgânico,,,,Vitória da Conquista.,BA,12422
CLI000338,B2C,2025-02-15,orgânico,,,,Pelotas,RS,64666
CLI000339,B2C,2025-01-05,indicação,,,,Juiz de Fora,MG,20056
CLI000340,B2C,2025-07-16,CRM,,,,Blumenau,SC,95077
CLI000341,B2C,2025-10-12,busca paga,SEA-202510,,,Florianópolis,SC,37278
CLI000342,B2C,2025-02-19,influenciador,INF-202502,,,Sorocaba,SP,47715
CLI000343,B2C,2025-12-18,busca paga,SEA-202512,,,Jundiaí,SP,96936
CLI000344,B2C,2025-12-28,busca paga,SEA-202512,,,Caxias do Sul,RS,06496
CLI000345,B2C,2026-03-28,busca paga,SEA-202603,,,Piracicaba,SP,37521
CLI000346,B2C,2025-12-11,indicação,,,,Rio de Janeiro,RJ,94193
CLI000347,B2C,2025-03-27,social pago,SOC-202503,,,Pouso Alegre,MG,01756
CLI000348,B2C,2025-05-18,orgânico,,,,Petrópolis,RJ,54184
CLI000349,B2C,2025-02-01,busca paga,SEA-202502,,,Campinas,SP,37769
CLI000350,B2C,2025-06-11,influenciador,INF-202506,,,São Paulo,SP,06741
CLI000351,B2C,2026-05-14,social pago,SOC-202605,,,Campinas,SP,84811
CLI000352,B2C,2026-04-06,social pago,SOC-202604,,,Juiz de Fora,MG,49893
CLI000353,B2C,2025-05-11,social pago,SOC-202505,,,Americana,SP,48304
CLI000354,B2C,2025-10-03,indicação,,,,Bauru,SP,86504
CLI000355,B2C,2025-06-17,indicação,,,,Piracicaba,SP,42179
CLI000356,B2C,2026-01-04,social pago,SOC-202601,,,São Paulo,SP,52355
CLI000357,B2C,2025-04-22,orgânico,,,,Jundiaí,SP,26518
CLI000358,B2C,2026-03-17,CRM,,,,Campinas,SP,87565
CLI000359,B2C,2025-10-22,,SOC-202510,,,Uberaba,MG,29840
CLI000360,B2C,2025-03-10,influenciador,INF-202503,,,Cascavel,PR,55937
CLI000361,B2C,2025-12-11,social pago,SOC-202512,,,Bauru,SP,78717
CLI000362,B2C,2025-04-22,indicação,,,,São Paulo,SP,21438
CLI000363,B2C,2025-03-11,CRM,,,,Jundiaí,SP,90824
CLI000364,B2C,2025-05-29,busca paga,SEA-202505,,,Maringá,PR,51982
CLI000365,B2C,2025-12-27,orgânico,,,,Porto Alegre,RS,63092
CLI000366,B2C,2026-01-20,social pago,SOC-202601,,,São Paulo.,SP,09562
CLI000367,B2C,2026-01-18,influenciador,INF-202601,,,Uberaba,MG,11550
CLI000368,B2C,2026-02-28,social pago,SOC-202602,,,Caruaru,PE,97028
CLI000369,B2C,2026-05-24,influenciador,INF-202605,,,Jaboatão dos Guararapes,PE,22526
CLI000370,B2C,2025-01-08,CRM,,,,Cascavel,PR,04738
CLI000371,B2C,2025-07-19,orgânico,,,,Sorocaba,SP,49760
CLI000372,B2C,2025-04-27,orgânico,,,,Bauru,SP,56905
CLI000373,B2C,2025-03-14,orgânico,,,,Ribeirão Preto,SP,77461
CLI000374,B2C,2025-08-20,influenciador,INF-202508,,,São Paulo,SP,67360
CLI000375,B2C,2025-03-29,busca paga,SEA-202503,,,Bauru,SP,42447
CLI000376,B2C,2025-03-10,orgânico,,,,Jundiaí,SP,35606
CLI000377,B2C,2025-11-29,CRM,,,,Pouso Alegre,MG,24419
CLI000378,B2C,2026-03-22,orgânico,,,,Campinas,SP,91655
CLI000379,B2C,2025-03-26,busca paga,SEA-202503,,,Caruaru,PE,25849
CLI000380,B2C,2026-05-12,indicação,,,,Limeira,SP,18915
CLI000381,B2C,2025-08-21,busca paga,SEA-202508,,,Florianópolis,SC,25226
CLI000382,B2C,2025-12-15,orgânico,,,,Belo Horizonte,MG,49895
CLI000383,B2C,2025-08-29,social pago,SOC-202508,,,Ribeirão Preto,SP,07271
CLI000384,B2C,2026-04-24,orgânico,,,,São Paulo,SP,81960
CLI000385,B2C,2025-12-10,busca paga,SEA-202512,,,Londrina,PR,93115
CLI000386,B2C,2025-08-26,indicação,,,,Americana,SP,88952
CLI000387,B2C,2025-11-11,indicação,,,,Americana,SP,38897
CLI000388,B2C,2026-03-26,orgânico,,,,Pelotas,RS,71003
CLI000389,B2C,2025-05-18,CRM,,,,Uberaba,MG,59619
CLI000390,B2C,2026-02-06,orgânico,,,,Limeira,SP,64294
CLI000391,B2C,2025-03-21,orgânico,,,,Brasília,DF,94118
CLI000392,B2C,2025-03-01,busca paga,SEA-202503,,,Niterói,RJ,15902
CLI000393,B2C,2026-03-13,orgânico,,,,Ponta Grossa,PR,13122
CLI000394,B2C,2025-01-09,influenciador,INF-202501,,,Juiz de Fora,MG,73206
CLI000395,B2C,2025-08-14,indicação,,,,Recife,PE,50038
CLI000396,B2C,2026-01-04,busca paga,SEA-202601,,,Niterói,RJ,76667
CLI000397,B2C,2025-07-13,social pago,SOC-202507,,,Florianópolis,SC,80831
CLI000398,B2C,2025-09-14,busca paga,SEA-202509,,,Pouso Alegre,MG,76854
CLI000399,B2C,2025-05-05,influenciador,INF-202505,,,Maringá,PR,14739
CLI000400,B2C,2026-01-02,orgânico,,,,Juiz de Fora,MG,10991
CLI000401,B2C,2025-02-27,,,,,Bauru,SP,57523
CLI000402,B2C,2025-06-13,orgânico,,,,Americana,SP,87440
CLI000403,B2C,2025-06-09,influenciador,INF-202506,,,Maringá,PR,23261
CLI000404,B2C,2025-03-25,social pago,SOC-202503,,,Ribeirão Preto,SP,96488
CLI000405,B2C,2026-05-23,social pago,SOC-202605,,,Aparecida de Goiânia,GO,41944
CLI000406,B2C,2025-03-16,busca paga,SEA-202503,,,Americana,SP,53944
CLI000407,B2C,2025-12-21,busca paga,SEA-202512,,,Americana,SP,65164
CLI000408,B2C,2025-01-15,social pago,SOC-202501,,,Vitória da Conquista,BA,65155
CLI000409,B2C,2026-01-12,busca paga,SEA-202601,,,Limeira,SP,79723
CLI000410,B2C,2026-01-25,influenciador,INF-202601,,,Curitiba,PR,95388
CLI000411,B2C,2026-04-21,influenciador,INF-202604,,,Chapecó,SC,43975
CLI000412,B2C,2026-03-29,orgânico,,,,Vitória,ES,76223
CLI000413,B2C,2025-12-08,orgânico,,,,Americana,SP,56392
CLI000414,B2C,2025-02-09,CRM,,,,Niterói,RJ,76257
CLI000415,B2C,2025-07-30,indicação,,,,Canoas,RS,28390
CLI000416,B2C,2025-05-13,indicação,,,,Ribeirão Preto,SP,37334
CLI000417,B2C,2025-05-13,CRM,,,,São José dos Campos,SP,07639
CLI000418,B2C,2025-07-27,busca paga,SEA-202507,,,Ribeirão Preto,SP,42251
CLI000419,B2C,2025-08-30,busca paga,SEA-202508,,,Bauru,SP,29900
CLI000420,B2C,2026-02-19,orgânico,,,,Limeir,SP,45551
CLI000421,B2C,2025-09-08,indicação,,,,Blumenau,SC,09605
CLI000422,B2C,2026-05-09,influenciador,INF-202605,,,Canoas,RS,19930
CLI000423,B2C,2026-01-26,,,,,Americana,SP,95747
CLI000424,B2C,2025-05-14,social pago,SOC-202505,,,Rio de Janeir,RJ,31983
CLI000425,B2C,2025-01-30,busca paga,SEA-202501,,,São Paulo,SP,75708
CLI000426,B2C,2025-07-14,CRM,,,,Porto Alegre,RS,08131
CLI000427,B2C,2026-05-23,busca paga,SEA-202605,,,Feira de Santana,BA,93291
CLI000428,B2C,2025-11-28,orgânico,,,,Curitiba,PR,29905
CLI000429,B2C,2026-04-11,social pago,SOC-202604,,,Volta Redonda,RJ,93172
CLI000430,B2C,2025-12-29,social pago,SOC-202512,,,Porto Alegre.,RS,52988
CLI000431,B2C,2025-09-09,busca paga,SEA-202509,,,Sorocaba,SP,02994
CLI000432,B2C,2026-04-09,social pago,SOC-202604,,,Vitória da Conquista,BA,72299
CLI000433,B2C,2025-01-05,orgânico,,,,Rio de Janeiro,RJ,92093
CLI000434,B2C,2025-09-19,busca paga,SEA-202509,,,Rio de Janeiro,RJ,85116
CLI000435,B2C,2025-09-07,social pago,SOC-202509,,,Petrópolis,RJ,12038
CLI000436,B2C,2025-09-10,social pago,SOC-202509,,,Caucaia.,CE,34738
CLI000437,B2C,2025-06-25,busca paga,SEA-202506,,,Rio de Janeiro,RJ,85018
CLI000438,B2C,2026-05-21,busca paga,SEA-202605,,,Niterói,RJ,87265
CLI000439,B2C,2025-05-27,orgânico,,,,Petrópolis,RJ,37678
CLI000440,B2C,2025-06-12,,SOC-202506,,,Niterói,RJ,49661
CLI000441,B2C,2025-07-07,,SOC-202507,,,Petrópolis,RJ,40990
CLI000442,B2C,2025-04-25,orgânico,,,,São Paulo,SP,66146
CLI000443,B2C,2025-01-14,orgânico,,,,Cascavel,PR,42105
CLI000444,B2C,2026-05-02,influenciador,INF-202605,,,Piracicaba,SP,76789
CLI000445,B2C,2025-06-18,busca paga,SEA-202506,,,Piracicaba,SP,37480
CLI000446,B2C,2025-03-14,social pago,SOC-202503,,,Sorocaba,SP,31912
CLI000447,B2C,2025-06-04,social pago,SOC-202506,,,Sorocaba,SP,80611
CLI000448,B2C,2026-01-27,social pago,SOC-202601,,,Piracicaba Mun.,SP,68155
CLI000449,B2C,2026-04-29,social pago,SOC-202604,,,Cascavel,PR,44638
CLI000450,B2C,2025-09-03,social pago,SOC-202509,,,Porto Alegre,RS,76162
CLI000451,B2C,2025-07-21,busca paga,SEA-202507,,,Ribeirão Preto Mun.,SP,59952
CLI000452,B2C,2025-01-07,social pago,SOC-202501,,,Salvador,BA,89636
CLI000453,B2C,2025-10-02,CRM,,,,Recife,PE,79200
CLI000454,B2C,2025-03-21,orgânico,,,,Campina,SP,01829
CLI000455,B2C,2025-10-26,social pago,SOC-202510,,,Ribeirão Preto,SP,94759
CLI000456,B2C,2025-12-29,indicação,,,,Bauru.,SP,24225
CLI000457,B2C,2025-07-01,indicação,,,,Sorocaba,SP,25080
CLI000458,B2C,2025-04-27,orgânico,,,,Pelotas,RS,20911
CLI000459,B2C,2025-12-05,orgânico,,,,Ribeirão Preto,SP,03186
CLI000460,B2C,2025-06-01,,,,,Sorocaba,SP,75446
CLI000461,B2C,2026-03-16,indicação,,,,Belém,PA,50321
CLI000462,B2C,2026-01-26,indicação,,,,Maringá,PR,65503
CLI000463,B2C,2025-04-01,social pago,SOC-202504,,,Londrina,PR,10733
CLI000464,B2C,2025-10-19,influenciador,INF-202510,,,Limeira,SP,51641
CLI000465,B2C,2026-03-24,busca paga,SEA-202603,,,São Paulo,SP,57135
CLI000466,B2C,2025-10-16,orgânico,,,,Ponta Grossa,PR,28063
CLI000467,B2C,2026-04-26,influenciador,INF-202604,,,Jaboatão dos Guararapes,PE,24152
CLI000468,B2C,2025-03-11,indicação,,,,São José dos Campos,SP,42508
CLI000469,B2C,2025-12-09,busca paga,SEA-202512,,,Ribeirão Preto,SP,76709
CLI000470,B2C,2026-05-15,social pago,SOC-202605,,,Ribeirão Preto,SP,16787
CLI000471,B2C,2025-01-01,social pago,SOC-202501,,,São Paulo,SP,63936
CLI000472,B2C,2025-04-25,busca paga,SEA-202504,,,Limeira,SP,59352
CLI000473,B2C,2025-04-13,influenciador,INF-202504,,,Petrópolis,RJ,82056
CLI000474,B2C,2026-02-07,social pago,SOC-202602,,,Caruaru,PE,60064
CLI000475,B2C,2025-09-08,busca paga,SEA-202509,,,Uberaba,MG,39562
CLI000476,B2C,2026-05-22,orgânico,,,,Rio de Janeiro,RJ,18608
CLI000477,B2C,2025-12-11,,,,,Blumenau,SC,34951
CLI000478,B2C,2025-03-01,CRM,,,,Manaus,AM,75517
CLI000479,B2C,2026-04-03,influenciador,INF-202604,,,Florianópolis,SC,46924
CLI000480,B2C,2025-04-20,orgânico,,,,Salvador,BA,38368
CLI000481,B2C,2025-08-13,indicação,,,,Londrina,PR,52371
CLI000482,B2C,2025-02-19,social pago,SOC-202502,,,Uberaba,MG,30388
CLI000483,B2C,2025-08-14,orgânico,,,,Vitória da Conquista,BA,52241
CLI000484,B2C,2025-05-26,busca paga,SEA-202505,,,Uberaba,MG,20990
CLI000485,B2C,2025-12-02,,,,,Recife,PE,04102
CLI000486,B2C,2025-07-17,influenciador,INF-202507,,,Limeira,SP,98357
CLI000487,B2C,2025-09-05,orgânico,,,,Pouso Alegre,MG,51481
CLI000488,B2C,2025-10-02,orgânico,,,,Volta Redonda,RJ,97867
CLI000489,B2C,2026-05-20,influenciador,INF-202605,,,Americana,SP,79024
CLI000490,B2C,2026-03-29,influenciador,INF-202603,,,Bauru,SP,32358
CLI000491,B2C,2025-05-25,influenciador,INF-202505,,,Limeira,SP,78013
CLI000492,B2C,2025-12-07,social pago,SOC-202512,,,Florianópolis,SC,25445
CLI000493,B2C,2025-07-04,social pago,SOC-202507,,,Anápolis,GO,74893
CLI000494,B2C,2025-09-27,indicação,,,,Piracicaba,SP,91385
CLI000495,B2C,2025-04-10,orgânico,,,,Petrópolis,RJ,75038
CLI000496,B2C,2025-09-19,busca paga,SEA-202509,,,Chapecó.,SC,41698
CLI000497,B2C,2025-07-22,busca paga,SEA-202507,,,Jundiaí,SP,96504
CLI000498,B2C,2025-11-05,orgânico,,,,Londrin,PR,20116
CLI000499,B2C,2025-07-02,orgânico,,,,Recife,PE,51503
CLI000500,B2C,2025-08-24,influenciador,INF-202508,,,Petrópolis,RJ,12087
CLI000501,B2C,2026-01-30,social pago,SOC-202601,,,Jundiaí,SP,01706
CLI000502,B2C,2026-03-17,busca paga,SEA-202603,,,Pouso Alegre,MG,34662
CLI000503,B2C,2025-11-14,orgânico,,,,Salvador,BA,70461
CLI000504,B2C,2026-05-03,social pago,SOC-202605,,,Brasília Mun.,DF,05769
CLI000505,B2C,2025-10-28,busca paga,SEA-202510,,,Blumenau,SC,71159
CLI000506,B2C,2025-07-30,orgânico,,,,Bauru Mun.,SP,95975
CLI000507,B2C,2025-01-02,social pago,SOC-202501,,,Blumenau,SC,79627
CLI000508,B2C,2026-01-12,social pago,SOC-202601,,,Niterói,RJ,99413
CLI000509,B2C,2025-02-18,social pago,SOC-202502,,,Ribeirão Preto,SP,77925
CLI000510,B2C,2025-09-28,orgânico,,,,Porto Alegre Mun.,RS,60738
CLI000511,B2C,2025-10-14,orgânico,,,,Juiz de Fora,MG,05645
CLI000512,B2C,2026-02-18,social pago,SOC-202602,,,Caruaru,PE,81762
CLI000513,B2C,2025-10-19,orgânico,,,,Salvador,BA,61634
CLI000514,B2C,2025-02-14,influenciador,INF-202502,,,Juazeiro do Norte,CE,48622
CLI000515,B2C,2025-11-01,CRM,,,,Bauru,SP,65974
CLI000516,B2C,2025-08-15,busca paga,SEA-202508,,,Feira de Santana,BA,64227
CLI000517,B2C,2025-11-13,orgânico,,,,Canoas,RS,35811
CLI000518,B2C,2025-08-05,busca paga,SEA-202508,,,Bauru,SP,10757
CLI000519,B2C,2025-05-14,,SOC-202505,,,Porto Alegre,RS,60052
CLI000520,B2C,2026-01-06,busca paga,SEA-202601,,,Curitiba,PR,66730
CLI000521,B2C,2026-03-05,social pago,SOC-202603,,,Chapecó,SC,55140
CLI000522,B2C,2026-04-19,social pago,SOC-202604,,,São Paulo,SP,57652
CLI000523,B2C,2025-11-08,influenciador,INF-202511,,,Vitória,ES,54558
CLI000524,B2C,2025-10-12,CRM,,,,Florianópolis,SC,11938
CLI000525,B2C,2025-04-08,orgânico,,,,Caxias do Sul,RS,71425
CLI000526,B2C,2025-03-19,social pago,SOC-202503,,,Piracicaba,SP,06196
CLI000527,B2C,2025-08-31,busca paga,SEA-202508,,,Pouso Alegre,MG,97008
CLI000528,B2C,2025-09-18,busca paga,SEA-202509,,,Bauru,SP,48621
CLI000529,B2C,2026-03-17,busca paga,SEA-202603,,,Joinville.,SC,12887
CLI000530,B2C,2025-01-16,,SOC-202501,,,Feira de Santana,BA,13867
CLI000531,B2C,2026-05-13,social pago,SOC-202605,,,Bauru,SP,12838
CLI000532,B2C,2025-12-14,indicação,,,,Blumenau,SC,55194
CLI000533,B2C,2025-11-20,orgânico,,,,Campinas,SP,03379
CLI000534,B2C,2026-03-19,CRM,,,,Niterói,RJ,89209
CLI000535,B2C,2025-08-24,CRM,,,,Feira de Santana,BA,41070
CLI000536,B2C,2025-10-11,busca paga,SEA-202510,,,Juiz de Fora,MG,47096
CLI000537,B2C,2025-07-21,busca paga,SEA-202507,,,Bauru,SP,45732
CLI000538,B2C,2025-04-20,social pago,SOC-202504,,,Ribeirão Preto,SP,73993
CLI000539,B2C,2026-02-17,,SOC-202602,,,Ribeirão Preto,SP,14245
CLI000540,B2C,2025-03-09,orgânico,,,,Bauru,SP,39870
CLI000541,B2C,2025-11-29,influenciador,INF-202511,,,Florianópolis,SC,41449
CLI000542,B2C,2025-06-02,influenciador,INF-202506,,,Sorocaba,SP,26854
CLI000543,B2C,2025-08-13,influenciador,INF-202508,,,Piracicaba,SP,24651
CLI000544,B2C,2026-03-23,CRM,,,,Bauru,SP,54462
CLI000545,B2C,2026-03-11,busca paga,SEA-202603,,,São José dos Campos,SP,07531
CLI000546,B2C,2026-01-18,orgânico,,,,Maringá.,PR,37483
CLI000547,B2C,2026-01-18,social pago,SOC-202601,,,Jundiaí,SP,28941
CLI000548,B2C,2025-06-22,busca paga,SEA-202506,,,Contagem,MG,33971
CLI000549,B2C,2025-02-03,social pago,SOC-202502,,,Rondonópolis,MT,38501
CLI000550,B2C,2025-06-18,orgânico,,,,Petrópolis,RJ,43979
CLI000551,B2C,2026-04-21,social pago,SOC-202604,,,Petrópolis,RJ,15873
CLI000552,B2C,2025-02-09,orgânico,,,,Juazeiro do Norte Mun.,CE,19382
CLI000553,B2C,2026-06-13,busca paga,SEA-202606,,,Jundiaí,SP,61361
CLI000554,B2C,2026-03-01,social pago,SOC-202603,,,Ponta Grossa,PR,87851
CLI000555,B2C,2025-03-10,influenciador,INF-202503,,,Piracicaba,SP,37288
CLI000556,B2C,2026-03-11,CRM,,,,Curitiba,PR,82530
CLI000557,B2C,2026-04-29,social pago,SOC-202604,,,Limeira,SP,49745
CLI000558,B2C,2026-01-16,orgânico,,,,Salvador,BA,18286
CLI000559,B2C,2025-09-20,orgânico,,,,Belo Horizonte,MG,70172
CLI000560,B2C,2025-01-07,orgânico,,,,Juiz de Fora,MG,72275
CLI000561,B2C,2025-05-01,busca paga,SEA-202505,,,Juazeiro do Norte,CE,75149
CLI000562,B2C,2025-09-25,busca paga,SEA-202509,,,Anápolis,GO,70295
CLI000563,B2C,2025-02-21,indicação,,,,Londrina,PR,28077
CLI000564,B2C,2025-05-19,indicação,,,,Piracicaba,SP,62361
CLI000565,B2C,2026-02-06,social pago,SOC-202602,,,Campinas,SP,26952
CLI000566,B2C,2025-12-22,busca paga,SEA-202512,,,São Paulo,SP,75601
CLI000567,B2C,2026-06-06,busca paga,SEA-202606,,,Londrina,PR,33045
CLI000568,B2C,2026-03-31,busca paga,SEA-202603,,,Porto Alegre,RS,55897
CLI000569,B2C,2025-01-17,busca paga,SEA-202501,,,Curitiba,PR,87525
CLI000570,B2C,2025-05-27,social pago,SOC-202505,,,Pouso Alegre,MG,69062
CLI000571,B2C,2025-02-01,influenciador,INF-202502,,,Canoas,RS,45100
CLI000572,B2C,2025-10-22,social pago,SOC-202510,,,Uberlândia,MG,45334
CLI000573,B2C,2025-05-02,orgânico,,,,Porto Alegre,RS,87026
CLI000574,B2C,2025-06-17,social pago,SOC-202506,,,Joinville,SC,43570
CLI000575,B2C,2025-08-04,CRM,,,,Campo Grande.,MS,36076
CLI000576,B2C,2025-10-04,CRM,,,,Aparecida de Goiânia,GO,33044
CLI000577,B2C,2026-01-18,orgânico,,,,Caxias do Sul.,RS,53273
CLI000578,B2C,2025-12-24,orgânico,,,,Joinville,SC,75864
CLI000579,B2C,2025-03-22,social pago,SOC-202503,,,Piracicaba,SP,19822
CLI000580,B2C,2026-02-02,busca paga,SEA-202602,,,Vila Velha,ES,61793
CLI000581,B2C,2025-04-29,social pago,SOC-202504,,,Juiz de Fora,MG,43150
CLI000582,B2C,2025-01-13,social pago,SOC-202501,,,Blumenau,SC,55129
CLI000583,B2C,2025-04-26,social pago,SOC-202504,,,Caruaru,PE,62376
CLI000584,B2C,2025-05-30,orgânico,,,,São José dos Campos,SP,72157
CLI000585,B2C,2025-10-04,CRM,,,,Brasília,DF,03741
CLI000586,B2C,2025-03-28,orgânico,,,,Pouso Alegre,MG,36834
CLI000587,B2C,2025-08-07,indicação,,,,Americana,SP,43242
CLI000588,B2C,2025-07-07,,,,,Contagem,MG,12382
CLI000589,B2C,2025-08-12,influenciador,INF-202508,,,Chapecó,SC,02923
CLI000590,B2C,2025-12-08,busca paga,SEA-202512,,,Cascavel,PR,17551
CLI000591,B2C,2026-02-03,social pago,SOC-202602,,,Vila Velha,ES,08260
CLI000592,B2C,2025-12-14,social pago,SOC-202512,,,Salvador,BA,70582
CLI000593,B2C,2026-01-16,orgânico,,,,Belo Horizonte,MG,76802
CLI000594,B2C,2025-01-11,influenciador,INF-202501,,,Blumenau,SC,42585
CLI000595,B2C,2025-10-04,CRM,,,,São José dos Campos,SP,68614
CLI000596,B2C,2025-10-23,busca paga,SEA-202510,,,Sorocaba,SP,83164
CLI000597,B2C,2025-03-16,orgânico,,,,Santarém,PA,51614
CLI000598,B2C,2026-04-15,social pago,SOC-202604,,,Piracicaba,SP,16430
CLI000599,B2C,2025-12-17,busca paga,SEA-202512,,,Jundiaí,SP,85196
CLI000600,B2C,2026-04-28,influenciador,INF-202604,,,Petrópolis,RJ,69402
CLI000601,B2C,2026-03-02,influenciador,INF-202603,,,Niterói Mun.,RJ,28346
CLI000602,B2C,2025-12-30,busca paga,SEA-202512,,,Pouso Alegre,MG,16557
CLI000603,B2C,2025-02-27,indicação,,,,São Paulo,SP,07490
CLI000604,B2C,2026-03-19,influenciador,INF-202603,,,Caxias do Sul,RS,79642
CLI000605,B2C,2025-11-27,orgânico,,,,Santarém,PA,05336
CLI000606,B2C,2025-04-04,orgânico,,,,São José dos Campos,SP,54987
CLI000607,B2C,2026-02-17,busca paga,SEA-202602,,,Vitória da Conquista,BA,80430
CLI000608,B2C,2025-04-28,orgânico,,,,Uberaba,MG,57559
CLI000609,B2C,2025-02-05,social pago,SOC-202502,,,Recife,PE,86217
CLI000610,B2C,2025-05-02,influenciador,INF-202505,,,Jundiaí,SP,73363
CLI000611,B2C,2026-05-25,busca paga,SEA-202605,,,Vitória da Conquista,BA,42014
CLI000612,B2C,2026-05-19,orgânico,,,,Ribeirão Preto,SP,45577
CLI000613,B2C,2026-01-01,indicação,,,,Pouso Alegre,MG,80354
CLI000614,B2C,2026-04-30,influenciador,INF-202604,,,Americana,SP,45742
CLI000615,B2C,2025-08-18,social pago,SOC-202508,,,Pelotas,RS,35413
CLI000616,B2C,2026-05-06,social pago,SOC-202605,,,Uberlândia,MG,07740
CLI000617,B2C,2026-05-18,busca paga,SEA-202605,,,Pelotas,RS,29020
CLI000618,B2C,2025-10-15,social pago,SOC-202510,,,American,SP,80948
CLI000619,B2C,2025-11-24,orgânico,,,,Sorocaba,SP,83216
CLI000620,B2C,2025-03-08,orgânico,,,,Pouso Alegre,MG,06613
CLI000621,B2C,2025-02-24,orgânico,,,,Cascavel,PR,18929
CLI000622,B2C,2025-08-31,,SEA-202508,,,Goiânia,GO,91099
CLI000623,B2C,2026-01-18,indicação,,,,Bauru,SP,35116
CLI000624,B2C,2026-05-05,orgânico,,,,Dourados,MS,98285
CLI000625,B2C,2026-02-05,indicação,,,,Piracicaba,SP,79977
CLI000626,B2C,2025-06-24,indicação,,,,Limeira,SP,40972
CLI000627,B2C,2026-01-15,busca paga,SEA-202601,,,Dourados,MS,70547
CLI000628,B2C,2025-03-17,indicação,,,,Canoas,RS,10943
CLI000629,B2C,2025-04-26,indicação,,,,Petrópolis,RJ,12248
CLI000630,B2C,2026-02-19,orgânico,,,,Jaboatão dos Guararapes,PE,40316
CLI000631,B2C,2026-04-08,influenciador,INF-202604,,,Campinas,SP,92278
CLI000632,B2C,2026-03-27,busca paga,SEA-202603,,,Bauru,SP,79432
CLI000633,B2C,2025-07-21,busca paga,SEA-202507,,,Pouso Alegre,MG,48909
CLI000634,B2C,2026-04-08,influenciador,INF-202604,,,Niterói,RJ,44519
CLI000635,B2C,2025-04-13,influenciador,INF-202504,,,Manaus,AM,38757
CLI000636,B2C,2026-06-04,orgânico,,,,Pelotas,RS,10443
CLI000637,B2C,2025-12-28,busca paga,SEA-202512,,,Uberlândia,MG,82051
CLI000638,B2C,2025-05-18,orgânico,,,,Pouso Alegre,MG,39764
CLI000639,B2C,2025-12-20,busca paga,SEA-202512,,,Londrina,PR,32549
CLI000640,B2C,2026-05-14,influenciador,INF-202605,,,Londrina,PR,81719
CLI000641,B2C,2025-07-24,busca paga,SEA-202507,,,Americana,SP,32487
CLI000642,B2C,2026-04-25,orgânico,,,,Uberlândia,MG,63785
CLI000643,B2C,2026-04-10,,,,,Pelotas,RS,52117
CLI000644,B2C,2025-07-09,social pago,SOC-202507,,,Cuiabá,MT,94070
CLI000645,B2C,2025-02-26,indicação,,,,Piracicaba,SP,25250
CLI000646,B2C,2025-11-16,social pago,SOC-202511,,,São José dos Campos,SP,16927
CLI000647,B2C,2026-02-26,indicação,,,,Volta Redonda,RJ,55377
CLI000648,B2C,2025-10-08,influenciador,INF-202510,,,Campinas,SP,90254
CLI000649,B2C,2025-05-13,orgânico,,,,Londrina,PR,01626
CLI000650,B2C,2025-09-17,indicação,,,,Rio de Janeiro,RJ,10942
CLI000651,B2C,2025-05-15,orgânico,,,,Porto Alegre,RS,40449
CLI000652,B2C,2026-01-22,influenciador,INF-202601,,,Jaboatão dos Guararapes,PE,55423
CLI000653,B2C,2026-04-08,influenciador,INF-202604,,,Caxias do Sul,RS,82295
CLI000654,B2C,2025-09-04,busca paga,SEA-202509,,,Uberlândia,MG,71668
CLI000655,B2C,2025-07-04,social pago,SOC-202507,,,Jundiaí,SP,06284
CLI000656,B2C,2025-06-19,busca paga,SEA-202506,,,Petrópolis,RJ,18169
CLI000657,B2C,2025-08-11,indicação,,,,Bauru,SP,25428
CLI000658,B2C,2026-05-27,busca paga,SEA-202605,,,Blumenau,SC,12841
CLI000659,B2C,2025-04-24,orgânico,,,,Ponta Grossa,PR,10744
CLI000660,B2C,2026-01-29,busca paga,SEA-202601,,,Bauru,SP,10672
CLI000661,B2C,2025-11-11,busca paga,SEA-202511,,,Uberlândia,MG,24524
CLI000662,B2C,2025-01-22,,SEA-202501,,,São Paulo,SP,75512
CLI000663,B2C,2026-01-05,influenciador,INF-202601,,,Bauru,SP,15936
CLI000664,B2C,2025-10-01,busca paga,SEA-202510,,,Limeira,SP,93143
CLI000665,B2C,2025-09-18,indicação,,,,Salvador,BA,60158
CLI000666,B2C,2025-04-02,,,,,Londrina,PR,83111
CLI000667,B2C,2025-09-21,social pago,SOC-202509,,,Curitiba,PR,02951
CLI000668,B2C,2025-04-05,orgânico,,,,Ribeirão Preto,SP,32530
CLI000669,B2C,2026-01-08,influenciador,INF-202601,,,Feira de Santana,BA,88751
CLI000670,B2C,2026-06-05,busca paga,SEA-202606,,,São Paulo,SP,29212
CLI000671,B2C,2025-08-27,influenciador,INF-202508,,,Juiz de Fora,MG,51272
CLI000672,B2C,2025-05-12,busca paga,SEA-202505,,,Londrina,PR,93719
CLI000673,B2C,2025-06-20,busca paga,SEA-202506,,,São José dos Campos,SP,03885
CLI000674,B2C,2025-09-19,orgânico,,,,Porto Alegre,RS,49000
CLI000675,B2C,2026-04-17,influenciador,INF-202604,,,Bauru,SP,51518
CLI000676,B2C,2026-01-30,orgânico,,,,Uberlândia,MG,23542
CLI000677,B2C,2026-05-29,social pago,SOC-202605,,,Piracicaba,SP,29401
CLI000678,B2C,2025-12-09,CRM,,,,Chapecó,SC,82417
CLI000679,B2C,2025-12-15,social pago,SOC-202512,,,Ribeirão Preto,SP,35371
CLI000680,B2C,2025-02-06,orgânico,,,,Feira de Santana,BA,96087
CLI000681,B2C,2025-04-17,busca paga,SEA-202504,,,Blumenau,SC,41883
CLI000682,B2C,2025-12-02,orgânico,,,,Cascavel,PR,20067
CLI000683,B2C,2026-05-15,orgânico,,,,Ponta Grossa,PR,60386
CLI000684,B2C,2025-06-29,orgânico,,,,Sorocaba,SP,03018
CLI000685,B2C,2025-10-09,social pago,SOC-202510,,,Porto Alegre,RS,95719
CLI000686,B2C,2025-12-15,,INF-202512,,,Petrópolis,RJ,11866
CLI000687,B2C,2025-05-25,busca paga,SEA-202505,,,Curitiba,PR,07354
CLI000688,B2C,2026-01-03,busca paga,SEA-202601,,,Belo Horizonte,MG,96674
CLI000689,B2C,2026-05-26,social pago,SOC-202605,,,Brasília,DF,61564
CLI000690,B2C,2025-04-18,social pago,SOC-202504,,,Bauru.,SP,55120
CLI000691,B2C,2025-01-25,busca paga,SEA-202501,,,Canoas,RS,20626
CLI000692,B2C,2025-07-20,CRM,,,,São José dos Campos,SP,59741
CLI000693,B2C,2026-03-18,orgânico,,,,Pouso Alegre,MG,93503
CLI000694,B2C,2026-04-23,orgânico,,,,Cascavel,PR,49118
CLI000695,B2C,2025-03-22,orgânico,,,,Ribeirão Preto,SP,18512
CLI000696,B2C,2025-08-05,social pago,SOC-202508,,,São Paulo,SP,83919
CLI000697,B2C,2025-11-23,CRM,,,,Limeira,SP,70630
CLI000698,B2C,2026-01-14,orgânico,,,,Petrópolis,RJ,92667
CLI000699,B2C,2025-11-22,social pago,SOC-202511,,,Campinas,SP,18906
CLI000700,B2C,2026-02-08,social pago,SOC-202602,,,Ponta Grossa,PR,91928
CLI000701,B2C,2025-12-02,orgânico,,,,São José dos Campos,SP,73795
CLI000702,B2C,2025-05-05,indicação,,,,Uberlândia,MG,87767
CLI000703,B2C,2026-05-24,indicação,,,,Jaboatão dos Guararapes,PE,92716
CLI000704,B2C,2025-09-13,influenciador,INF-202509,,,Campinas,SP,77762
CLI000705,B2C,2026-03-17,social pago,SOC-202603,,,Canoa,RS,15955
CLI000706,B2C,2025-01-21,busca paga,SEA-202501,,,Sorocaba,SP,49558
CLI000707,B2C,2026-06-14,social pago,SOC-202606,,,Americana,SP,03163
CLI000708,B2C,2026-02-20,indicação,,,,Belém,PA,94246
CLI000709,B2C,2025-05-11,social pago,SOC-202505,,,Rio de Janeiro,RJ,33534
CLI000710,B2C,2025-08-30,busca paga,SEA-202508,,,Porto Alegr,RS,62353
CLI000711,B2C,2025-01-09,influenciador,INF-202501,,,Sorocaba,SP,81117
CLI000712,B2C,2025-05-14,social pago,SOC-202505,,,Caucaia,CE,18020
CLI000713,B2C,2025-12-02,indicação,,,,Rio de Janeiro,RJ,36360
CLI000714,B2C,2025-05-25,busca paga,SEA-202505,,,Campinas Mun.,SP,47294
CLI000715,B2C,2025-08-18,CRM,,,,São José dos Campos,SP,59852
CLI000716,B2C,2026-03-28,social pago,SOC-202603,,,Americana,SP,69112
CLI000717,B2C,2025-06-21,social pago,SOC-202506,,,Curitiba,PR,45903
CLI000718,B2C,2026-05-30,orgânico,,,,São José dos Campos Mun.,SP,12979
CLI000719,B2C,2025-02-13,CRM,,,,Rondonópolis,MT,92236
CLI000720,B2C,2025-11-10,indicação,,,,Salvador,BA,68296
CLI000721,B2C,2025-01-09,busca paga,SEA-202501,,,Piracicaba,SP,51819
CLI000722,B2C,2025-02-08,orgânico,,,,Brasília,DF,96621
CLI000723,B2C,2025-03-02,orgânico,,,,São José dos Campo,SP,88599
CLI000724,B2C,2026-06-03,busca paga,SEA-202606,,,Campinas,SP,50988
CLI000725,B2C,2026-06-15,social pago,SOC-202606,,,Sorocaba,SP,87078
CLI000726,B2C,2025-07-15,social pago,SOC-202507,,,Caxias do Sul,RS,54773
CLI000727,B2C,2026-03-01,social pago,SOC-202603,,,Vitória da Conquista,BA,46897
CLI000728,B2C,2025-08-06,,SOC-202508,,,Jundiaí,SP,40908
CLI000729,B2C,2026-04-17,indicação,,,,Brasília,DF,82864
CLI000730,B2C,2026-02-23,busca paga,SEA-202602,,,Volta Redonda,RJ,75700
CLI000731,B2C,2025-11-29,orgânico,,,,Cascavel,PR,67539
CLI000732,B2C,2025-07-03,social pago,SOC-202507,,,Piracicaba,SP,80723
CLI000733,B2C,2025-10-02,social pago,SOC-202510,,,Joinville,SC,71484
CLI000734,B2C,2026-04-27,social pago,SOC-202604,,,Volta Redonda,RJ,08775
CLI000735,B2C,2025-08-13,social pago,SOC-202508,,,Curitiba,PR,46510
CLI000736,B2C,2025-02-18,social pago,SOC-202502,,,Belo Horizonte,MG,39408
CLI000737,B2C,2026-04-22,busca paga,SEA-202604,,,Campo Grande,MS,38331
CLI000738,B2C,2026-06-06,social pago,SOC-202606,,,São Paulo,SP,94055
CLI000739,B2C,2025-02-12,influenciador,INF-202502,,,São José dos Campos,SP,42246
CLI000740,B2C,2025-08-06,orgânico,,,,Jundiaí,SP,57948
CLI000741,B2C,2025-12-16,orgânico,,,,Serra,ES,51852
CLI000742,B2C,2025-11-17,indicação,,,,Pouso Alegre,MG,71726
CLI000743,B2C,2025-01-29,busca paga,SEA-202501,,,Juazeiro do Norte,CE,99209
CLI000744,B2C,2025-03-20,orgânico,,,,São José dos Campos,SP,35033
CLI000745,B2C,2025-05-22,busca paga,SEA-202505,,,Uberaba,MG,69615
CLI000746,B2C,2025-11-13,influenciador,INF-202511,,,Blumena,SC,89389
CLI000747,B2C,2025-08-08,influenciador,INF-202508,,,São José dos Campos,SP,55645
CLI000748,B2C,2025-01-30,busca paga,SEA-202501,,,São José dos Campos,SP,89987
CLI000749,B2C,2025-08-17,busca paga,SEA-202508,,,Cascavel,PR,78222
CLI000750,B2C,2025-12-23,busca paga,SEA-202512,,,São Paulo,SP,71907
CLI000751,B2C,2026-02-16,social pago,SOC-202602,,,São Paulo,SP,30180
CLI000752,B2C,2025-04-21,orgânico,,,,São Paulo,SP,13206
CLI000753,B2C,2026-04-06,orgânico,,,,Pouso Alegre,MG,95553
CLI000754,B2C,2025-08-10,social pago,SOC-202508,,,Ponta Grossa,PR,38259
CLI000755,B2C,2025-01-11,busca paga,SEA-202501,,,Aparecida de Goiânia,GO,20018
CLI000756,B2C,2025-09-14,,,,,Bauru,SP,71533
CLI000757,B2C,2025-10-10,orgânico,,,,Niterói,RJ,11637
CLI000758,B2C,2026-03-15,orgânico,,,,Limeira,SP,52425
CLI000759,B2C,2026-02-03,busca paga,SEA-202602,,,Petrópolis,RJ,34948
CLI000760,B2C,2025-05-07,social pago,SOC-202505,,,Cascavel,PR,76727
CLI000761,B2C,2025-10-30,orgânico,,,,São Paulo,SP,87899
CLI000762,B2C,2025-03-07,busca paga,SEA-202503,,,Curitiba,PR,28725
CLI000763,B2C,2026-05-19,orgânico,,,,Pouso Alegre,MG,08248
CLI000764,B2C,2025-10-27,busca paga,SEA-202510,,,Piracicaba,SP,66415
CLI000765,B2C,2025-02-10,orgânico,,,,Campinas,SP,43562
CLI000766,B2C,2025-08-16,social pago,SOC-202508,,,Pouso Alegre,MG,40886
CLI000767,B2C,2026-03-23,social pago,SOC-202603,,,Pelotas,RS,96321
CLI000768,B2C,2026-01-18,social pago,SOC-202601,,,Serra,ES,58722
CLI000769,B2C,2025-09-11,CRM,,,,Uberlândia,MG,73794
CLI000770,B2C,2025-01-10,social pago,SOC-202501,,,Juiz de Fora,MG,62880
CLI000771,B2C,2025-08-06,social pago,SOC-202508,,,Pelotas,RS,62629
CLI000772,B2C,2025-04-23,,,,,São Paulo,SP,71328
CLI000773,B2C,2025-11-18,influenciador,INF-202511,,,Joinville,SC,05879
CLI000774,B2C,2025-01-17,orgânico,,,,Campinas,SP,02550
CLI000775,B2C,2025-03-27,social pago,SOC-202503,,,Piracicaba,SP,34249
CLI000776,B2C,2025-05-30,busca paga,SEA-202505,,,Limeira,SP,78638
CLI000777,B2C,2025-06-01,orgânico,,,,São Paulo,SP,60511
CLI000778,B2C,2025-06-27,,,,,Jundiaí,SP,38755
CLI000779,B2C,2026-01-26,social pago,SOC-202601,,,Caxias do Su,RS,65861
CLI000780,B2C,2026-04-29,influenciador,INF-202604,,,Curitiba,PR,34680
CLI000781,B2C,2025-05-20,social pago,SOC-202505,,,Porto Alegre,RS,63945
CLI000782,B2C,2025-08-02,indicação,,,,Porto Alegre,RS,67893
CLI000783,B2C,2026-06-15,social pago,SOC-202606,,,Maringá,PR,29219
CLI000784,B2C,2025-05-25,orgânico,,,,Ponta Grossa,PR,87147
CLI000785,B2C,2025-12-17,indicação,,,,Jundiaí,SP,08443
CLI000786,B2C,2025-05-26,orgânico,,,,São Paulo,SP,49660
CLI000787,B2C,2025-02-22,orgânico,,,,Fortaleza,CE,62272
CLI000788,B2C,2026-04-29,busca paga,SEA-202604,,,Limeira,SP,82902
CLI000789,B2C,2025-10-21,busca paga,SEA-202510,,,Salvador,BA,91950
CLI000790,B2C,2025-01-21,busca paga,SEA-202501,,,Maringá,PR,77478
CLI000791,B2C,2025-06-03,orgânico,,,,Sorocaba.,SP,29433
CLI000792,B2C,2025-11-11,orgânico,,,,Feira de Santana,BA,93176
CLI000793,B2C,2025-01-21,social pago,SOC-202501,,,Uberaba,MG,72191
CLI000794,B2C,2025-04-05,orgânico,,,,Canoas,RS,39416
CLI000795,B2C,2025-09-14,social pago,SOC-202509,,,Volta Redonda,RJ,40843
CLI000796,B2C,2026-04-10,orgânico,,,,Porto Alegre,RS,34164
CLI000797,B2C,2026-06-04,social pago,SOC-202606,,,Campina,SP,01636
CLI000798,B2C,2025-06-22,social pago,SOC-202506,,,Ribeirão Preto,SP,20442
CLI000799,B2C,2026-04-16,indicação,,,,Ponta Grossa,PR,63806
CLI000800,B2C,2026-05-07,orgânico,,,,Campinas Mun.,SP,68925
CLI000801,B2C,2025-11-27,influenciador,INF-202511,,,Campinas,SP,70815
CLI000802,B2C,2025-12-07,indicação,,,,São José dos Campos,SP,55173
CLI000803,B2C,2025-04-25,social pago,SOC-202504,,,Limeira,SP,21746
CLI000804,B2C,2025-06-07,busca paga,SEA-202506,,,Florianópolis,SC,39435
CLI000805,B2C,2025-10-16,orgânico,,,,Sorocaba,SP,32445
CLI000806,B2C,2026-02-12,social pago,SOC-202602,,,Campinas,SP,37660
CLI000807,B2C,2025-04-24,indicação,,,,Piracicaba,SP,90891
CLI000808,B2C,2026-06-13,social pago,SOC-202606,,,Contagem,MG,99658
CLI000809,B2C,2025-03-23,orgânico,,,,São José dos Campos,SP,86106
CLI000810,B2C,2026-02-04,social pago,SOC-202602,,,Sorocab,SP,56758
CLI000811,B2C,2025-06-29,influenciador,INF-202506,,,Ribeirão Preto,SP,34135
CLI000812,B2C,2025-11-30,,SEA-202511,,,Maring,PR,55393
CLI000813,B2C,2025-03-21,busca paga,SEA-202503,,,Uberaba,MG,56881
CLI000814,B2C,2025-03-20,busca paga,SEA-202503,,,Florianópolis,SC,90301
CLI000815,B2C,2025-11-19,indicação,,,,Joinville,SC,61134
CLI000816,B2C,2025-04-18,social pago,SOC-202504,,,Caxias do Sul,RS,12313
CLI000817,B2C,2026-03-09,busca paga,SEA-202603,,,Limeira,SP,27234
CLI000818,B2C,2026-05-03,orgânico,,,,Curitiba,PR,22439
CLI000819,B2C,2025-11-06,social pago,SOC-202511,,,Brasília,DF,39442
CLI000820,B2C,2026-04-10,busca paga,SEA-202604,,,Londrina,PR,62960
CLI000821,B2C,2025-08-18,orgânico,,,,Limeira,SP,81422
CLI000822,B2C,2026-01-10,influenciador,INF-202601,,,São José dos Campos,SP,74145
CLI000823,B2C,2025-04-15,orgânico,,,,Uberaba,MG,75280
CLI000824,B2C,2025-06-22,busca paga,SEA-202506,,,Limeira,SP,35115
CLI000825,B2C,2025-01-15,indicação,,,,Contagem,MG,17398
CLI000826,B2C,2026-03-19,orgânico,,,,Jundiaí,SP,72601
CLI000827,B2C,2026-01-09,social pago,SOC-202601,,,Piracicaba,SP,40776
CLI000828,B2C,2025-08-07,social pago,SOC-202508,,,Americana,SP,60556
CLI000829,B2C,2026-01-28,social pago,SOC-202601,,,Belo Horizonte,MG,47540
CLI000830,B2C,2025-07-15,social pago,SOC-202507,,,Contagem,MG,51020
CLI000831,B2C,2025-12-27,orgânico,,,,São Paulo,SP,05124
CLI000832,B2C,2026-03-11,influenciador,INF-202603,,,Limeira,SP,41372
CLI000833,B2C,2025-01-21,social pago,SOC-202501,,,Vitória,ES,97928
CLI000834,B2C,2025-05-15,busca paga,SEA-202505,,,Americana,SP,46515
CLI000835,B2C,2026-02-22,social pago,SOC-202602,,,Campinas,SP,62168
CLI000836,B2C,2025-08-30,busca paga,SEA-202508,,,Juazeiro do Norte,CE,17619
CLI000837,B2C,2025-03-01,busca paga,SEA-202503,,,Jundiaí,SP,54953
CLI000838,B2C,2025-12-04,orgânico,,,,Americana Mun.,SP,49655
CLI000839,B2C,2026-05-19,influenciador,INF-202605,,,Sorocaba,SP,85859
CLI000840,B2C,2026-06-13,influenciador,INF-202606,,,Bauru Mun.,SP,52251
CLI000841,B2C,2025-11-01,busca paga,SEA-202511,,,Recife,PE,11307
CLI000842,B2C,2026-05-11,influenciador,INF-202605,,,Limeira,SP,41032
CLI000843,B2C,2025-03-29,busca paga,SEA-202503,,,Uberlândia,MG,85605
CLI000844,B2C,2026-06-13,orgânico,,,,Curitiba,PR,15775
CLI000845,B2C,2025-08-07,busca paga,SEA-202508,,,Bauru,SP,61608
CLI000846,B2C,2025-11-18,orgânico,,,,Americana,SP,89688
CLI000847,B2C,2025-06-11,orgânico,,,,Belo Horizonte,MG,66264
CLI000848,B2C,2026-05-24,busca paga,SEA-202605,,,Chapecó,SC,30403
CLI000849,B2C,2026-05-12,CRM,,,,Florianópolis,SC,66247
CLI000850,B2C,2025-07-19,orgânico,,,,Ponta Grossa,PR,85611
CLI000851,B2C,2025-05-20,indicação,,,,Campinas,SP,04294
CLI000852,B2C,2026-02-01,influenciador,INF-202602,,,Maringá,PR,92057
CLI000853,B2C,2025-06-20,,SEA-202506,,,Sorocaba,SP,49380
CLI000854,B2C,2026-05-14,social pago,SOC-202605,,,Salvador,BA,35144
CLI000855,B2C,2025-07-09,influenciador,INF-202507,,,Contagem.,MG,02333
CLI000856,B2C,2026-01-08,orgânico,,,,Ponta Grossa,PR,19665
CLI000857,B2C,2025-04-09,busca paga,SEA-202504,,,Limeira,SP,81102
CLI000858,B2C,2025-09-20,orgânico,,,,São Paulo,SP,69359
CLI000859,B2C,2025-07-12,orgânico,,,,Brasília,DF,70662
CLI000860,B2C,2026-03-06,,SOC-202603,,,Ribeirão Preto,SP,08363
CLI000861,B2C,2025-12-01,influenciador,INF-202512,,,Curitiba,PR,80376
CLI000862,B2C,2026-05-18,busca paga,SEA-202605,,,São Paulo,SP,30445
CLI000863,B2C,2026-01-13,social pago,SOC-202601,,,Florianópolis,SC,08975
CLI000864,B2C,2026-02-24,social pago,SOC-202602,,,Americana,SP,11684
CLI000865,B2C,2025-12-09,CRM,,,,Sorocaba,SP,56525
CLI000866,B2C,2025-03-09,social pago,SOC-202503,,,Bauru,SP,79371
CLI000867,B2C,2026-04-06,social pago,SOC-202604,,,Ponta Grossa,PR,15853
CLI000868,B2C,2025-06-16,orgânico,,,,Jundiaí,SP,22249
CLI000869,B2C,2025-10-08,,,,,Ribeirão Preto,SP,98532
CLI000870,B2C,2026-02-27,influenciador,INF-202602,,,Cascavel,PR,63274
CLI000871,B2C,2025-10-31,social pago,SOC-202510,,,Niterói,RJ,86549
CLI000872,B2C,2025-11-24,busca paga,SEA-202511,,,São José dos Campos,SP,56051
CLI000873,B2C,2025-02-16,indicação,,,,Chapecó,SC,07410
CLI000874,B2C,2025-09-21,influenciador,INF-202509,,,Feira de Santana,BA,75473
CLI000875,B2C,2025-11-30,indicação,,,,Maringá,PR,99316
CLI000876,B2C,2026-04-09,influenciador,INF-202604,,,Londrina,PR,68072
CLI000877,B2C,2025-06-14,influenciador,INF-202506,,,Piracicaba,SP,21772
CLI000878,B2C,2025-09-05,CRM,,,,Ponta Grossa,PR,18545
CLI000879,B2C,2025-06-04,,INF-202506,,,Aparecida de Goiânia,GO,78090
CLI000880,B2C,2026-06-07,social pago,SOC-202606,,,Curitiba,PR,17341
CLI000881,B2C,2025-05-02,social pago,,,,Brasília,DF,98827
CLI000882,B2C,2025-12-07,CRM,,,,Serra,ES,54961
CLI000883,B2C,2025-10-29,indicação,,,,Piracicaba,SP,10016
CLI000884,B2C,2025-03-29,social pago,SOC-202503,,,Uberlândia,MG,67323
CLI000885,B2C,2025-05-21,indicação,,,,Ribeirão Preto,SP,35213
CLI000886,B2C,2026-03-27,influenciador,INF-202603,,,Vitória da Conquista,BA,73168
CLI000887,B2C,2026-02-02,orgânico,,,,Ribeirão Preto,SP,80994
CLI000888,B2C,2026-01-09,social pago,SOC-202601,,,Chapecó.,SC,61554
CLI000889,B2C,2025-06-08,orgânico,,,,Juiz de Fora,MG,28623
CLI000890,B2C,2025-04-02,CRM,,,,Uberaba,MG,09611
CLI000891,B2C,2025-07-22,CRM,,,,São Paulo,SP,63555
CLI000892,B2C,2025-02-26,orgânico,,,,Vitória da Conquista Mun.,BA,72518
CLI000893,B2C,2025-01-02,busca paga,SEA-202501,,,Goiânia,GO,95365
CLI000894,B2C,2025-08-20,social pago,SOC-202508,,,Rio de Janeiro,RJ,04047
CLI000895,B2C,2026-02-24,busca paga,SEA-202602,,,Sorocaba,SP,58273
CLI000896,B2C,2025-02-18,social pago,SOC-202502,,,Joinville,SC,65353
CLI000897,B2C,2025-03-19,influenciador,INF-202503,,,Porto Alegre,RS,52633
CLI000898,B2C,2025-02-18,social pago,SOC-202502,,,Uberlândia,MG,58934
CLI000899,B2C,2025-10-29,indicação,,,,Vitória Mun.,ES,18152
CLI000900,B2C,2026-05-16,influenciador,INF-202605,,,São José dos Campos,SP,29023
CLI000901,B2C,2025-08-15,orgânico,,,,Campinas,SP,03220
CLI000902,B2C,2025-12-03,orgânico,,,,São José dos Campos,SP,23777
CLI000903,B2C,2025-10-29,orgânico,,,,Niterói,RJ,84879
CLI000904,B2C,2025-01-14,indicação,,,,Niterói,RJ,39561
CLI000905,B2C,2026-03-06,orgânico,,,,Bauru,SP,20164
CLI000906,B2C,2025-10-10,indicação,,,,Recife,PE,53306
CLI000907,B2C,2025-03-15,orgânico,,,,Brasília,DF,93661
CLI000908,B2C,2025-08-13,social pago,SOC-202508,,,Bauru,SP,81566
CLI000909,B2C,2025-01-10,influenciador,INF-202501,,,Petrópolis,RJ,27290
CLI000910,B2C,2026-04-18,indicação,,,,Salvador,BA,24648
CLI000911,B2C,2025-12-20,orgânico,,,,Ribeirão Preto,SP,10938
CLI000912,B2C,2025-01-08,influenciador,INF-202501,,,Recife,PE,66163
CLI000913,B2C,2026-02-26,social pago,SOC-202602,,,Cascavel,PR,67771
CLI000914,B2C,2026-05-01,social pago,SOC-202605,,,Uberlândia,MG,86701
CLI000915,B2C,2025-05-22,busca paga,SEA-202505,,,Joinville,SC,57124
CLI000916,B2C,2026-06-11,orgânico,,,,São José dos Campos,SP,51876
CLI000917,B2C,2025-04-21,orgânico,,,,São Paulo,SP,93212
CLI000918,B2C,2026-03-16,busca paga,SEA-202603,,,Caxias do Su,RS,85127
CLI000919,B2C,2025-12-01,orgânico,,,,Bauru,SP,60872
CLI000920,B2C,2025-04-10,busca paga,SEA-202504,,,Ananindeua Mun.,PA,19422
CLI000921,B2C,2025-03-27,busca paga,SEA-202503,,,Curitiba,PR,64092
CLI000922,B2C,2026-04-04,influenciador,INF-202604,,,Anápolis,GO,05463
CLI000923,B2C,2025-05-25,social pago,SOC-202505,,,Contagem,MG,38135
CLI000924,B2C,2025-02-13,social pago,SOC-202502,,,Americana,SP,90491
CLI000925,B2C,2025-11-03,social pago,SOC-202511,,,Joinville,SC,57373
CLI000926,B2C,2025-03-28,orgânico,,,,Sorocaba,SP,12966
CLI000927,B2C,2025-10-14,busca paga,SEA-202510,,,Ponta Grossa,PR,87374
CLI000928,B2C,2025-12-30,busca paga,SEA-202512,,,Brasília,DF,99247
CLI000929,B2C,2025-07-03,social pago,SOC-202507,,,Curitiba,PR,55964
CLI000930,B2C,2025-03-28,influenciador,INF-202503,,,São José dos Campos,SP,27902
CLI000931,B2C,2026-05-24,social pago,SOC-202605,,,Piracicaba,SP,24913
CLI000932,B2C,2026-05-10,influenciador,INF-202605,,,Volta Redonda,RJ,35720
CLI000933,B2C,2025-04-15,busca paga,SEA-202504,,,Anápolis,GO,72787
CLI000934,B2C,2025-05-30,indicação,,,,São José dos Campos,SP,35528
CLI000935,B2C,2025-12-23,indicação,,,,Uberlândia,MG,17901
CLI000936,B2C,2025-06-07,busca paga,SEA-202506,,,Caxias do Sul,RS,32047
CLI000937,B2C,2025-07-10,indicação,,,,Campinas,SP,97429
CLI000938,B2C,2025-03-21,social pago,SOC-202503,,,Uberlândia,MG,36948
CLI000939,B2C,2026-02-07,influenciador,INF-202602,,,Florianópolis,SC,22190
CLI000940,B2C,2025-01-28,orgânico,,,,Jundiaí,SP,25447
CLI000941,B2C,2026-02-14,orgânico,,,,Rio de Janeiro,RJ,66138
CLI000942,B2C,2025-05-26,orgânico,,,,Santarém,PA,90250
CLI000943,B2C,2025-10-29,social pago,SOC-202510,,,Juiz de Fora,MG,02267
CLI000944,B2C,2026-05-21,influenciador,INF-202605,,,Maringá,PR,41878
CLI000945,B2C,2025-05-12,orgânico,,,,Americana,SP,54277
CLI000946,B2C,2026-03-02,indicação,,,,Santarém,PA,15459
CLI000947,B2C,2025-12-29,indicação,,,,Serra,ES,85480
CLI000948,B2C,2026-06-12,busca paga,SEA-202606,,,Bauru,SP,40052
CLI000949,B2C,2025-05-21,busca paga,SEA-202505,,,Jaboatão dos Guararapes,PE,44236
CLI000950,B2C,2026-03-18,busca paga,SEA-202603,,,Uberaba,MG,41687
CLI000951,B2C,2025-11-17,orgânico,,,,Limeira,SP,66279
CLI000952,B2C,2025-07-16,social pago,SOC-202507,,,Curitiba,PR,32773
CLI000953,B2C,2025-12-20,busca paga,SEA-202512,,,Niterói,RJ,69453
CLI000954,B2C,2026-02-26,influenciador,INF-202602,,,Caxias do Sul,RS,30796
CLI000955,B2C,2025-07-18,,INF-202507,,,Americana,SP,54289
CLI000956,B2C,2025-09-16,indicação,,,,Goiânia,GO,71639
CLI000957,B2C,2025-04-26,social pago,SOC-202504,,,Cascavel,PR,48359
CLI000958,B2C,2025-08-10,social pago,SOC-202508,,,Caucaia,CE,77257
CLI000959,B2C,2025-09-26,social pago,SOC-202509,,,Caruaru,PE,79416
CLI000960,B2C,2025-10-17,influenciador,INF-202510,,,Curitiba,PR,90721
CLI000961,B2C,2025-06-13,indicação,,,,Uberlândia,MG,45513
CLI000962,B2C,2026-01-01,indicação,,,,Fortaleza,CE,20558
CLI000963,B2C,2025-06-04,busca paga,SEA-202506,,,Campo Grande,MS,01224
CLI000964,B2C,2025-01-04,busca paga,SEA-202501,,,São Paulo,SP,72838
CLI000965,B2C,2026-01-04,influenciador,INF-202601,,,São José dos Campos,SP,46705
CLI000966,B2C,2025-01-15,orgânico,,,,Volta Redonda,RJ,18519
CLI000967,B2C,2025-02-11,influenciador,INF-202502,,,São José dos Campos,SP,36134
CLI000968,B2C,2025-07-05,social pago,SOC-202507,,,Americana,SP,35757
CLI000969,B2C,2025-08-17,busca paga,SEA-202508,,,Caruaru,PE,90940
CLI000970,B2C,2026-05-29,indicação,,,,São José dos Campos,SP,19224
CLI000971,B2C,2026-02-23,orgânico,,,,Belo Horizonte,MG,79299
CLI000972,B2C,2026-01-18,social pago,SOC-202601,,,Campinas,SP,28085
CLI000973,B2C,2025-01-11,social pago,SOC-202501,,,Ribeirão Preto,SP,63439
CLI000974,B2C,2025-11-03,social pago,SOC-202511,,,Campinas,SP,82284
CLI000975,B2C,2025-07-27,social pago,SOC-202507,,,Chapecó,SC,59073
CLI000976,B2C,2025-05-31,orgânico,,,,Piracicaba,SP,18871
CLI000977,B2C,2025-09-13,influenciador,INF-202509,,,Maring,PR,62018
CLI000978,B2C,2025-08-01,orgânico,,,,Goiânia Mun.,GO,35791
CLI000979,B2C,2026-05-20,orgânico,,,,Uberaba,MG,18230
CLI000980,B2C,2025-03-08,orgânico,,,,Piracicaba,SP,28399
CLI000981,B2C,2026-01-16,orgânico,,,,Salvador,BA,66740
CLI000982,B2C,2025-07-01,busca paga,SEA-202507,,,Limeira,SP,88523
CLI000983,B2C,2026-03-08,influenciador,INF-202603,,,Juiz de Fora,MG,19426
CLI000984,B2C,2026-01-06,busca paga,SEA-202601,,,Rio de Janeiro,RJ,42892
CLI000985,B2C,2026-03-25,orgânico,,,,Porto Alegre,RS,11731
CLI000986,B2C,2025-12-23,indicação,,,,Niterói,RJ,61307
CLI000987,B2C,2026-03-18,influenciador,INF-202603,,,Volta Redonda,RJ,26250
CLI000988,B2C,2025-07-19,,INF-202507,,,Belo Horizonte,MG,44149
CLI000989,B2C,2025-04-21,busca paga,SEA-202504,,,Niterói,RJ,28531
CLI000990,B2C,2025-11-26,orgânico,,,,Serra,ES,02780
CLI000991,B2C,2025-09-10,orgânico,,,,Recife,PE,35684
CLI000992,B2C,2026-05-01,social pago,SOC-202605,,,Chapecó,SC,25318
CLI000993,B2C,2025-11-25,indicação,,,,Piracicaba,SP,04878
CLI000994,B2C,2025-09-25,CRM,,,,Campinas,SP,95835
CLI000995,B2C,2025-01-06,orgânico,,,,Bauru,SP,47278
CLI000996,B2C,2026-04-24,orgânico,,,,Anápolis,GO,15255
CLI000997,B2C,2026-01-26,orgânico,,,,Limeira,SP,43259
CLI000998,B2C,2025-09-06,indicação,,,,Ribeirão Preto,SP,51510
CLI000999,B2C,2026-03-12,indicação,,,,Sorocaba,SP,76854
CLI001000,B2C,2026-02-05,influenciador,INF-202602,,,Serra,ES,14105
CLI001001,B2C,2025-09-05,indicação,,,,Juiz de Fora,MG,04651
CLI001002,B2C,2025-11-23,orgânico,,,,Piracicaba,SP,57360
CLI001003,B2C,2025-06-02,influenciador,INF-202506,,,Bauru,SP,83900
CLI001004,B2C,2026-05-17,influenciador,INF-202605,,,Limeira,SP,19555
CLI001005,B2C,2025-12-07,influenciador,INF-202512,,,Jundiaí,SP,45900
CLI001006,B2C,2025-12-22,busca paga,SEA-202512,,,Bauru,SP,52107
CLI001007,B2C,2025-08-19,influenciador,INF-202508,,,Brasília,DF,90846
CLI001008,B2C,2025-08-27,CRM,,,,Jaboatão dos Guararapes,PE,38981
CLI001009,B2C,2025-05-04,orgânico,,,,São José dos Campos,SP,81822
CLI001010,B2C,2026-04-27,influenciador,INF-202604,,,Ribeirão Preto,SP,58795
CLI001011,B2C,2025-07-13,busca paga,SEA-202507,,,Bauru,SP,88311
CLI001012,B2C,2025-04-28,busca paga,SEA-202504,,,São José dos Campos,SP,14403
CLI001013,B2C,2025-10-18,orgânico,,,,Vitória da Conquista,BA,09435
CLI001014,B2C,2025-03-04,,SOC-202503,,,Goiânia,GO,30513
CLI001015,B2C,2025-04-19,influenciador,INF-202504,,,Sorocaba Mun.,SP,21712
CLI001016,B2C,2026-03-10,busca paga,SEA-202603,,,Curitiba,PR,33283
CLI001017,B2C,2025-11-12,indicação,,,,Petrópolis,RJ,64990
CLI001018,B2C,2025-07-16,orgânico,,,,Campinas,SP,95619
CLI001019,B2C,2025-06-03,,,,,São Paulo,SP,42432
CLI001020,B2C,2025-01-12,indicação,,,,Belo Horizonte,MG,30521
CLI001021,B2C,2026-03-18,indicação,,,,Joinville,SC,09357
CLI001022,B2C,2025-09-17,CRM,,,,Ponta Grossa,PR,64782
CLI001023,B2C,2026-05-06,CRM,,,,Belo Horizonte,MG,35987
CLI001024,B2C,2026-02-22,social pago,SOC-202602,,,Jundia,SP,55804
CLI001025,B2C,2025-03-20,indicação,,,,Cascavel,PR,78781
CLI001026,B2C,2025-05-02,social pago,SOC-202505,,,Aparecida de Goiânia,GO,73926
CLI001027,B2C,2025-07-14,busca paga,SEA-202507,,,Curitiba,PR,58048
CLI001028,B2C,2025-10-19,busca paga,SEA-202510,,,Americana,SP,82458
CLI001029,B2C,2026-03-14,orgânico,,,,Sorocaba,SP,71687
CLI001030,B2C,2026-01-18,influenciador,INF-202601,,,Caruaru,PE,28702
CLI001031,B2C,2025-11-15,indicação,,,,São Paulo,SP,77272
CLI001032,B2C,2025-06-11,orgânico,,,,Cascavel,PR,83586
CLI001033,B2C,2025-07-13,social pago,SOC-202507,,,Pouso Alegre,MG,94082
CLI001034,B2C,2025-11-25,social pago,SOC-202511,,,Florianópolis,SC,67746
CLI001035,B2C,2025-12-21,indicação,,,,Jundiaí,SP,04901
CLI001036,B2C,2026-02-14,influenciador,INF-202602,,,Joinville,SC,12380
CLI001037,B2C,2026-03-30,influenciador,INF-202603,,,Canoas,RS,75114
CLI001038,B2C,2026-01-11,social pago,SOC-202601,,,Curitiba,PR,15444
CLI001039,B2C,2026-03-08,social pago,SOC-202603,,,Campinas Mun.,SP,51062
CLI001040,B2C,2025-05-02,influenciador,INF-202505,,,Aparecida de Goiânia,GO,77826
CLI001041,B2C,2025-04-20,busca paga,SEA-202504,,,Ribeirão Preto,SP,44034
CLI001042,B2C,2026-05-21,orgânico,,,,Curitiba,PR,06894
CLI001043,B2C,2025-06-28,indicação,,,,Caxias do Sul,RS,15558
CLI001044,B2C,2025-03-31,busca paga,SEA-202503,,,Belo Horizont,MG,56060
CLI001045,B2C,2026-03-31,influenciador,INF-202603,,,Limeira,SP,69480
CLI001046,B2C,2025-03-11,indicação,,,,Bauru,SP,33920
CLI001047,B2C,2026-01-18,social pago,SOC-202601,,,Americana,SP,69128
CLI001048,B2C,2025-04-20,influenciador,INF-202504,,,Joinville,SC,13478
CLI001049,B2C,2026-03-19,indicação,,,,Piracicaba,SP,87864
CLI001050,B2C,2025-07-22,busca paga,SEA-202507,,,Belo Horizonte,MG,41920
CLI001051,B2C,2025-05-09,social pago,SOC-202505,,,Jaboatão dos Guararapes,PE,58916
CLI001052,B2C,2026-02-09,CRM,,,,Limeira,SP,30853
CLI001053,B2C,2025-11-30,orgânico,,,,Canoas,RS,02675
CLI001054,B2C,2026-05-30,busca paga,SEA-202605,,,Americana,SP,44771
CLI001055,B2C,2025-08-23,social pago,SOC-202508,,,Brasília,DF,13793
CLI001056,B2C,2025-05-06,busca paga,SEA-202505,,,Londrina,PR,22631
CLI001057,B2C,2025-04-28,busca paga,SEA-202504,,,Serra,ES,72154
CLI001058,B2C,2025-02-03,orgânico,,,,Contagem,MG,42818
CLI001059,B2C,2025-03-13,influenciador,INF-202503,,,Anápolis,GO,87878
CLI001060,B2C,2026-04-02,influenciador,INF-202604,,,Campinas,SP,57716
CLI001061,B2C,2025-09-24,influenciador,INF-202509,,,Sorocaba,SP,12459
CLI001062,B2C,2026-03-08,social pago,SOC-202603,,,São Paulo,SP,90085
CLI001063,B2C,2025-04-28,indicação,,,,Goiânia,GO,87906
CLI001064,B2C,2025-11-27,indicação,,,,Sorocaba,SP,39101
CLI001065,B2C,2025-05-23,busca paga,SEA-202505,,,Cascavel,PR,20806
CLI001066,B2C,2025-03-16,orgânico,,,,Maringá,PR,05994
CLI001067,B2C,2025-11-29,orgânico,,,,Piracicaba,SP,19094
CLI001068,B2C,2025-08-14,indicação,,,,Jundiaí,SP,60450
CLI001069,B2C,2025-10-21,orgânico,,,,Piracicaba,SP,02887
CLI001070,B2C,2025-09-16,social pago,SOC-202509,,,Porto Alegre,RS,40033
CLI001071,B2C,2026-04-27,CRM,,,,Brasília,DF,86846
CLI001072,B2C,2025-08-05,social pago,SOC-202508,,,Ribeirão Preto,SP,41419
CLI001073,B2C,2025-09-07,orgânico,,,,Curitiba,PR,96914
CLI001074,B2C,2026-02-15,influenciador,INF-202602,,,Piracicaba,SP,69231
CLI001075,B2C,2025-12-23,busca paga,SEA-202512,,,Sorocaba,SP,71486
CLI001076,B2C,2026-06-11,indicação,,,,Curitiba,PR,94841
CLI001077,B2C,2025-11-07,busca paga,SEA-202511,,,Londrina,PR,80509
CLI001078,B2C,2025-04-03,social pago,SOC-202504,,,Jaboatão dos Guararapes,PE,77838
CLI001079,B2C,2026-06-06,social pago,SOC-202606,,,Bauru,SP,77533
CLI001080,B2C,2026-01-31,busca paga,SEA-202601,,,Jaboatão dos Guararapes,PE,53066
CLI001081,B2C,2025-05-23,orgânico,,,,Ananindeua,PA,08644
CLI001082,B2C,2025-10-13,orgânico,,,,Bauru,SP,28918
CLI001083,B2C,2025-07-25,orgânico,,,,Vitória Mun.,ES,84306
CLI001084,B2C,2025-08-18,busca paga,SEA-202508,,,Americana,SP,82391
CLI001085,B2C,2025-12-05,CRM,,,,Jundiaí,SP,95731
CLI001086,B2C,2025-05-08,,SOC-202505,,,Caxias do Sul,RS,63413
CLI001087,B2C,2025-07-29,orgânico,,,,Campinas,SP,88598
CLI001088,B2C,2025-04-10,social pago,SOC-202504,,,Fortaleza,CE,39974
CLI001089,B2C,2025-12-17,orgânico,,,,Volta Redonda,RJ,34950
CLI001090,B2C,2025-11-15,social pago,,,,Ribeirão Preto,SP,15612
CLI001091,B2C,2026-04-11,social pago,SOC-202604,,,Americana,SP,43587
CLI001092,B2C,2025-08-08,social pago,SOC-202508,,,Ribeirão Preto,SP,49974
CLI001093,B2C,2025-02-05,orgânico,,,,Cuiabá,MT,47672
CLI001094,B2C,2025-07-05,orgânico,,,,Uberlândia,MG,51093
CLI001095,B2C,2025-08-20,indicação,,,,Jundiaí,SP,50845
CLI001096,B2C,2025-11-30,orgânico,SOC-202511,,,Limeira,SP,21766
CLI001097,B2C,2026-03-20,influenciador,INF-202603,,,Campinas,SP,39504
CLI001098,B2C,2025-07-20,orgânico,,,,Londrina,PR,46445
CLI001099,B2C,2025-05-13,social pago,SOC-202505,,,Aparecida de Goiânia,GO,74539
CLI001100,B2C,2025-09-13,orgânico,,,,Salvador,BA,11444
CLI001101,B2C,2025-09-04,orgânico,,,,Aparecida de Goiânia,GO,76244
CLI001102,B2C,2025-01-29,,,,,Maring,PR,53031
CLI001103,B2C,2026-05-15,busca paga,SEA-202605,,,Limeira,SP,84318
CLI001104,B2C,2026-05-22,influenciador,INF-202605,,,Sorocaba,SP,91925
CLI001105,B2C,2026-03-28,influenciador,INF-202603,,,Ribeirão Preto,SP,56049
CLI001106,B2C,2026-03-29,orgânico,,,,Rio de Janeiro,RJ,73798
CLI001107,B2C,2026-06-04,social pago,SOC-202606,,,Cascavel,PR,72223
CLI001108,B2C,2025-01-02,orgânico,,,,São Paulo,SP,10922
CLI001109,B2C,2025-08-29,orgânico,,,,Canoas,RS,06507
CLI001110,B2C,2025-04-30,busca paga,SEA-202504,,,Campinas,SP,41992
CLI001111,B2C,2025-07-07,CRM,,,,Rio de Janeiro,RJ,51694
CLI001112,B2C,2025-10-14,social pago,SOC-202510,,,Pouso Alegre,MG,66485
CLI001113,B2C,2025-07-03,social pago,SOC-202507,,,Ribeirão Preto,SP,64553
CLI001114,B2C,2025-06-17,CRM,,,,Caxias do Sul,RS,21586
CLI001115,B2C,2025-04-25,orgânico,,,,Pelotas,RS,90289
CLI001116,B2C,2025-03-25,social pago,SOC-202503,,,Limeira,SP,85693
CLI001117,B2C,2026-03-02,busca paga,SEA-202603,,,Vila Velha,ES,72826
CLI001118,B2C,2025-06-25,social pago,SOC-202506,,,São Paulo,SP,26538
CLI001119,B2C,2025-06-30,social pago,SOC-202506,,,Cascavel,PR,75547
CLI001120,B2C,2026-06-12,orgânico,,,,Jundiaí,SP,66201
CLI001121,B2C,2025-12-07,orgânico,,,,Petrópolis,RJ,09982
CLI001122,B2C,2025-10-18,,INF-202510,,,Juiz de Fora,MG,52425
CLI001123,B2C,2025-01-02,indicação,,,,Vitória,ES,75444
CLI001124,B2C,2026-05-19,influenciador,INF-202605,,,Curitiba,PR,50100
CLI001125,B2C,2026-03-08,busca paga,SEA-202603,,,Curitiba,PR,33276
CLI001126,B2C,2025-07-17,social pago,SOC-202507,,,Ribeirão Preto,SP,35625
CLI001127,B2C,2025-12-11,CRM,,,,Campinas,SP,85659
CLI001128,B2C,2025-05-30,indicação,,,,Belo Horizonte,MG,78351
CLI001129,B2C,2026-01-29,social pago,SOC-202601,,,Uberaba,MG,46696
CLI001130,B2C,2025-04-27,influenciador,INF-202504,,,Americana,SP,06869
CLI001131,B2C,2025-04-24,,SOC-202504,,,Salvador,BA,87648
CLI001132,B2C,2025-02-15,social pago,SOC-202502,,,Americana,SP,08708
CLI001133,B2C,2026-01-21,CRM,,,,Limeira.,SP,23286
CLI001134,B2C,2026-02-27,social pago,SOC-202602,,,Niterói,RJ,69841
CLI001135,B2C,2025-09-12,CRM,,,,Piracicab,SP,57613
CLI001136,B2C,2025-03-06,indicação,,,,Campinas,SP,48873
CLI001137,B2C,2026-03-09,indicação,,,,Campinas,SP,11636
CLI001138,B2C,2025-04-14,busca paga,SEA-202504,,,Campinas,SP,17565
CLI001139,B2C,2025-08-24,CRM,,,,Recife Mun.,PE,95552
CLI001140,B2C,2025-11-13,social pago,SOC-202511,,,Limeira,SP,73200
CLI001141,B2C,2026-04-16,,SEA-202604,,,Uberaba,MG,67513
CLI001142,B2C,2025-12-06,orgânico,,,,Pelotas,RS,12719
CLI001143,B2C,2025-04-14,busca paga,SEA-202504,,,Campinas,SP,49422
CLI001144,B2C,2025-08-30,social pago,SOC-202508,,,São José dos Campos,SP,75189
CLI001145,B2C,2026-04-14,orgânico,,,,Pelotas,RS,03810
CLI001146,B2C,2025-05-27,busca paga,SEA-202505,,,Fortaleza,CE,81826
CLI001147,B2C,2026-03-30,social pago,SOC-202603,,,Londrina,PR,02585
CLI001148,B2C,2026-03-19,social pago,SOC-202603,,,Piracicaba,SP,61899
CLI001149,B2C,2025-03-29,orgânico,,,,São José dos Campos,SP,94890
CLI001150,B2C,2025-11-02,indicação,,,,Petrópolis,RJ,16457
CLI001151,B2C,2026-05-16,busca paga,SEA-202605,,,Cuiabá,MT,91118
CLI001152,B2C,2025-12-28,busca paga,SEA-202512,,,Vitória,ES,55556
CLI001153,B2C,2025-04-10,orgânico,,,,Bauru,SP,53117
CLI001154,B2C,2025-08-08,social pago,SOC-202508,,,Feira de Santana,BA,01005
CLI001155,B2C,2026-01-18,social pago,SOC-202601,,,Goiânia,GO,76922
CLI001156,B2C,2025-11-15,CRM,,,,Jundiaí,SP,86130
CLI001157,B2C,2025-04-10,orgânico,,,,São Paulo,SP,89918
CLI001158,B2C,2026-06-08,orgânico,,,,Americana,SP,05383
CLI001159,B2C,2025-12-22,CRM,,,,Pouso Alegre,MG,25266
CLI001160,B2C,2025-08-28,orgânico,,,,Pelotas,RS,23254
CLI001161,B2C,2025-01-31,orgânico,,,,Sorocaba,SP,30769
CLI001162,B2C,2025-12-02,CRM,,,,Limeira,SP,92082
CLI001163,B2C,2025-06-04,busca paga,SEA-202506,,,Piracicaba,SP,68640
CLI001164,B2C,2025-03-03,social pago,SOC-202503,,,Sorocaba,SP,94705
CLI001165,B2C,2025-05-02,orgânico,,,,Dourados,MS,06149
CLI001166,B2C,2025-04-22,social pago,SOC-202504,,,Campinas,SP,40507
CLI001167,B2C,2025-02-03,CRM,,,,Londrina,PR,48022
CLI001168,B2C,2025-01-01,orgânico,,,,São Paulo,SP,08243
CLI001169,B2C,2025-12-21,social pago,SOC-202512,,,Ponta Grossa,PR,63165
CLI001170,B2C,2026-05-05,social pago,SOC-202605,,,Recife Mun.,PE,12772
CLI001171,B2C,2025-06-13,indicação,,,,Petrópolis,RJ,15682
CLI001172,B2C,2025-08-10,CRM,,,,São José dos Campos,SP,13396
CLI001173,B2C,2026-04-15,orgânico,,,,Goiânia,GO,56454
CLI001174,B2C,2025-10-01,orgânico,,,,Jundiaí,SP,22225
CLI001175,B2C,2026-04-01,indicação,,,,Uberlândia,MG,98223
CLI001176,B2C,2025-12-24,orgânico,,,,Campinas,SP,69387
CLI001177,B2C,2025-09-10,influenciador,INF-202509,,,Jundiaí,SP,98247
CLI001178,B2C,2025-09-24,orgânico,,,,Cascavel,PR,99768
CLI001179,B2C,2025-09-19,social pago,SOC-202509,,,Niterói,RJ,17121
CLI001180,B2C,2025-10-28,orgânico,,,,Limeira,SP,27106
CLI001181,B2C,2025-05-25,social pago,SOC-202505,,,Sorocaba,SP,42410
CLI001182,B2C,2025-05-06,social pago,SOC-202505,,,Rio de Janeiro,RJ,10375
CLI001183,B2C,2025-12-08,social pago,SOC-202512,,,Uberlândia,MG,46482
CLI001184,B2C,2025-12-09,influenciador,INF-202512,,,Campinas,SP,03825
CLI001185,B2C,2025-01-31,social pago,SOC-202501,,,Jundiaí,SP,02727
CLI001186,B2C,2025-06-28,indicação,,,,Piracicaba,SP,40251
CLI001187,B2C,2025-11-01,social pago,SOC-202511,,,Pouso Alegre,MG,73725
CLI001188,B2C,2025-11-21,social pago,SOC-202511,,,Uberlândia,MG,64032
CLI001189,B2C,2025-07-08,influenciador,INF-202507,,,Bauru Mun.,SP,33620
CLI001190,B2C,2025-04-27,orgânico,,,,Sorocaba,SP,78478
CLI001191,B2C,2025-11-19,busca paga,SEA-202511,,,Ribeirão Preto,SP,71924
CLI001192,B2C,2025-12-01,indicação,,,,Campinas,SP,09046
CLI001193,B2C,2025-10-03,social pago,SOC-202510,,,Bauru,SP,63130
CLI001194,B2C,2026-03-30,busca paga,SEA-202603,,,Caxias do Sul,RS,88501
CLI001195,B2C,2025-06-09,CRM,,,,Jundiaí,SP,36307
CLI001196,B2C,2026-03-02,influenciador,INF-202603,,,Americana,SP,41866
CLI001197,B2C,2025-06-12,CRM,,,,Piracicaba,SP,79920
CLI001198,B2C,2026-01-28,social pago,SOC-202601,,,Americana,SP,73451
CLI001199,B2C,2025-08-17,busca paga,SEA-202508,,,Porto Alegre,RS,17462
CLI001200,B2C,2025-05-05,social pago,SOC-202505,,,Cascavel,PR,53759
CLI001201,B2C,2026-01-31,busca paga,SEA-202601,,,Bauru,SP,44486
CLI001202,B2C,2025-04-03,social pago,SOC-202504,,,Aparecida de Goiânia,GO,97559
CLI001203,B2C,2025-05-11,,SEA-202505,,,São Paulo,SP,95959
CLI001204,B2C,2025-09-01,CRM,,,,Juiz de Fora,MG,36012
CLI001205,B2C,2025-12-17,indicação,,,,Caxias do Sul,RS,26703
CLI001206,B2C,2026-05-18,orgânico,,,,Caucaia,CE,87569
CLI001207,B2C,2026-04-02,busca paga,SEA-202604,,,Curitiba,PR,31044
CLI001208,B2C,2025-11-19,influenciador,INF-202511,,,Jundiaí,SP,25603
CLI001209,B2C,2025-05-08,busca paga,SEA-202505,,,Feira de Santana,BA,60901
CLI001210,B2C,2026-03-18,influenciador,INF-202603,,,Jundiaí,SP,06261
CLI001211,B2C,2026-01-15,indicação,,,,Limeira,SP,06735
CLI001212,B2C,2026-04-03,orgânico,,,,Feira de Santana,BA,14905
CLI001213,B2C,2025-06-11,orgânico,,,,Ananindeua,PA,82734
CLI001214,B2C,2025-11-18,indicação,,,,Aparecida de Goiânia,GO,69786
CLI001215,B2C,2025-12-23,social pago,SOC-202512,,,Cascavel,PR,41525
CLI001216,B2C,2026-05-27,influenciador,INF-202605,,,Piracicaba,SP,52615
CLI001217,B2C,2026-05-12,social pago,SOC-202605,,,Feira de Santana,BA,80849
CLI001218,B2C,2025-05-03,CRM,,,,Belo Horizonte,MG,69821
CLI001219,B2C,2025-11-21,busca paga,SEA-202511,,,Curitiba,PR,02892
CLI001220,B2C,2025-03-14,influenciador,INF-202503,,,Cascavel,PR,48588
CLI001221,B2C,2025-02-14,orgânico,,,,Niterói,RJ,64578
CLI001222,B2C,2025-03-02,social pago,SOC-202503,,,Ribeirão Preto,SP,72884
CLI001223,B2C,2025-08-10,influenciador,INF-202508,,,Campinas,SP,49581
CLI001224,B2C,2026-04-19,influenciador,INF-202604,,,Niterói,RJ,85788
CLI001225,B2C,2025-03-03,busca paga,SEA-202503,,,Goiânia,GO,47033
CLI001226,B2C,2025-05-26,orgânico,,,,Salvador,BA,74216
CLI001227,B2C,2025-05-21,social pago,SOC-202505,,,Limeira,SP,32660
CLI001228,B2C,2025-10-26,social pago,SOC-202510,,,Americana,SP,04490
CLI001229,B2C,2025-02-28,orgânico,,,,Campinas,SP,90518
CLI001230,B2C,2025-08-18,busca paga,SEA-202508,,,Joinville,SC,95758
CLI001231,B2C,2026-05-08,CRM,,,,Ribeirão Preto,SP,18573
CLI001232,B2C,2025-03-26,busca paga,SEA-202503,,,Americana,SP,85349
CLI001233,B2C,2025-10-04,busca paga,SEA-202510,,,Limeira,SP,19496
CLI001234,B2C,2025-06-04,indicação,,,,Americana,SP,23206
CLI001235,B2C,2025-09-24,social pago,SOC-202509,,,Pouso Alegre,MG,04357
CLI001236,B2C,2025-11-23,orgânico,,,,Ribeirão Preto,SP,79133
CLI001237,B2C,2025-06-29,indicação,,,,Limeira,SP,26170
CLI001238,B2C,2026-05-21,social pago,SOC-202605,,,Volta Redonda.,RJ,53425
CLI001239,B2C,2025-03-14,busca paga,SEA-202503,,,Piracicaba.,SP,20958
CLI001240,B2C,2025-03-23,orgânico,,,,Porto Alegre,RS,69635
CLI001241,B2C,2025-10-16,orgânico,,,,São Paulo,SP,62247
CLI001242,B2C,2025-06-02,busca paga,SEA-202506,,,Serra,ES,41715
CLI001243,B2C,2025-10-06,social pago,SOC-202510,,,Maringá,PR,03155
CLI001244,B2C,2025-05-03,orgânico,,,,Uberlândia,MG,68292
CLI001245,B2C,2025-11-13,orgânico,,,,Sorocaba,SP,43179
CLI001246,B2C,2025-08-01,orgânico,,,,Americana,SP,32510
CLI001247,B2C,2026-01-12,influenciador,INF-202601,,,Londrina.,PR,67458
CLI001248,B2C,2026-05-13,social pago,SOC-202605,,,Campinas,SP,63231
CLI001249,B2C,2025-10-23,orgânico,,,,Jundiaí,SP,28552
CLI001250,B2C,2025-01-06,busca paga,SEA-202501,,,Campinas,SP,99138
CLI001251,B2C,2026-01-15,,SOC-202601,,,Uberlândia,MG,96453
CLI001252,B2C,2025-06-23,social pago,SOC-202506,,,Sorocaba,SP,91209
CLI001253,B2C,2026-02-08,social pago,SOC-202602,,,Londrina,PR,33803
CLI001254,B2C,2025-01-19,indicação,,,,Pouso Alegre,MG,32506
CLI001255,B2C,2026-03-30,busca paga,SEA-202603,,,Londrina,PR,14534
CLI001256,B2C,2026-05-09,influenciador,INF-202605,,,Porto Alegre,RS,09337
CLI001257,B2C,2026-03-12,,INF-202603,,,Volta Redonda,RJ,54194
CLI001258,B2C,2026-04-21,indicação,,,,São José dos Campos,SP,67822
CLI001259,B2C,2025-11-28,indicação,,,,Piracicaba,SP,82312
CLI001260,B2C,2026-04-17,,SEA-202604,,,Bauru,SP,69718
CLI001261,B2C,2025-04-13,,INF-202504,,,Limeira,SP,62494
CLI001262,B2C,2025-05-23,,,,,Porto Alegre,RS,51082
CLI001263,B2C,2026-01-25,orgânico,,,,Piracicaba,SP,67837
CLI001264,B2C,2025-08-15,orgânico,,,,Sorocaba,SP,67235
CLI001265,B2C,2025-04-20,social pago,SOC-202504,,,Americana,SP,48366
CLI001266,B2C,2025-05-07,orgânico,,,,Ribeirão Preto,SP,32042
CLI001267,B2C,2025-03-29,busca paga,SEA-202503,,,Chapecó,SC,84885
CLI001268,B2C,2025-01-09,influenciador,INF-202501,,,Uberlândia,MG,56421
CLI001269,B2C,2025-10-01,orgânico,,,,Ribeirão Preto,SP,76217
CLI001270,B2C,2026-05-08,social pago,SOC-202605,,,Limeira,SP,58764
CLI001271,B2C,2026-01-24,orgânico,,,,Uberaba,MG,90127
CLI001272,B2C,2025-02-04,busca paga,SEA-202502,,,Pouso Alegre,MG,42045
CLI001273,B2C,2026-05-31,orgânico,,,,Recife,PE,99233
CLI001274,B2C,2025-01-11,busca paga,SEA-202501,,,Cascavel,PR,64382
CLI001275,B2C,2025-04-24,orgânico,,,,Jundiaí,SP,02151
CLI001276,B2C,2025-04-23,busca paga,SEA-202504,,,São Paulo,SP,95634
CLI001277,B2C,2025-08-06,social pago,SOC-202508,,,Americana,SP,44998
CLI001278,B2C,2026-01-22,influenciador,INF-202601,,,São José dos Campos Mun.,SP,36106
CLI001279,B2C,2026-04-12,social pago,SOC-202604,,,Ribeirão Preto,SP,11353
CLI001280,B2C,2025-10-23,orgânico,,,,Blumenau,SC,02855
CLI001281,B2C,2025-10-12,CRM,,,,Jundiaí,SP,95569
CLI001282,B2C,2026-02-26,social pago,SOC-202602,,,Blumenau,SC,44388
CLI001283,B2C,2025-12-14,busca paga,SEA-202512,,,Ribeirão Preto,SP,91453
CLI001284,B2C,2025-08-24,orgânico,,,,Porto Alegre,RS,39493
CLI001285,B2C,2025-08-31,,SOC-202508,,,Uberaba,MG,42387
CLI001286,B2C,2026-04-18,busca paga,SEA-202604,,,Ribeirão Preto,SP,50421
CLI001287,B2C,2026-04-17,social pago,SOC-202604,,,Vila Velh,ES,49607
CLI001288,B2C,2025-03-26,,SEA-202503,,,Juiz de Fora,MG,53144
CLI001289,B2C,2025-10-04,busca paga,SEA-202510,,,Campinas,SP,84934
CLI001290,B2C,2026-06-06,busca paga,SEA-202606,,,São José dos Campos,SP,09810
CLI001291,B2C,2025-08-12,busca paga,SEA-202508,,,Sorocaba,SP,77462
CLI001292,B2C,2025-01-18,busca paga,SEA-202501,,,Salvador Mun.,BA,88937
CLI001293,B2C,2025-10-14,orgânico,,,,Jaboatão dos Guararapes,PE,35560
CLI001294,B2C,2025-01-31,orgânico,,,,São Paulo,SP,05715
CLI001295,B2C,2025-03-11,busca paga,SEA-202503,,,São José dos Campos,SP,71418
CLI001296,B2C,2025-08-01,social pago,SOC-202508,,,Belo Horizont,MG,16766
CLI001297,B2C,2025-01-13,busca paga,SEA-202501,,,Belo Horizonte,MG,32319
CLI001298,B2C,2025-10-30,busca paga,SEA-202510,,,Bauru,SP,95292
CLI001299,B2C,2025-04-03,indicação,,,,Campinas,SP,19288
CLI001300,B2C,2025-07-08,orgânico,,,,Piracicaba,SP,38504
CLI001301,B2C,2025-07-15,influenciador,INF-202507,,,Limeira,SP,76025
CLI001302,B2C,2025-03-14,busca paga,SEA-202503,,,Piracicaba,SP,95440
CLI001303,B2C,2025-08-19,busca paga,SEA-202508,,,Caruaru,PE,66897
CLI001304,B2C,2025-06-13,orgânico,,,,Vitória da Conquista,BA,61949
CLI001305,B2C,2025-05-03,influenciador,INF-202505,,,Londrina,PR,72232
CLI001306,B2C,2025-12-29,orgânico,,,,Uberlândia,MG,44543
CLI001307,B2C,2026-03-27,busca paga,SEA-202603,,,Anápolis,GO,93915
CLI001308,B2C,2025-09-29,social pago,SOC-202509,,,Ribeirão Preto,SP,97681
CLI001309,B2C,2025-10-05,orgânico,,,,Piracicaba,SP,76034
CLI001310,B2C,2025-08-12,orgânico,,,,Ponta Grossa.,PR,84895
CLI001311,B2C,2025-11-19,orgânico,,,,Cascavel,PR,38001
CLI001312,B2C,2025-06-04,busca paga,SEA-202506,,,Rondonópolis,MT,77348
CLI001313,B2C,2025-11-03,social pago,SOC-202511,,,Aparecida de Goiânia,GO,40926
CLI001314,B2C,2025-01-15,influenciador,INF-202501,,,São Paul,SP,13751
CLI001315,B2C,2025-12-27,indicação,,,,Canoas,RS,54770
CLI001316,B2C,2025-06-06,orgânico,,,,Ribeirão Preto,SP,15998
CLI001317,B2C,2025-09-26,social pago,SOC-202509,,,Blumenau,SC,62181
CLI001318,B2C,2026-02-20,influenciador,INF-202602,,,Londrina,PR,89357
CLI001319,B2C,2026-04-26,busca paga,SEA-202604,,,Florianópolis,SC,43032
CLI001320,B2C,2025-02-22,social pago,SOC-202502,,,Ribeirão Preto,SP,14060
CLI001321,B2C,2025-10-08,,,,,Rio de Janeiro,RJ,04833
CLI001322,B2C,2025-05-01,busca paga,SEA-202505,,,Limeira,SP,31151
CLI001323,B2C,2026-03-20,social pago,SOC-202603,,,Joinville,SC,99779
CLI001324,B2C,2026-02-18,CRM,,,,Contagem,MG,35729
CLI001325,B2C,2025-11-08,CRM,,,,Sorocaba,SP,83408
CLI001326,B2C,2025-10-13,orgânico,,,,Americana,SP,17972
CLI001327,B2C,2025-03-10,orgânico,,,,Volta Redonda,RJ,47650
CLI001328,B2C,2025-10-10,orgânico,,,,Chapecó,SC,41512
CLI001329,B2C,2025-10-08,orgânico,,,,Americana,SP,28203
CLI001330,B2C,2026-05-16,busca paga,SEA-202605,,,Piracicaba.,SP,95842
CLI001331,B2C,2025-04-21,,,,,Petrópolis,RJ,01757
CLI001332,B2C,2025-10-01,influenciador,INF-202510,,,Sorocaba,SP,74978
CLI001333,B2C,2026-02-27,influenciador,INF-202602,,,Uberlândia,MG,19402
CLI001334,B2C,2026-02-11,orgânico,,,,Belo Horizonte,MG,45098
CLI001335,B2C,2026-02-18,busca paga,SEA-202602,,,Piracicaba,SP,64137
CLI001336,B2C,2026-03-15,social pago,SOC-202603,,,Bauru,SP,45154
CLI001337,B2C,2026-05-17,orgânico,,,,Uberaba,MG,65037
CLI001338,B2C,2025-12-20,orgânico,,,,Rio de Janeiro,RJ,36190
CLI001339,B2C,2026-05-17,social pago,SOC-202605,,,Uberlândia,MG,19743
CLI001340,B2C,2025-12-13,indicação,,,,Salvador,BA,26089
CLI001341,B2C,2025-10-03,social pago,SOC-202510,,,Limeira,SP,93696
CLI001342,B2C,2025-09-08,CRM,,,,Londrina,PR,53186
CLI001343,B2C,2025-01-18,orgânico,,,,Pouso Alegre,MG,78035
CLI001344,B2C,2026-03-01,busca paga,SEA-202603,,,Ribeirão Preto,SP,27304
CLI001345,B2C,2025-01-23,social pago,SOC-202501,,,Sorocaba,SP,12022
CLI001346,B2C,2025-01-14,orgânico,,,,Pelotas,RS,91446
CLI001347,B2C,2026-04-28,influenciador,INF-202604,,,Belo Horizonte,MG,32783
CLI001348,B2C,2025-04-22,busca paga,SEA-202504,,,Petrópolis,RJ,01840
CLI001349,B2C,2025-09-27,indicação,,,,Bauru,SP,43472
CLI001350,B2C,2025-02-05,influenciador,INF-202502,,,Cuiabá,MT,77787
CLI001351,B2C,2025-06-02,busca paga,SEA-202506,,,Maringá,PR,03456
CLI001352,B2C,2025-09-03,social pago,SOC-202509,,,Limeira,SP,46953
CLI001353,B2C,2026-05-09,influenciador,INF-202605,,,Americana,SP,19490
CLI001354,B2C,2026-03-23,orgânico,,,,Porto Alegre,RS,53485
CLI001355,B2C,2025-09-30,social pago,SOC-202509,,,Salvador,BA,71974
CLI001356,B2C,2025-04-02,,,,,Feira de Santana,BA,30149
CLI001357,B2C,2025-08-09,orgânico,,,,Florianópolis,SC,25991
CLI001358,B2C,2025-12-24,orgânico,,,,Pelotas,RS,37617
CLI001359,B2C,2025-12-04,indicação,,,,Sorocaba,SP,42173
CLI001360,B2C,2025-11-29,orgânico,,,,Rio de Janeiro,RJ,55930
CLI001361,B2C,2026-03-07,orgânico,,,,Pouso Alegre Mun.,MG,18731
CLI001362,B2C,2026-01-23,influenciador,INF-202601,,,Florianópolis,SC,91960
CLI001363,B2C,2026-01-26,busca paga,SEA-202601,,,Chapecó,SC,23828
CLI001364,B2C,2026-06-05,indicação,,,,São José dos Campos,SP,23320
CLI001365,B2C,2025-03-29,orgânico,,,,Campinas,SP,54613
CLI001366,B2C,2025-05-19,orgânico,,,,Caruaru,PE,94754
CLI001367,B2C,2026-06-02,busca paga,SEA-202606,,,Vila Velha,ES,30318
CLI001368,B2C,2026-03-27,indicação,,,,Piracicaba,SP,83714
CLI001369,B2C,2025-07-15,indicação,,,,Joinville,SC,09158
CLI001370,B2C,2026-05-05,social pago,SOC-202605,,,Bauru,SP,66753
CLI001371,B2C,2025-01-02,indicação,,,,Ribeirão Preto,SP,50236
CLI001372,B2C,2025-02-09,CRM,,,,Americana,SP,67979
CLI001373,B2C,2025-03-10,social pago,SOC-202503,,,São José dos Campos,SP,29348
CLI001374,B2C,2026-02-14,influenciador,INF-202602,,,Campo Grande,MS,05183
CLI001375,B2C,2025-02-25,indicação,,,,Campinas,SP,40093
CLI001376,B2C,2026-01-27,influenciador,INF-202601,,,São Paulo,SP,28344
CLI001377,B2C,2026-04-13,busca paga,SEA-202604,,,Londrina,PR,52702
CLI001378,B2C,2025-04-16,orgânico,,,,Campinas,SP,24921
CLI001379,B2C,2025-01-17,orgânico,,,,Caxias do Sul,RS,43265
CLI001380,B2C,2025-03-28,indicação,,,,Americana.,SP,32579
CLI001381,B2C,2026-06-04,indicação,,,,Americana,SP,25223
CLI001382,B2C,2025-06-10,influenciador,INF-202506,,,Joinville,SC,83376
CLI001383,B2C,2025-07-07,indicação,,,,Jundiaí,SP,74481
CLI001384,B2C,2025-04-26,orgânico,,,,Campinas Mun.,SP,54700
CLI001385,B2C,2025-06-18,orgânico,,,,Goiânia,GO,08138
CLI001386,B2C,2025-12-28,orgânico,,,,Jaboatão dos Guararapes,PE,22050
CLI001387,B2C,2025-07-26,influenciador,INF-202507,,,Brasília,DF,45166
CLI001388,B2C,2025-12-17,orgânico,,,,Ponta Grossa,PR,88618
CLI001389,B2C,2025-12-18,,,,,Bauru,SP,86231
CLI001390,B2C,2025-12-02,orgânico,,,,São Paulo,SP,25755
CLI001391,B2C,2026-06-12,social pago,SOC-202606,,,Volta Redonda,RJ,92856
CLI001392,B2C,2025-06-08,orgânico,,,,São Paulo,SP,74422
CLI001393,B2C,2025-03-16,indicação,,,,Limeira,SP,35725
CLI001394,B2C,2025-09-13,busca paga,SEA-202509,,,Londrina,PR,45820
CLI001395,B2C,2025-04-08,social pago,SOC-202504,,,Cascavel,PR,94503
CLI001396,B2C,2025-03-26,orgânico,,,,Petrópolis,RJ,29073
CLI001397,B2C,2025-11-23,indicação,,,,Pelotas,RS,86028
CLI001398,B2C,2025-02-11,CRM,,,,Ribeirão Preto,SP,64319
CLI001399,B2C,2025-08-05,orgânico,,,,Ribeirão Preto,SP,34639
CLI001400,B2C,2026-05-03,CRM,,,,Contagem,MG,90927
CLI001401,B2C,2025-11-18,influenciador,INF-202511,,,Fortaleza,CE,08037
CLI001402,B2C,2025-01-19,busca paga,SEA-202501,,,Sorocab,SP,74659
CLI001403,B2C,2025-10-11,,,,,Bauru,SP,99098
CLI001404,B2C,2026-05-09,social pago,SOC-202605,,,Aparecida de Goiânia,GO,52599
CLI001405,B2C,2026-01-10,social pago,SOC-202601,,,Ponta Grossa,PR,53764
CLI001406,B2C,2026-02-20,orgânico,,,,Juiz de Fora,MG,06800
CLI001407,B2C,2025-12-24,indicação,,,,Curitiba,PR,81491
CLI001408,B2C,2025-04-23,indicação,,,,Maringá,PR,37780
CLI001409,B2C,2026-04-26,influenciador,INF-202604,,,Joinville,SC,67403
CLI001410,B2C,2026-05-23,busca paga,SEA-202605,,,Rio de Janeiro,RJ,11045
CLI001411,B2C,2025-10-11,orgânico,,,,Caxias do Sul,RS,88228
CLI001412,B2C,2025-12-02,social pago,SOC-202512,,,Campinas,SP,40992
CLI001413,B2C,2026-02-02,influenciador,INF-202602,,,Juiz de Fora,MG,49169
CLI001414,B2C,2026-04-30,busca paga,SEA-202604,,,Porto Alegre,RS,94040
CLI001415,B2C,2025-01-26,social pago,SOC-202501,,,Salvador,BA,09065
CLI001416,B2C,2026-02-16,influenciador,INF-202602,,,Jundiaí,SP,16478
CLI001417,B2C,2025-06-23,CRM,,,,Piracicaba,SP,80663
CLI001418,B2C,2025-03-24,busca paga,SEA-202503,,,Sorocaba,SP,05749
CLI001419,B2C,2025-01-07,influenciador,INF-202501,,,São Paulo,SP,71218
CLI001420,B2C,2026-03-21,orgânico,,,,Piracicaba,SP,81635
CLI001421,B2C,2026-01-30,orgânico,,,,Ribeirão Preto,SP,46961
CLI001422,B2C,2025-11-29,busca paga,SEA-202511,,,Americana,SP,79308
CLI001423,B2C,2026-05-19,social pago,SOC-202605,,,São Paulo,SP,22381
CLI001424,B2C,2026-05-21,influenciador,INF-202605,,,Limeir,SP,39043
CLI001425,B2C,2025-07-11,busca paga,SEA-202507,,,Uberaba,MG,52959
CLI001426,B2C,2025-12-14,CRM,,,,Ribeirão Preto,SP,51811
CLI001427,B2C,2026-05-07,social pago,SOC-202605,,,Caxias do Sul,RS,45703
CLI001428,B2C,2026-04-03,social pago,SOC-202604,,,Limeira,SP,78413
CLI001429,B2C,2025-05-08,busca paga,SEA-202505,,,Londrina,PR,12403
CLI001430,B2C,2025-05-02,CRM,,,,Anápolis,GO,57389
CLI001431,B2C,2026-02-16,social pago,SOC-202602,,,Limeira,SP,99693
CLI001432,B2C,2025-02-14,orgânico,,,,Limeira,SP,27834
CLI001433,B2C,2025-08-12,orgânico,,,,Santarém.,PA,03085
CLI001434,B2C,2026-03-20,busca paga,SEA-202603,,,Bauru,SP,61268
CLI001435,B2C,2025-07-07,social pago,SOC-202507,,,Campinas,SP,47302
CLI001436,B2C,2025-01-21,orgânico,,,,Contagem,MG,30157
CLI001437,B2C,2025-09-20,orgânico,,,,Campinas,SP,56987
CLI001438,B2C,2026-05-15,social pago,SOC-202605,,,Volta Redonda,RJ,27035
CLI001439,B2C,2025-02-12,busca paga,SEA-202502,,,Americana,SP,28255
CLI001440,B2C,2025-05-15,social pago,SOC-202505,,,Porto Alegre,RS,13232
CLI001441,B2C,2026-02-19,,INF-202602,,,Londrina,PR,88125
CLI001442,B2C,2025-02-09,social pago,SOC-202502,,,Canoas,RS,51165
CLI001443,B2C,2025-09-08,,SOC-202509,,,Belé,PA,68039
CLI001444,B2C,2026-01-21,orgânico,,,,Rondonópolis,MT,68618
CLI001445,B2C,2025-08-26,orgânico,,,,Contagem,MG,56183
CLI001446,B2C,2025-03-16,social pago,SOC-202503,,,Salvador,BA,64446
CLI001447,B2C,2025-09-21,indicação,,,,Pouso Alegre,MG,30210
CLI001448,B2C,2026-06-08,social pago,SOC-202606,,,Juiz de For,MG,56593
CLI001449,B2C,2025-04-11,social pago,SOC-202504,,,Volta Redonda.,RJ,25336
CLI001450,B2C,2026-06-06,indicação,,,,Volta Redonda,RJ,74969
CLI001451,B2C,2025-06-01,indicação,,,,Recife,PE,23558
CLI001452,B2C,2025-01-04,busca paga,SEA-202501,,,Contagem,MG,14207
CLI001453,B2C,2026-04-24,influenciador,INF-202604,,,Campinas,SP,27776
CLI001454,B2C,2025-07-22,busca paga,SEA-202507,,,São Paulo,SP,36517
CLI001455,B2C,2026-03-29,social pago,SOC-202603,,,Niterói,RJ,58857
CLI001456,B2C,2025-06-15,indicação,,,,Vitória da Conquista,BA,62402
CLI001457,B2C,2025-06-06,CRM,,,,Joinville,SC,83032
CLI001458,B2C,2026-03-21,busca paga,SEA-202603,,,Piracicaba,SP,85285
CLI001459,B2C,2025-04-29,indicação,,,,Fortaleza,CE,87992
CLI001460,B2C,2026-01-03,influenciador,INF-202601,,,Sorocaba,SP,72081
CLI001461,B2C,2025-01-07,CRM,,,,Americana,SP,99899
CLI001462,B2C,2025-09-20,social pago,SOC-202509,,,Pouso Alegre,MG,71578
CLI001463,B2C,2026-05-29,social pago,SOC-202605,,,São Paulo,SP,89287
CLI001464,B2C,2025-01-04,social pago,SOC-202501,,,Porto Alegre.,RS,89948
CLI001465,B2C,2025-10-12,influenciador,,,,Feira de Santana,BA,61018
CLI001466,B2C,2025-12-30,indicação,,,,Bauru,SP,21946
CLI001467,B2C,2026-05-31,influenciador,INF-202605,,,Campinas,SP,73905
CLI001468,B2C,2025-11-20,busca paga,SEA-202511,,,Fortaleza,CE,68305
CLI001469,B2C,2025-05-22,CRM,,,,Vila Velha,ES,97251
CLI001470,B2C,2025-04-18,orgânico,,,,Caucaia.,CE,70063
CLI001471,B2C,2025-11-05,social pago,SOC-202511,,,Bauru,SP,37085
CLI001472,B2C,2025-04-30,social pago,SOC-202504,,,Goiânia,GO,13467
CLI001473,B2C,2025-01-27,orgânico,,,,Bauru,SP,10305
CLI001474,B2C,2026-04-21,,SOC-202604,,,Piracicab,SP,14393
CLI001475,B2C,2026-05-24,busca paga,SEA-202605,,,Ribeirão Preto Mun.,SP,12092
CLI001476,B2C,2025-07-07,busca paga,SEA-202507,,,Maring,PR,73854
CLI001477,B2C,2026-04-22,social pago,SOC-202604,,,São Paulo,SP,51949
CLI001478,B2C,2025-02-25,orgânico,,,,Cascavel,PR,18460
CLI001479,B2C,2025-08-22,orgânico,,,,Volta Redonda,RJ,85368
CLI001480,B2C,2025-09-15,influenciador,INF-202509,,,Caruaru,PE,59200
CLI001481,B2C,2025-10-30,CRM,,,,Juiz de Fora Mun.,MG,70983
CLI001482,B2C,2026-01-20,social pago,SOC-202601,,,Sorocaba,SP,39951
CLI001483,B2C,2026-05-23,indicação,,,,Canoas,RS,41219
CLI001484,B2C,2026-03-22,social pago,SOC-202603,,,São Paulo,SP,65786
CLI001485,B2C,2025-02-21,busca paga,SEA-202502,,,São Paulo,SP,24535
CLI001486,B2C,2025-06-01,CRM,,,,Vitória da Conquista,BA,17797
CLI001487,B2C,2025-08-08,social pago,SOC-202508,,,Vitória,ES,57721
CLI001488,B2C,2025-03-08,influenciador,INF-202503,,,Volta Redonda,RJ,14534
CLI001489,B2C,2025-02-16,orgânico,,,,Florianópolis,SC,99207
CLI001490,B2C,2026-04-11,social pago,SOC-202604,,,Jundiaí,SP,26096
CLI001491,B2C,2025-04-24,orgânico,,,,Sorocaba,SP,65892
CLI001492,B2C,2025-06-24,busca paga,SEA-202506,,,Curitiba,PR,37937
CLI001493,B2C,2025-07-15,busca paga,SEA-202507,,,Curitiba,PR,83322
CLI001494,B2C,2025-11-01,social pago,SOC-202511,,,Brasília,DF,69457
CLI001495,B2C,2025-09-14,orgânico,,,,Limeira,SP,71397
CLI001496,B2C,2025-12-19,busca paga,SEA-202512,,,São José dos Campos,SP,99605
CLI001497,B2C,2025-04-26,orgânico,,,,Piracicaba,SP,30426
CLI001498,B2C,2026-01-21,influenciador,INF-202601,,,Londrina,PR,60479
CLI001499,B2C,2026-02-24,social pago,SOC-202602,,,Pouso Alegre Mun.,MG,63928
CLI001500,B2C,2026-02-18,,,,,Feira de Santana,BA,59480
CLI001501,B2C,2025-11-14,social pago,SOC-202511,,,Curitiba,PR,21457
CLI001502,B2C,2026-03-03,influenciador,INF-202603,,,Caxias do Sul,RS,60557
CLI001503,B2C,2025-08-27,social pago,SOC-202508,,,Uberaba,MG,39944
CLI001504,B2C,2025-08-04,orgânico,,,,Ribeirão Preto,SP,02220
CLI001505,B2C,2025-06-09,,,,,Vila Velha,ES,50353
CLI001506,B2C,2025-10-08,,,,,Ponta Grossa,PR,43816
CLI001507,B2C,2025-05-01,CRM,,,,Maringá,PR,85572
CLI001508,B2C,2025-02-24,influenciador,INF-202502,,,Jundiaí,SP,55467
CLI001509,B2C,2026-05-11,social pago,SOC-202605,,,Niterói.,RJ,74701
CLI001510,B2C,2025-09-19,indicação,,,,Sorocaba,SP,85353
CLI001511,B2C,2026-01-09,social pago,SOC-202601,,,Contagem,MG,23838
CLI001512,B2C,2025-02-07,orgânico,,,,Pelotas,RS,64711
CLI001513,B2C,2025-07-14,social pago,SOC-202507,,,Americana,SP,72237
CLI001514,B2C,2025-06-10,CRM,,,,Cascavel,PR,87063
CLI001515,B2C,2025-06-28,social pago,SOC-202506,,,Vila Velha,ES,15621
CLI001516,B2C,2025-12-02,orgânico,,,,Florianópolis,SC,35542
CLI001517,B2C,2026-04-13,busca paga,SEA-202604,,,Jundiaí,SP,80568
CLI001518,B2C,2025-02-08,social pago,SOC-202502,,,Brasília,DF,40526
CLI001519,B2C,2025-12-01,CRM,,,,São José dos Campos,SP,20970
CLI001520,B2C,2026-02-09,orgânico,,,,Campinas,SP,67301
CLI001521,B2C,2025-11-09,orgânico,,,,Serra,ES,84305
CLI001522,B2C,2025-08-22,social pago,SOC-202508,,,Cascavel,PR,03532
CLI001523,B2C,2025-08-11,orgânico,,,,Rio de Janeiro,RJ,79107
CLI001524,B2C,2025-03-10,orgânico,,,,Piracicaba,SP,61108
CLI001525,B2C,2026-02-22,indicação,,,,Sorocaba,SP,99263
CLI001526,B2C,2025-07-06,busca paga,SEA-202507,,,Contagem,MG,92942
CLI001527,B2C,2025-11-26,busca paga,SEA-202511,,,Florianópolis,SC,68244
CLI001528,B2C,2025-03-13,orgânico,,,,Chapecó.,SC,64040
CLI001529,B2C,2026-03-20,indicação,,,,Sorocaba.,SP,47282
CLI001530,B2C,2025-01-13,busca paga,SEA-202501,,,Campinas,SP,29133
CLI001531,B2C,2026-03-14,busca paga,SEA-202603,,,Manaus,AM,57554
CLI001532,B2C,2025-10-21,influenciador,INF-202510,,,Blumenau,SC,69945
CLI001533,B2C,2025-03-22,CRM,,,,Uberlândia,MG,55382
CLI001534,B2C,2026-05-23,busca paga,SEA-202605,,,Juiz de Fora,MG,93594
CLI001535,B2C,2025-03-18,busca paga,SEA-202503,,,Americana,SP,15907
CLI001536,B2C,2025-01-17,orgânico,,,,Pouso Alegre,MG,78912
CLI001537,B2C,2025-10-27,CRM,,,,Jaboatão dos Guararapes,PE,54869
CLI001538,B2C,2025-06-05,social pago,SOC-202506,,,Pelotas,RS,28922
CLI001539,B2C,2025-07-09,indicação,,,,Bauru,SP,07250
CLI001540,B2C,2025-05-06,influenciador,INF-202505,,,Niterói,RJ,10229
CLI001541,B2C,2026-03-07,influenciador,INF-202603,,,Bauru,SP,57026
CLI001542,B2C,2026-02-12,busca paga,SEA-202602,,,Piracicaba,SP,98191
CLI001543,B2C,2025-08-28,indicação,,,,Americana,SP,27431
CLI001544,B2C,2025-03-29,indicação,,,,Rio de Janeir,RJ,01414
CLI001545,B2C,2026-06-08,busca paga,SEA-202606,,,Bauru,SP,79133
CLI001546,B2C,2025-05-22,CRM,,,,Piracicaba,SP,10260
CLI001547,B2C,2025-07-02,busca paga,SEA-202507,,,Pouso Alegre,MG,62379
CLI001548,B2C,2026-06-03,busca paga,SEA-202606,,,Goiânia,GO,82737
CLI001549,B2C,2026-04-25,influenciador,INF-202604,,,Vitória da Conquista,BA,79954
CLI001550,B2C,2025-03-14,social pago,SOC-202503,,,Piracicaba,SP,81506
CLI001551,B2C,2026-05-12,social pago,SOC-202605,,,Bauru,SP,50735
CLI001552,B2C,2026-02-09,indicação,,,,Piracicaba,SP,36044
CLI001553,B2C,2025-11-03,influenciador,INF-202511,,,Limeira,SP,50189
CLI001554,B2C,2026-02-01,indicação,,,,Cascavel,PR,83467
CLI001555,B2C,2026-01-19,busca paga,SEA-202601,,,Londrina,PR,43125
CLI001556,B2C,2025-08-19,orgânico,,,,Americana,SP,30128
CLI001557,B2C,2025-12-17,indicação,,,,Brasília,DF,54077
CLI001558,B2C,2025-06-09,busca paga,SEA-202506,,,Contagem,MG,99514
CLI001559,B2C,2025-09-20,influenciador,INF-202509,,,Sorocaba,SP,13450
CLI001560,B2C,2026-04-18,social pago,SOC-202604,,,Maringá,PR,59894
CLI001561,B2C,2025-07-04,indicação,,,,Volta Redonda,RJ,83409
CLI001562,B2C,2025-08-15,orgânico,,,,Piracicaba,SP,56598
CLI001563,B2C,2025-11-14,busca paga,SEA-202511,,,Contagem,MG,31407
CLI001564,B2C,2026-06-04,influenciador,INF-202606,,,Jundiaí,SP,83323
CLI001565,B2C,2025-01-22,orgânico,,,,Canoas,RS,21376
CLI001566,B2C,2026-01-14,social pago,SOC-202601,,,Anápolis,GO,75175
CLI001567,B2C,2026-05-04,influenciador,INF-202605,,,Pouso Alegre,MG,87645
CLI001568,B2C,2026-02-10,social pago,SOC-202602,,,Limeira,SP,12374
CLI001569,B2C,2025-10-22,social pago,SOC-202510,,,Vitória da Conquista,BA,80548
CLI001570,B2C,2025-09-22,orgânico,,,,Campinas,SP,01260
CLI001571,B2C,2026-05-25,busca paga,SEA-202605,,,Uberlândia,MG,28854
CLI001572,B2C,2026-04-09,influenciador,INF-202604,,,Rio de Janeiro,RJ,09819
CLI001573,B2C,2025-08-15,CRM,,,,Canoas,RS,77385
CLI001574,B2C,2025-09-28,social pago,SOC-202509,,,Salvador,BA,77852
CLI001575,B2C,2025-05-10,social pago,SOC-202505,,,Chapec,SC,43989
CLI001576,B2C,2025-04-27,,SOC-202504,,,Londrin,PR,44833
CLI001577,B2C,2025-05-03,influenciador,INF-202505,,,Limeira.,SP,60913
CLI001578,B2C,2025-07-29,orgânico,,,,Juiz de Fora,MG,05976
CLI001579,B2C,2026-05-18,social pago,SOC-202605,,,Bauru,SP,74507
CLI001580,B2C,2025-11-25,orgânico,,,,Blumenau,SC,37756
CLI001581,B2C,2025-10-30,social pago,SOC-202510,,,Ribeirão Preto,SP,36570
CLI001582,B2C,2025-09-10,,SEA-202509,,,Ribeirão Preto,SP,96847
CLI001583,B2C,2025-12-25,social pago,SOC-202512,,,Salvador,BA,08906
CLI001584,B2C,2026-03-07,busca paga,SEA-202603,,,Jundia,SP,11091
CLI001585,B2C,2025-10-21,influenciador,INF-202510,,,Rio de Janeiro,RJ,08287
CLI001586,B2C,2025-06-15,orgânico,,,,Vitória da Conquista,BA,70765
CLI001587,B2C,2026-05-23,influenciador,INF-202605,,,Jundiaí,SP,03551
CLI001588,B2C,2025-08-26,orgânico,,,,Porto Alegre,RS,62651
CLI001589,B2C,2025-03-19,influenciador,INF-202503,,,Jundiaí,SP,60432
CLI001590,B2C,2026-05-08,busca paga,SEA-202605,,,São Paulo Mun.,SP,44960
CLI001591,B2C,2025-10-04,orgânico,,,,Americana,SP,54438
CLI001592,B2C,2025-10-17,indicação,,,,Salvador,BA,28499
CLI001593,B2C,2025-01-11,influenciador,INF-202501,,,Americana,SP,43756
CLI001594,B2C,2025-11-26,orgânico,,,,Belo Horizonte,MG,88025
CLI001595,B2C,2025-05-18,busca paga,SEA-202505,,,Ribeirão Preto,SP,87922
CLI001596,B2C,2025-06-14,social pago,SOC-202506,,,Belo Horizonte,MG,23730
CLI001597,B2C,2025-12-11,social pago,SOC-202512,,,Bauru,SP,66053
CLI001598,B2C,2026-04-27,social pago,SOC-202604,,,Florianópolis,SC,93212
CLI001599,B2C,2026-06-07,indicação,,,,Bauru,SP,19112
CLI001600,B2C,2026-01-22,orgânico,,,,Brasília,DF,85875
CLI001601,B2C,2025-07-05,orgânico,,,,Blumenau,SC,76531
CLI001602,B2C,2026-03-15,busca paga,SEA-202603,,,Americana,SP,18666
CLI001603,B2C,2026-05-04,social pago,SOC-202605,,,Florianópolis,SC,97228
CLI001604,B2C,2026-01-17,busca paga,SEA-202601,,,Joinville,SC,45582
CLI001605,B2C,2025-06-01,orgânico,,,,Limeira,SP,93317
CLI001606,B2C,2025-12-01,social pago,SOC-202512,,,Anápolis,GO,29183
CLI001607,B2C,2025-05-20,social pago,SOC-202505,,,Uberlândia,MG,69261
CLI001608,B2C,2026-04-16,influenciador,INF-202604,,,Niterói,RJ,87838
CLI001609,B2C,2025-10-11,social pago,SOC-202510,,,São Paulo.,SP,11393
CLI001610,B2C,2026-03-06,,SOC-202603,,,Jundiaí,SP,07437
CLI001611,B2C,2026-05-01,social pago,SOC-202605,,,Juazeiro do Norte,CE,48242
CLI001612,B2C,2025-03-29,orgânico,,,,Sorocaba,SP,39151
CLI001613,B2C,2025-05-09,indicação,,,,São Paulo,SP,17215
CLI001614,B2C,2025-01-15,busca paga,SEA-202501,,,Pouso Alegre,MG,38759
CLI001615,B2C,2025-08-07,social pago,SOC-202508,,,Juiz de Fora,MG,14342
CLI001616,B2C,2025-11-16,busca paga,SEA-202511,,,Sorocab,SP,72265
CLI001617,B2C,2026-04-28,social pago,SOC-202604,,,São Paulo,SP,82372
CLI001618,B2C,2026-06-02,social pago,SOC-202606,,,Ribeirão Preto,SP,26234
CLI001619,B2C,2025-02-20,social pago,SOC-202502,,,Volta Redonda,RJ,84785
CLI001620,B2C,2025-06-21,CRM,,,,Pouso Alegre,MG,67230
CLI001621,B2C,2025-02-10,busca paga,SEA-202502,,,Caruaru,PE,05113
CLI001622,B2C,2026-02-05,social pago,SOC-202602,,,Limeira,SP,24222
CLI001623,B2C,2025-05-15,busca paga,SEA-202505,,,Dourados,MS,67358
CLI001624,B2C,2026-02-13,indicação,,,,Piracicaba,SP,25507
CLI001625,B2C,2026-05-06,orgânico,,,,Ribeirão Preto,SP,69529
CLI001626,B2C,2025-11-22,influenciador,INF-202511,,,Londrina,PR,62175
CLI001627,B2C,2025-07-05,social pago,SOC-202507,,,Blumenau,SC,89641
CLI001628,B2C,2026-03-29,busca paga,SEA-202603,,,Belo Horizonte,MG,64054
CLI001629,B2C,2026-02-20,busca paga,SEA-202602,,,Cascavel,PR,92764
CLI001630,B2C,2025-04-14,influenciador,INF-202504,,,Fortaleza,CE,91118
CLI001631,B2C,2025-06-18,indicação,,,,Santarém,PA,17471
CLI001632,B2C,2026-02-17,,,,,São José dos Campos,SP,16630
CLI001633,B2C,2025-10-16,indicação,,,,Americana,SP,47258
CLI001634,B2C,2025-07-06,social pago,SOC-202507,,,Sorocaba,SP,97062
CLI001635,B2C,2025-04-02,orgânico,,,,Bauru,SP,86671
CLI001636,B2C,2025-06-21,CRM,,,,Limeira,SP,60927
CLI001637,B2C,2025-12-07,busca paga,SEA-202512,,,São José dos Campos,SP,12503
CLI001638,B2C,2025-03-14,orgânico,,,,Sorocaba,SP,74886
CLI001639,B2C,2026-04-21,busca paga,SEA-202604,,,Bauru,SP,92518
CLI001640,B2C,2025-11-16,orgânico,,,,Sorocaba,SP,59664
CLI001641,B2C,2026-01-12,busca paga,SEA-202601,,,Anápolis,GO,57505
CLI001642,B2C,2025-05-29,influenciador,INF-202505,,,Campinas,SP,38026
CLI001643,B2C,2026-02-10,social pago,SOC-202602,,,Londrina,PR,71488
CLI001644,B2C,2025-03-19,busca paga,SEA-202503,,,Blumenau,SC,86126
CLI001645,B2C,2025-04-17,busca paga,SEA-202504,,,Rio de Janeiro,RJ,43955
CLI001646,B2C,2026-03-06,influenciador,INF-202603,,,Juiz de Fora,MG,92228
CLI001647,B2C,2025-10-31,influenciador,INF-202510,,,Caruaru,PE,44707
CLI001648,B2C,2025-10-12,CRM,,,,Aparecida de Goiânia,GO,12612
CLI001649,B2C,2026-04-04,influenciador,INF-202604,,,Sorocaba,SP,50942
CLI001650,B2C,2025-07-24,orgânico,,,,Porto Alegre,RS,50498
CLI001651,B2C,2025-10-27,social pago,SOC-202510,,,Salvador,BA,16261
CLI001652,B2C,2025-04-03,orgânico,,,,Joinville,SC,85405
CLI001653,B2C,2025-08-21,busca paga,SEA-202508,,,Maringá,PR,48440
CLI001654,B2C,2025-06-05,CRM,,,,Piracicaba,SP,93761
CLI001655,B2C,2025-05-01,influenciador,INF-202505,,,Salvador.,BA,63573
CLI001656,B2C,2025-06-10,influenciador,INF-202506,,,Recife,PE,55828
CLI001657,B2C,2025-02-06,indicação,,,,Rio de Janeiro,RJ,86677
CLI001658,B2C,2025-05-22,orgânico,,,,Dourados,MS,02770
CLI001659,B2C,2025-10-22,indicação,,,,Limeira,SP,22622
CLI001660,B2C,2025-09-20,busca paga,SEA-202509,,,Londrina,PR,64997
CLI001661,B2C,2025-10-17,orgânico,,,,Americana,SP,28680
CLI001662,B2C,2025-01-31,influenciador,INF-202501,,,Pouso Alegre,MG,53652
CLI001663,B2C,2025-06-30,indicação,,,,Porto Alegre,RS,42674
CLI001664,B2C,2025-04-02,social pago,SOC-202504,,,Limeira,SP,19862
CLI001665,B2C,2025-01-14,busca paga,SEA-202501,,,Anápolis,GO,13600
CLI001666,B2C,2025-01-19,orgânico,,,,Ponta Grossa,PR,09603
CLI001667,B2C,2026-05-17,,,,,Pouso Alegre,MG,83594
CLI001668,B2C,2025-05-30,indicação,,,,Campinas,SP,65028
CLI001669,B2C,2025-11-08,social pago,SOC-202511,,,Bauru,SP,01233
CLI001670,B2C,2026-01-22,busca paga,SEA-202601,,,Cascavel,PR,11746
CLI001671,B2C,2025-11-06,social pago,SOC-202511,,,São Paulo,SP,04132
CLI001672,B2C,2025-03-26,indicação,,,,Limeira,SP,51924
CLI001673,B2C,2026-03-21,influenciador,INF-202603,,,Niterói,RJ,94424
CLI001674,B2C,2025-09-06,social pago,SOC-202509,,,Londrina,PR,11142
CLI001675,B2C,2026-02-19,social pago,SOC-202602,,,Petrópolis,RJ,99055
CLI001676,B2C,2026-05-09,social pago,SOC-202605,,,Jaboatão dos Guararapes,PE,50002
CLI001677,B2C,2025-12-30,social pago,SOC-202512,,,São José dos Campos,SP,19330
CLI001678,B2C,2026-04-19,busca paga,SEA-202604,,,Limeira,SP,12329
CLI001679,B2C,2025-03-14,orgânico,,,,Sorocaba,SP,49668
CLI001680,B2C,2025-09-09,social pago,SOC-202509,,,Uberlândia,MG,51467
CLI001681,B2C,2025-07-08,influenciador,INF-202507,,,Americana,SP,33002
CLI001682,B2C,2025-10-18,busca paga,SEA-202510,,,Ribeirão Preto,SP,99114
CLI001683,B2C,2025-07-23,orgânico,,,,Vitória,ES,61894
CLI001684,B2C,2026-03-01,social pago,SOC-202603,,,Jundiaí,SP,86997
CLI001685,B2C,2025-12-09,orgânico,,,,Pouso Alegre,MG,84368
CLI001686,B2C,2025-03-03,indicação,,,,Sorocaba,SP,01076
CLI001687,B2C,2025-04-01,busca paga,SEA-202504,,,Canoas,RS,87351
CLI001688,B2C,2026-01-26,social pago,SOC-202601,,,Belo Horizonte Mun.,MG,22186
CLI001689,B2C,2025-05-03,influenciador,INF-202505,,,São José dos Campos,SP,70695
CLI001690,B2C,2025-02-18,CRM,,,,Ribeirão Preto,SP,72636
CLI001691,B2C,2026-05-26,busca paga,SEA-202605,,,Salvador,BA,03693
CLI001692,B2C,2026-02-23,busca paga,SEA-202602,,,Ribeirão Preto,SP,41388
CLI001693,B2C,2026-05-16,busca paga,SEA-202605,,,Piracicaba,SP,97688
CLI001694,B2C,2025-07-25,social pago,SOC-202507,,,Uberaba,MG,79911
CLI001695,B2C,2025-07-06,orgânico,,,,Rio de Janeiro,RJ,04898
CLI001696,B2C,2026-05-13,orgânico,,,,Curitiba,PR,10189
CLI001697,B2C,2025-08-06,social pago,SOC-202508,,,Americana,SP,87755
CLI001698,B2C,2026-04-12,influenciador,INF-202604,,,Rio de Janeiro,RJ,24776
CLI001699,B2C,2025-08-30,indicação,,,,Petrópolis,RJ,33545
CLI001700,B2C,2026-01-31,orgânico,,,,São José dos Campos,SP,85012
CLI001701,B2C,2026-05-10,indicação,,,,Bauru.,SP,77077
CLI001702,B2C,2026-04-19,busca paga,SEA-202604,,,São Paulo,SP,98358
CLI001703,B2C,2026-03-04,,SEA-202603,,,Brasília,DF,33614
CLI001704,B2C,2025-03-24,orgânico,,,,Londrina,PR,45702
CLI001705,B2C,2025-10-19,influenciador,INF-202510,,,Canoas,RS,10376
CLI001706,B2C,2025-09-15,indicação,,,,São José dos Campos,SP,85917
CLI001707,B2C,2026-03-31,indicação,,,,Uberlândia,MG,72629
CLI001708,B2C,2025-09-27,orgânico,,,,Bauru,SP,41331
CLI001709,B2C,2025-05-10,orgânico,,,,Vitória,ES,34650
CLI001710,B2C,2025-03-04,indicação,,,,São José dos Campos,SP,59519
CLI001711,B2C,2026-04-19,social pago,SOC-202604,,,Piracicaba,SP,61195
CLI001712,B2C,2026-04-05,influenciador,INF-202604,,,Bauru,SP,39258
CLI001713,B2C,2025-05-12,orgânico,,,,Goiânia,GO,05548
CLI001714,B2C,2025-03-20,social pago,SOC-202503,,,Sorocaba,SP,16938
CLI001715,B2C,2026-02-04,social pago,SOC-202602,,,Niterói,RJ,84771
CLI001716,B2C,2025-12-26,social pago,SOC-202512,,,Belo Horizonte,MG,17650
CLI001717,B2C,2025-01-31,orgânico,,,,Ribeirão Preto,SP,25915
CLI001718,B2C,2026-03-26,influenciador,INF-202603,,,Caruaru,PE,34465
CLI001719,B2C,2025-12-05,busca paga,SEA-202512,,,Caruaru,PE,28980
CLI001720,B2C,2025-02-05,social pago,SOC-202502,,,Volta Redonda,RJ,76668
CLI001721,B2C,2026-02-09,orgânico,,,,Ponta Grossa,PR,25713
CLI001722,B2C,2025-10-22,social pago,SOC-202510,,,São José dos Campos,SP,74230
CLI001723,B2C,2025-11-20,orgânico,,,,Cascavel.,PR,59485
CLI001724,B2C,2026-03-03,busca paga,SEA-202603,,,Joinville,SC,62410
CLI001725,B2C,2026-02-12,,SOC-202602,,,São Paulo,SP,78465
CLI001726,B2C,2025-05-28,social pago,SOC-202505,,,São José dos Campos,SP,01101
CLI001727,B2C,2025-07-22,social pago,SOC-202507,,,Contagem.,MG,61698
CLI001728,B2C,2026-02-02,busca paga,SEA-202602,,,Curitiba,PR,47791
CLI001729,B2C,2026-03-07,busca paga,SEA-202603,,,Campinas,SP,78582
CLI001730,B2C,2025-03-13,busca paga,SEA-202503,,,Maringá,PR,85948
CLI001731,B2C,2025-02-28,busca paga,SEA-202502,,,Americana,SP,81042
CLI001732,B2C,2025-08-21,orgânico,,,,Piracicaba,SP,57645
CLI001733,B2C,2025-02-12,influenciador,INF-202502,,,Salvador,BA,84043
CLI001734,B2C,2025-01-14,indicação,,,,Uberlândia,MG,09476
CLI001735,B2C,2026-01-19,busca paga,SEA-202601,,,Maringá,PR,29103
CLI001736,B2C,2026-03-24,indicação,,,,Volta Redonda Mun.,RJ,59871
CLI001737,B2C,2026-01-15,busca paga,SEA-202601,,,Cascavel,PR,38704
CLI001738,B2C,2025-12-21,influenciador,INF-202512,,,Caxias do Sul,RS,09495
CLI001739,B2C,2026-06-11,orgânico,,,,Ribeirão Preto,SP,52054
CLI001740,B2C,2026-04-23,busca paga,SEA-202604,,,Americana,SP,65985
CLI001741,B2C,2025-01-27,orgânico,,,,Jundiaí,SP,71065
CLI001742,B2C,2025-02-14,indicação,,,,Joinville,SC,75078
CLI001743,B2C,2025-01-08,orgânico,,,,Belo Horizonte,MG,99758
CLI001744,B2C,2026-03-06,busca paga,SEA-202603,,,Salvador,BA,75817
CLI001745,B2C,2025-02-17,social pago,SOC-202502,,,Fortaleza,CE,97217
CLI001746,B2C,2026-03-08,social pago,SOC-202603,,,Bauru,SP,28972
CLI001747,B2C,2025-02-13,orgânico,,,,Piracicaba,SP,56091
CLI001748,B2C,2026-04-14,indicação,,,,Curitiba,PR,79365
CLI001749,B2C,2025-06-03,CRM,,,,Salvador,BA,45662
CLI001750,B2C,2026-04-24,orgânico,,,,Chapecó,SC,11556
CLI001751,B2C,2025-01-27,indicação,,,,Uberaba,MG,93326
CLI001752,B2C,2026-04-30,influenciador,INF-202604,,,Rondonópolis,MT,07772
CLI001753,B2C,2026-02-01,social pago,SOC-202602,,,Uberaba,MG,56393
CLI001754,B2C,2026-05-16,influenciador,INF-202605,,,Santarém,PA,58756
CLI001755,B2C,2025-12-11,social pago,SOC-202512,,,Bauru,SP,90750
CLI001756,B2C,2025-05-25,social pago,SOC-202505,,,Ponta Grossa,PR,03975
CLI001757,B2C,2025-07-30,orgânico,,,,São Paulo,SP,29230
CLI001758,B2C,2026-04-26,social pago,SOC-202604,,,Joinville,SC,93408
CLI001759,B2C,2025-02-09,orgânico,,,,Aparecida de Goiânia,GO,55072
CLI001760,B2C,2025-11-13,social pago,SOC-202511,,,Londrina,PR,41348
CLI001761,B2C,2025-07-28,busca paga,SEA-202507,,,Americana,SP,83781
CLI001762,B2C,2025-11-01,orgânico,,,,Sorocaba,SP,64380
CLI001763,B2C,2026-05-02,social pago,SOC-202605,,,Petrópolis,RJ,63821
CLI001764,B2C,2026-01-12,orgânico,,,,São José dos Campos.,SP,70756
CLI001765,B2C,2026-01-26,busca paga,SEA-202601,,,Florianópolis,SC,68701
CLI001766,B2C,2025-12-06,busca paga,SEA-202512,,,Limeira,SP,50289
CLI001767,B2C,2026-04-01,indicação,,,,Campinas,SP,33705
CLI001768,B2C,2025-06-10,busca paga,SEA-202506,,,Bauru,SP,90390
CLI001769,B2C,2025-08-11,busca paga,SEA-202508,,,Curitiba,PR,57515
CLI001770,B2C,2025-01-23,busca paga,SEA-202501,,,Piracicaba,SP,45103
CLI001771,B2C,2026-02-22,busca paga,SEA-202602,,,Rio de Janeiro,RJ,99393
CLI001772,B2C,2025-06-02,orgânico,,,,Londrina,PR,43792
CLI001773,B2C,2026-03-04,orgânico,,,,Jundiaí,SP,42134
CLI001774,B2C,2025-07-27,busca paga,SEA-202507,,,Ribeirão Preto,SP,93251
CLI001775,B2C,2026-06-15,CRM,,,,Anápolis,GO,17412
CLI001776,B2C,2026-04-07,social pago,SOC-202604,,,Campinas,SP,91701
CLI001777,B2C,2025-04-11,influenciador,INF-202504,,,Campinas,SP,74359
CLI001778,B2C,2025-09-07,social pago,SOC-202509,,,Juiz de Fora,MG,45559
CLI001779,B2C,2025-03-14,indicação,,,,Campinas,SP,73257
CLI001780,B2C,2025-11-24,influenciador,INF-202511,,,São Paulo,SP,77850
CLI001781,B2C,2026-03-28,influenciador,INF-202603,,,Piracicaba,SP,81607
CLI001782,B2C,2025-07-16,orgânico,,,,Bauru,SP,04810
CLI001783,B2C,2025-05-06,social pago,SOC-202505,,,Recife,PE,62218
CLI001784,B2C,2025-03-23,social pago,SOC-202503,,,Ribeirão Preto,SP,18769
CLI001785,B2C,2026-04-10,social pago,SOC-202604,,,Caruaru,PE,36760
CLI001786,B2C,2025-11-06,orgânico,,,,Piracicaba,SP,72657
CLI001787,B2C,2025-06-24,busca paga,SEA-202506,,,Fortaleza,CE,40386
CLI001788,B2C,2025-10-04,orgânico,,,,Jundiaí,SP,87822
CLI001789,B2C,2025-11-20,indicação,,,,Chapecó,SC,81872
CLI001790,B2C,2025-01-18,influenciador,INF-202501,,,Niterói,RJ,66727
CLI001791,B2C,2025-08-04,orgânico,,,,Joinville,SC,59172
CLI001792,B2C,2025-10-30,social pago,SOC-202510,,,Pouso Alegre,MG,58062
CLI001793,B2C,2025-01-18,social pago,SOC-202501,,,Recife,PE,90801
CLI001794,B2C,2026-03-19,busca paga,SEA-202603,,,Contagem,MG,48241
CLI001795,B2C,2026-03-28,orgânico,,,,Piracicaba,SP,68855
CLI001796,B2C,2025-10-11,indicação,,,,Uberaba,MG,01962
CLI001797,B2C,2026-02-01,busca paga,SEA-202602,,,Ribeirão Preto,SP,62503
CLI001798,B2C,2025-05-03,influenciador,INF-202505,,,Aparecida de Goiânia,GO,63370
CLI001799,B2C,2025-10-15,CRM,,,,Pouso Alegre,MG,85152
CLI001800,B2C,2026-03-27,busca paga,SEA-202603,,,Americana,SP,64471
CLI001801,B2C,2025-04-24,CRM,,,,Limeira,SP,16802
CLI001802,B2C,2025-11-19,busca paga,SEA-202511,,,Feira de Santana,BA,12538
CLI001803,B2C,2025-01-02,orgânico,,,,Sorocaba,SP,84715
CLI001804,B2C,2026-03-31,social pago,SOC-202603,,,Joinville,SC,42422
CLI001805,B2C,2025-10-10,indicação,,,,São Paul,SP,53261
CLI001806,B2C,2025-08-19,influenciador,INF-202508,,,Bauru,SP,50379
CLI001807,B2C,2025-01-24,indicação,,,,Piracicaba,SP,10016
CLI001808,B2C,2026-03-10,busca paga,SEA-202603,,,Belo Horizonte,MG,56578
CLI001809,B2C,2026-03-07,busca paga,SEA-202603,,,Americana,SP,09249
CLI001810,B2C,2025-10-06,social pago,SOC-202510,,,Volta Redonda,RJ,11366
CLI001811,B2C,2025-08-15,busca paga,SEA-202508,,,Petrópolis,RJ,42587
CLI001812,B2C,2026-03-01,,INF-202603,,,Cascavel,PR,10376
CLI001813,B2C,2025-01-23,busca paga,SEA-202501,,,Chapecó,SC,09858
CLI001814,B2C,2026-03-16,influenciador,INF-202603,,,Jundiaí,SP,78247
CLI001815,B2C,2026-02-01,influenciador,INF-202602,,,Bauru,SP,45530
CLI001816,B2C,2025-01-22,busca paga,SEA-202501,,,Salvador,BA,99156
CLI001817,B2C,2025-03-12,social pago,SOC-202503,,,Salvador,BA,65010
CLI001818,B2C,2025-12-19,indicação,,,,Uberab,MG,23095
CLI001819,B2C,2025-05-04,busca paga,SEA-202505,,,Rio de Janeiro,RJ,25046
CLI001820,B2C,2026-01-10,social pago,SOC-202601,,,Brasília,DF,87000
CLI001821,B2C,2025-12-10,orgânico,,,,Piracicaba,SP,91212
CLI001822,B2C,2025-12-05,orgânico,,,,Contagem,MG,85465
CLI001823,B2C,2026-03-30,busca paga,SEA-202603,,,Cascavel,PR,32453
CLI001824,B2C,2025-01-14,social pago,SOC-202501,,,Piracicaba,SP,12864
CLI001825,B2C,2025-02-14,indicação,,,,Jundiaí,SP,93608
CLI001826,B2C,2025-01-21,orgânico,,,,Ponta Grossa,PR,06797
CLI001827,B2C,2026-01-13,influenciador,INF-202601,,,Caxias do Sul,RS,15417
CLI001828,B2C,2025-05-15,influenciador,INF-202505,,,Uberlândia,MG,04272
CLI001829,B2C,2025-07-01,social pago,SOC-202507,,,Aparecida de Goiânia,GO,25199
CLI001830,B2C,2025-08-01,influenciador,INF-202508,,,Sorocaba,SP,83716
CLI001831,B2C,2025-12-24,busca paga,SEA-202512,,,Goiânia,GO,14462
CLI001832,B2C,2026-05-14,busca paga,SEA-202605,,,Volta Redonda,RJ,61139
CLI001833,B2C,2026-04-15,busca paga,SEA-202604,,,Salvador,BA,84105
CLI001834,B2C,2025-03-06,social pago,SOC-202503,,,Piracicaba,SP,09470
CLI001835,B2C,2026-04-07,influenciador,INF-202604,,,Petrópolis,RJ,34389
CLI001836,B2C,2026-02-24,orgânico,,,,Anápolis,GO,21552
CLI001837,B2C,2025-08-17,orgânico,,,,Blumenau,SC,54018
CLI001838,B2C,2026-03-05,social pago,SOC-202603,,,Juiz de Fora,MG,38745
CLI001839,B2C,2025-09-24,busca paga,SEA-202509,,,Uberlândia,MG,08594
CLI001840,B2C,2026-04-12,influenciador,INF-202604,,,Bauru,SP,29189
CLI001841,B2C,2026-04-05,influenciador,INF-202604,,,Limeira,SP,05376
CLI001842,B2C,2025-02-04,influenciador,INF-202502,,,Bauru,SP,89382
CLI001843,B2C,2025-04-20,busca paga,SEA-202504,,,Americana,SP,99499
CLI001844,B2C,2026-05-15,busca paga,SEA-202605,,,Bauru,SP,46105
CLI001845,B2C,2025-02-03,influenciador,INF-202502,,,Cascavel,PR,95555
CLI001846,B2C,2025-12-12,CRM,,,,Sorocaba,SP,14749
CLI001847,B2C,2026-02-17,CRM,,,,Volta Redonda Mun.,RJ,19880
CLI001848,B2C,2025-03-15,CRM,,,,Ribeirão Preto,SP,23480
CLI001849,B2C,2025-09-03,orgânico,,,,Sorocaba,SP,25917
CLI001850,B2C,2025-03-25,influenciador,INF-202503,,,Petrópolis,RJ,45767
CLI001851,B2C,2025-04-04,orgânico,,,,São Paulo,SP,67044
CLI001852,B2C,2025-04-11,CRM,,,,Anápolis.,GO,86293
CLI001853,B2C,2025-04-09,orgânico,,,,São José dos Campos,SP,92862
CLI001854,B2C,2025-03-19,social pago,SOC-202503,,,Florianópolis,SC,62647
CLI001855,B2C,2025-12-02,orgânico,,,,Ponta Grossa,PR,91859
CLI001856,B2C,2025-03-22,orgânico,,,,Ponta Grossa,PR,06706
CLI001857,B2C,2025-03-02,orgânico,,,,Jaboatão dos Guararapes,PE,90598
CLI001858,B2C,2025-03-03,social pago,SOC-202503,,,Vitória da Conquista.,BA,84080
CLI001859,B2C,2026-04-14,social pago,SOC-202604,,,Brasília,DF,23789
CLI001860,B2C,2025-09-25,busca paga,SEA-202509,,,Americana,SP,34869
CLI001861,B2C,2025-01-27,orgânico,,,,Chapecó.,SC,20261
CLI001862,B2C,2025-10-30,CRM,,,,Uberlândia,MG,38366
CLI001863,B2C,2025-01-24,orgânico,,,,Fortaleza,CE,35531
CLI001864,B2C,2025-05-06,orgânico,,,,Caucaia,CE,84316
CLI001865,B2C,2025-10-19,social pago,SOC-202510,,,Sorocaba,SP,62802
CLI001866,B2C,2025-01-31,orgânico,,,,Cascavel,PR,70859
CLI001867,B2C,2025-01-11,social pago,SOC-202501,,,Curitiba,PR,43959
CLI001868,B2C,2026-02-06,busca paga,SEA-202602,,,Uberlândia,MG,21140
CLI001869,B2C,2026-06-15,influenciador,INF-202606,,,Ponta Grossa,PR,65991
CLI001870,B2C,2025-04-25,busca paga,SEA-202504,,,Volta Redonda,RJ,85174
CLI001871,B2C,2026-02-02,busca paga,SEA-202602,,,Canoas,RS,56542
CLI001872,B2C,2025-03-18,orgânico,,,,Bauru,SP,65832
CLI001873,B2C,2025-07-04,social pago,SOC-202507,,,Pelotas,RS,53325
CLI001874,B2C,2025-02-09,orgânico,,,,Brasília,DF,57929
CLI001875,B2C,2026-03-16,influenciador,INF-202603,,,Bauru,SP,34642
CLI001876,B2C,2025-07-29,indicação,,,,São José dos Campo,SP,44386
CLI001877,B2C,2025-02-08,social pago,SOC-202502,,,Campinas,SP,82966
CLI001878,B2C,2026-01-17,orgânico,,,,Rio de Janeiro,RJ,87628
CLI001879,B2C,2025-02-06,influenciador,INF-202502,,,Petrópolis,RJ,49070
CLI001880,B2C,2025-03-07,busca paga,SEA-202503,,,Cascavel,PR,22274
CLI001881,B2C,2025-05-30,social pago,SOC-202505,,,Porto Alegr,RS,32872
CLI001882,B2C,2026-01-07,busca paga,SEA-202601,,,Campinas,SP,87713
CLI001883,B2C,2026-02-16,orgânico,,,,Contagem,MG,23371
CLI001884,B2C,2025-02-12,CRM,,,,Rio de Janeiro,RJ,15485
CLI001885,B2C,2026-01-29,social pago,SOC-202601,,,Salvador,BA,69396
CLI001886,B2C,2025-05-20,CRM,,,,Rio de Janeiro,RJ,65935
CLI001887,B2C,2026-04-29,influenciador,INF-202604,,,Ribeirão Preto,SP,29333
CLI001888,B2C,2025-05-18,orgânico,,,,Bauru,SP,98191
CLI001889,B2C,2025-11-12,CRM,,,,Ribeirão Preto,SP,55935
CLI001890,B2C,2025-11-09,busca paga,SEA-202511,,,Salvador,BA,14496
CLI001891,B2C,2025-07-08,orgânico,,,,Blumenau,SC,52355
CLI001892,B2C,2025-02-23,social pago,SOC-202502,,,Serra,ES,36966
CLI001893,B2C,2026-06-11,influenciador,INF-202606,,,Chapecó,SC,72790
CLI001894,B2C,2026-02-22,orgânico,,,,Ribeirão Preto,SP,15416
CLI001895,B2C,2026-03-25,busca paga,SEA-202603,,,Campinas,SP,45638
CLI001896,B2C,2025-10-09,orgânico,,,,Campinas,SP,37138
CLI001897,B2C,2025-06-19,influenciador,INF-202506,,,Pelotas,RS,87391
CLI001898,B2C,2025-10-26,,INF-202510,,,São Paulo,SP,80318
CLI001899,B2C,2025-02-13,orgânico,,,,Ponta Grossa,PR,24648
CLI001900,B2C,2025-04-06,CRM,,,,Juiz de Fora,MG,44395
CLI001901,B2C,2025-11-10,orgânico,,,,Ponta Grossa,PR,82596
CLI001902,B2C,2025-10-20,indicação,,,,Americana,SP,16971
CLI001903,B2C,2025-12-18,social pago,SOC-202512,,,Niterói Mun.,RJ,84275
CLI001904,B2C,2025-08-14,busca paga,SEA-202508,,,Rio de Janeiro,RJ,89861
CLI001905,B2C,2025-02-13,indicação,,,,Porto Alegre,RS,78901
CLI001906,B2C,2025-10-30,busca paga,SEA-202510,,,Bauru,SP,63016
CLI001907,B2C,2025-02-09,CRM,,,,Uberaba,MG,17672
CLI001908,B2C,2025-06-17,busca paga,SEA-202506,,,Jundiaí,SP,25379
CLI001909,B2C,2025-07-02,social pago,SOC-202507,,,Volta Redonda,RJ,61931
CLI001910,B2C,2025-02-27,busca paga,SEA-202502,,,Bauru,SP,76892
CLI001911,B2C,2025-12-31,CRM,,,,Rio de Janeiro,RJ,48281
CLI001912,B2C,2026-05-20,influenciador,INF-202605,,,Petrópolis,RJ,22900
CLI001913,B2C,2025-06-07,influenciador,INF-202506,,,Pouso Alegr,MG,54440
CLI001914,B2C,2026-01-01,social pago,SOC-202601,,,Caxias do Sul,RS,85967
CLI001915,B2C,2025-10-19,orgânico,,,,São Paulo,SP,36998
CLI001916,B2C,2025-04-29,indicação,,,,Ribeirão Preto,SP,14267
CLI001917,B2C,2025-06-26,orgânico,,,,Campinas,SP,19337
CLI001918,B2C,2025-11-01,indicação,,,,Ananindeua,PA,61101
CLI001919,B2C,2026-04-07,busca paga,SEA-202604,,,Cascavel,PR,94835
CLI001920,B2C,2025-05-16,orgânico,,,,Salvador,BA,31180
CLI001921,B2C,2025-08-29,orgânico,,,,Contagem,MG,60001
CLI001922,B2C,2025-11-17,,SOC-202511,,,Londrina,PR,15176
CLI001923,B2C,2025-08-08,indicação,,,,Chapecó,SC,16303
CLI001924,B2C,2025-07-10,orgânico,,,,Curitiba,PR,30498
CLI001925,B2C,2025-10-22,social pago,SOC-202510,,,Londrina,PR,59753
CLI001926,B2C,2026-04-26,busca paga,SEA-202604,,,Serra,ES,85854
CLI001927,B2C,2025-06-23,,,,,São Paulo,SP,28764
CLI001928,B2C,2025-04-13,CRM,,,,Sorocaba,SP,21976
CLI001929,B2C,2025-11-11,orgânico,,,,São José dos Campos,SP,27923
CLI001930,B2C,2025-01-30,influenciador,INF-202501,,,Campinas,SP,60078
CLI001931,B2C,2025-09-15,social pago,SOC-202509,,,Campinas,SP,82823
CLI001932,B2C,2025-10-21,orgânico,,,,Campinas,SP,71292
CLI001933,B2C,2025-09-20,influenciador,INF-202509,,,Maringá,PR,05721
CLI001934,B2C,2025-09-29,social pago,SOC-202509,,,Uberaba Mun.,MG,29658
CLI001935,B2C,2026-04-29,busca paga,SEA-202604,,,Volta Redonda,RJ,40912
CLI001936,B2C,2026-05-18,orgânico,,,,Chapecó,SC,57970
CLI001937,B2C,2026-01-11,influenciador,INF-202601,,,Piracicaba,SP,49355
CLI001938,B2C,2025-05-10,orgânico,,,,Sorocaba,SP,52073
CLI001939,B2C,2026-03-05,social pago,SOC-202603,,,São Paulo,SP,66882
CLI001940,B2C,2026-03-18,indicação,,,,Caucaia,CE,46592
CLI001941,B2C,2025-08-03,orgânico,,,,Juiz de Fora,MG,23767
CLI001942,B2C,2026-01-20,busca paga,SEA-202601,,,São Paulo,SP,88334
CLI001943,B2C,2025-04-18,orgânico,,,,Jundiaí,SP,62803
CLI001944,B2C,2025-03-05,social pago,SOC-202503,,,Limeira,SP,27161
CLI001945,B2C,2025-06-09,orgânico,INF-202506,,,Belo Horizonte,MG,65454
CLI001946,B2C,2026-02-09,influenciador,INF-202602,,,Limeira,SP,97118
CLI001947,B2C,2025-03-30,orgânico,,,,São Paulo,SP,05715
CLI001948,B2C,2026-04-20,busca paga,SEA-202604,,,São Paulo,SP,60675
CLI001949,B2C,2025-01-12,busca paga,SEA-202501,,,Jundiaí,SP,25443
CLI001950,B2C,2025-07-31,CRM,,,,Niterói,RJ,80816
CLI001951,B2C,2026-06-02,orgânico,,,,Curitiba.,PR,79782
CLI001952,B2C,2026-04-30,influenciador,INF-202604,,,Uberlândia,MG,66030
CLI001953,B2C,2026-01-13,social pago,SOC-202601,,,Americana,SP,95919
CLI001954,B2C,2025-09-18,orgânico,,,,Americana,SP,83903
CLI001955,B2C,2025-01-30,,,,,Cascavel,PR,92167
CLI001956,B2C,2025-01-21,social pago,SOC-202501,,,Rio de Janeiro,RJ,22040
CLI001957,B2C,2025-12-23,orgânico,,,,Cascavel,PR,31361
CLI001958,B2C,2025-12-11,indicação,,,,Vitória da Conquista,BA,83675
CLI001959,B2C,2025-02-22,influenciador,INF-202502,,,Porto Alegre,RS,59900
CLI001960,B2C,2026-01-11,orgânico,,,,Sorocaba,SP,16390
CLI001961,B2C,2025-03-30,busca paga,SEA-202503,,,Chapecó,SC,38414
CLI001962,B2C,2025-02-26,social pago,SOC-202502,,,Sorocaba,SP,31853
CLI001963,B2C,2025-02-19,busca paga,SEA-202502,,,Cuiabá,MT,05158
CLI001964,B2C,2025-10-04,orgânico,,,,Ponta Grossa,PR,87350
CLI001965,B2C,2025-07-02,orgânico,,,,Sorocaba,SP,41432
CLI001966,B2C,2025-03-28,indicação,,,,Bauru,SP,74576
CLI001967,B2C,2025-06-28,orgânico,,,,Bauru,SP,07516
CLI001968,B2C,2025-01-02,social pago,SOC-202501,,,Pelotas,RS,42363
CLI001969,B2C,2025-07-20,indicação,,,,Juiz de Fora,MG,62535
CLI001970,B2C,2025-05-13,CRM,,,,Bauru,SP,38398
CLI001971,B2C,2025-12-03,,SEA-202512,,,Uberaba,MG,64784
CLI001972,B2C,2025-01-24,social pago,SOC-202501,,,Chapecó,SC,24879
CLI001973,B2C,2026-05-08,busca paga,SEA-202605,,,Londrina,PR,54902
CLI001974,B2C,2025-01-06,busca paga,SEA-202501,,,Bauru,SP,41831
CLI001975,B2C,2025-07-16,social pago,SOC-202507,,,Ananindeua,PA,92640
CLI001976,B2C,2025-01-12,orgânico,,,,Sorocaba,SP,56572
CLI001977,B2C,2025-01-29,busca paga,SEA-202501,,,Niterói,RJ,47164
CLI001978,B2C,2026-06-04,busca paga,SEA-202606,,,Limeira,SP,33312
CLI001979,B2C,2026-03-22,busca paga,SEA-202603,,,Florianópolis,SC,51310
CLI001980,B2C,2026-04-21,busca paga,SEA-202604,,,Campinas,SP,54303
CLI001981,B2C,2025-05-06,busca paga,SEA-202505,,,Jundiaí,SP,75272
CLI001982,B2C,2025-02-22,busca paga,SEA-202502,,,Bauru,SP,10486
CLI001983,B2C,2025-04-14,indicação,,,,Serra,ES,85473
CLI001984,B2C,2025-06-12,busca paga,SEA-202506,,,Belo Horizonte,MG,96640
CLI001985,B2C,2026-02-01,orgânico,,,,Joinville,SC,12964
CLI001986,B2C,2026-04-04,orgânico,,,,Petrópolis,RJ,28003
CLI001987,B2C,2025-10-17,indicação,,,,Americana,SP,61749
CLI001988,B2C,2025-11-02,orgânico,,,,Uberlândia,MG,63412
CLI001989,B2C,2025-08-04,orgânico,,,,Sorocaba,SP,43454
CLI001990,B2C,2026-05-13,indicação,,,,Uberlândia,MG,54925
CLI001991,B2C,2026-01-03,influenciador,INF-202601,,,Caxias do Sul,RS,71667
CLI001992,B2C,2026-03-29,social pago,SOC-202603,,,Curitiba,PR,93945
CLI001993,B2C,2025-01-12,CRM,,,,Volta Redonda,RJ,66973
CLI001994,B2C,2025-09-14,orgânico,,,,São Paulo Mun.,SP,29044
CLI001995,B2C,2026-01-23,influenciador,INF-202601,,,Petrópolis,RJ,67519
CLI001996,B2C,2026-02-20,orgânico,,,,Porto Alegre,RS,35471
CLI001997,B2C,2026-04-24,orgânico,,,,Americana,SP,38311
CLI001998,B2C,2025-11-06,influenciador,INF-202511,,,Cascavel,PR,44312
CLI001999,B2C,2025-04-19,social pago,SOC-202504,,,Americana,SP,73068
CLI002000,B2C,2025-03-18,orgânico,,,,Florianópolis,SC,86027
CLI002001,B2C,2025-01-11,influenciador,INF-202501,,,Blumenau,SC,28564
CLI002002,B2C,2025-02-11,busca paga,SEA-202502,,,Ribeirão Preto,SP,18951
CLI002003,B2C,2025-01-16,,SEA-202501,,,Rio de Janeiro,RJ,57518
CLI002004,B2C,2026-03-15,social pago,SOC-202603,,,Piracicaba,SP,66609
CLI002005,B2C,2025-08-25,social pago,SOC-202508,,,Uberlândia,MG,11956
CLI002006,B2C,2025-06-21,social pago,SOC-202506,,,Caxias do Sul,RS,36514
CLI002007,B2C,2026-03-28,social pago,SOC-202603,,,Maringá,PR,33133
CLI002008,B2C,2026-03-27,influenciador,INF-202603,,,Ponta Grossa,PR,80059
CLI002009,B2C,2025-09-19,orgânico,,,,Piracicaba,SP,81428
CLI002010,B2C,2025-10-19,social pago,SOC-202510,,,Feira de Santana,BA,92545
CLI002011,B2C,2026-01-17,indicação,,,,Limeira,SP,27017
CLI002012,B2C,2025-11-24,orgânico,,,,Joinville,SC,68101
CLI002013,B2C,2025-12-24,indicação,,,,Americana,SP,47789
CLI002014,B2C,2026-02-07,busca paga,SEA-202602,,,Jundiaí,SP,85274
CLI002015,B2C,2025-12-30,CRM,,,,Londrina,PR,77492
CLI002016,B2C,2026-02-17,orgânico,,,,Uberlândia,MG,20299
CLI002017,B2C,2026-06-10,social pago,SOC-202606,,,Maringá,PR,60195
CLI002018,B2C,2025-09-14,influenciador,INF-202509,,,Piracicaba,SP,42648
CLI002019,B2C,2025-07-09,orgânico,,,,Campinas,SP,66170
CLI002020,B2C,2025-11-27,orgânico,,,,Limeira,SP,56935
CLI002021,B2C,2025-12-18,indicação,,,,Limeira,SP,88734
CLI002022,B2C,2026-03-22,busca paga,SEA-202603,,,Cascavel,PR,85560
CLI002023,B2C,2025-12-23,orgânico,,,,Uberlândia,MG,89415
CLI002024,B2C,2025-11-05,social pago,SOC-202511,,,Jundiaí,SP,51724
CLI002025,B2C,2025-07-26,indicação,,,,Vitória da Conquista,BA,40520
CLI002026,B2C,2025-09-14,orgânico,,,,Rio de Janeiro,RJ,40890
CLI002027,B2C,2025-03-08,social pago,SOC-202503,,,Jundia,SP,56355
CLI002028,B2C,2025-06-27,orgânico,,,,Limeira,SP,56500
CLI002029,B2C,2025-12-29,busca paga,SEA-202512,,,Londrina,PR,47614
CLI002030,B2C,2025-03-24,orgânico,,,,Limeira,SP,58318
CLI002031,B2C,2026-03-30,social pago,SOC-202603,,,Volta Redonda,RJ,07316
CLI002032,B2C,2025-11-10,social pago,SOC-202511,,,Uberlândia,MG,91418
CLI002033,B2C,2026-03-14,social pago,SOC-202603,,,Jundiaí,SP,05019
CLI002034,B2C,2026-05-24,busca paga,SEA-202605,,,Londrina,PR,52762
CLI002035,B2C,2025-12-21,social pago,SOC-202512,,,São José dos Campos,SP,19018
CLI002036,B2C,2025-06-28,orgânico,,,,Piracicaba,SP,07601
CLI002037,B2C,2025-01-20,social pago,SOC-202501,,,Piracicaba,SP,69434
CLI002038,B2C,2025-11-16,busca paga,SEA-202511,,,Maringá,PR,56114
CLI002039,B2C,2025-07-15,orgânico,,,,Juiz de Fora,MG,07596
CLI002040,B2C,2026-03-17,CRM,,,,Petrópolis,RJ,47616
CLI002041,B2C,2025-10-30,indicação,,,,Contagem,MG,01068
CLI002042,B2C,2026-03-01,social pago,SOC-202603,,,Pelotas,RS,54714
CLI002043,B2C,2025-07-10,busca paga,SEA-202507,,,São José dos Campos,SP,96656
CLI002044,B2C,2025-06-21,indicação,,,,Canoas,RS,08007
CLI002045,B2C,2025-12-15,indicação,,,,Rio de Janeiro,RJ,54675
CLI002046,B2C,2025-07-29,busca paga,SEA-202507,,,Pelotas,RS,25259
CLI002047,B2C,2025-04-23,indicação,,,,Volta Redonda,RJ,81992
CLI002048,B2C,2025-06-24,social pago,SOC-202506,,,Brasília,DF,95594
CLI002049,B2C,2025-04-17,orgânico,,,,Bauru,SP,70713
CLI002050,B2C,2025-08-23,busca paga,SEA-202508,,,Ribeirão Preto,SP,89804
CLI002051,B2C,2025-01-04,influenciador,INF-202501,,,Pouso Alegre,MG,88464
CLI002052,B2C,2025-04-17,CRM,,,,Brasília,DF,14074
CLI002053,B2C,2026-03-22,social pago,SOC-202603,,,Ribeirão Preto,SP,28391
CLI002054,B2C,2025-01-31,busca paga,SEA-202501,,,Jaboatão dos Guararapes Mun.,PE,98332
CLI002055,B2C,2026-05-06,indicação,,,,Cascavel,PR,11073
CLI002056,B2C,2025-05-17,influenciador,INF-202505,,,Londrina,PR,03281
CLI002057,B2C,2026-02-25,influenciador,INF-202602,,,Americana,SP,41011
CLI002058,B2C,2025-03-12,social pago,SOC-202503,,,Maringá,PR,58035
CLI002059,B2C,2025-04-23,CRM,,,,Uberlândia,MG,05946
CLI002060,B2C,2025-03-12,CRM,,,,Limeira,SP,75493
CLI002061,B2C,2026-03-23,,SEA-202603,,,Chapecó,SC,27121
CLI002062,B2C,2025-02-17,influenciador,INF-202502,,,Caxias do Sul,RS,80401
CLI002063,B2C,2026-01-12,orgânico,,,,Sorocaba,SP,25818
CLI002064,B2C,2025-06-29,indicação,,,,Maringá,PR,10459
CLI002065,B2C,2025-03-08,orgânico,,,,Curitiba,PR,10724
CLI002066,B2C,2026-03-12,busca paga,SEA-202603,,,Feira de Santana,BA,50751
CLI002067,B2C,2026-04-13,influenciador,INF-202604,,,Bauru,SP,88051
CLI002068,B2C,2025-01-18,orgânico,,,,Americana,SP,75198
CLI002069,B2C,2026-05-23,busca paga,SEA-202605,,,Niterói,RJ,82033
CLI002070,B2C,2025-02-12,,SEA-202502,,,Juazeiro do Norte,CE,36290
CLI002071,B2C,2025-04-13,CRM,,,,São José dos Campos,SP,91368
CLI002072,B2C,2025-02-04,indicação,,,,Ribeirão Preto,SP,17051
CLI002073,B2C,2026-05-05,social pago,SOC-202605,,,Porto Alegre,RS,31478
CLI002074,B2C,2025-04-28,social pago,SOC-202504,,,Cascavel,PR,55396
CLI002075,B2C,2026-04-27,indicação,,,,Anápolis,GO,26713
CLI002076,B2C,2026-03-15,indicação,,,,Jundiaí,SP,83440
CLI002077,B2C,2026-03-16,orgânico,,,,Bauru,SP,61426
CLI002078,B2C,2026-03-16,busca paga,SEA-202603,,,Limeira,SP,24806
CLI002079,B2C,2025-11-15,social pago,SOC-202511,,,Pouso Alegre,MG,54785
CLI002080,B2C,2026-05-03,influenciador,INF-202605,,,Piracicaba,SP,30198
CLI002081,B2C,2025-07-16,social pago,SOC-202507,,,Recife,PE,07485
CLI002082,B2C,2025-03-19,orgânico,,,,Bauru,SP,48411
CLI002083,B2C,2026-03-02,influenciador,INF-202603,,,Jundiaí,SP,78651
CLI002084,B2C,2025-05-05,social pago,SOC-202505,,,São Paulo,SP,59268
CLI002085,B2C,2026-05-07,indicação,,,,Cascavel,PR,88565
CLI002086,B2C,2025-08-19,social pago,SOC-202508,,,Londrina,PR,69196
CLI002087,B2C,2025-03-17,orgânico,,,,Sorocaba,SP,20688
CLI002088,B2C,2025-09-04,,,,,Juiz de Fora,MG,70409
CLI002089,B2C,2025-10-11,social pago,SOC-202510,,,Ribeirão Preto,SP,91424
CLI002090,B2C,2026-06-03,social pago,SOC-202606,,,Anápolis,GO,28503
CLI002091,B2C,2026-04-11,orgânico,,,,Piracicaba,SP,93311
CLI002092,B2C,2026-05-14,social pago,SOC-202605,,,Uberaba,MG,67290
CLI002093,B2C,2025-05-09,social pago,SOC-202505,,,Contagem,MG,34163
CLI002094,B2C,2026-03-24,busca paga,SEA-202603,,,Londrina,PR,17612
CLI002095,B2C,2025-12-29,busca paga,SEA-202512,,,Belo Horizonte,MG,84292
CLI002096,B2C,2025-09-08,indicação,,,,Salvador,BA,10865
CLI002097,B2C,2025-08-01,orgânico,,,,Ponta Grossa,PR,98959
CLI002098,B2C,2026-03-01,busca paga,SEA-202603,,,Bauru,SP,34142
CLI002099,B2C,2026-04-20,social pago,SOC-202604,,,Vitória da Conquista,BA,65875
CLI002100,B2C,2025-03-11,indicação,,,,São José dos Campos,SP,02801
CLI002101,B2C,2026-05-08,busca paga,SEA-202605,,,Pouso Alegre,MG,99693
CLI002102,B2C,2025-03-08,busca paga,SEA-202503,,,São José dos Campos,SP,52070
CLI002103,B2C,2026-02-26,orgânico,,,,Pelotas,RS,81645
CLI002104,B2C,2026-02-09,busca paga,SEA-202602,,,Blumenau,SC,82593
CLI002105,B2C,2026-01-27,orgânico,,,,Campinas,SP,58451
CLI002106,B2C,2025-04-25,orgânico,,,,Rondonópolis,MT,14078
CLI002107,B2C,2025-07-20,busca paga,SEA-202507,,,São José dos Campos,SP,10735
CLI002108,B2C,2025-02-27,indicação,,,,Blumenau,SC,77790
CLI002109,B2C,2025-11-17,indicação,,,,Maringá,PR,74982
CLI002110,B2C,2025-04-01,social pago,SOC-202504,,,Piracicaba,SP,18289
CLI002111,B2C,2026-02-05,influenciador,INF-202602,,,Contagem,MG,02038
CLI002112,B2C,2025-06-05,busca paga,SEA-202506,,,Piracicaba,SP,03763
CLI002113,B2C,2025-07-08,orgânico,,,,Niterói,RJ,47409
CLI002114,B2C,2026-05-24,influenciador,INF-202605,,,Blumenau,SC,19890
CLI002115,B2C,2025-08-15,CRM,,,,Pouso Alegre,MG,13353
CLI002116,B2C,2025-11-24,social pago,SOC-202511,,,Americana,SP,53366
CLI002117,B2C,2025-12-23,social pago,SOC-202512,,,Campinas,SP,58256
CLI002118,B2C,2025-07-27,orgânico,,,,Petrópolis,RJ,59001
CLI002119,B2C,2025-04-16,influenciador,INF-202504,,,Contagem.,MG,21032
CLI002120,B2C,2026-01-15,busca paga,SEA-202601,,,São José dos Campos,SP,75095
CLI002121,B2C,2025-04-04,social pago,SOC-202504,,,Juiz de Fora,MG,24801
CLI002122,B2C,2025-11-18,orgânico,,,,Ponta Grossa,PR,35343
CLI002123,B2C,2026-06-05,CRM,,,,Vitória,ES,34405
CLI002124,B2C,2025-04-12,indicação,,,,São José dos Campos,SP,77821
CLI002125,B2C,2025-04-24,social pago,SOC-202504,,,Limeira,SP,58266
CLI002126,B2C,2025-08-04,busca paga,SEA-202508,,,Bauru,SP,34106
CLI002127,B2C,2026-02-14,influenciador,INF-202602,,,Uberaba,MG,85090
CLI002128,B2C,2026-04-02,busca paga,SEA-202604,,,Americana,SP,42943
CLI002129,B2C,2025-07-09,influenciador,INF-202507,,,Uberlândia,MG,36534
CLI002130,B2C,2025-11-23,busca paga,SEA-202511,,,Florianópolis,SC,21328
CLI002131,B2C,2026-02-25,orgânico,,,,Piracicaba,SP,42544
CLI002132,B2C,2025-05-06,social pago,SOC-202505,,,Florianópolis,SC,82979
CLI002133,B2C,2026-02-26,influenciador,INF-202602,,,Sorocaba,SP,42552
CLI002134,B2C,2026-02-07,busca paga,SEA-202602,,,Florianópolis,SC,40240
CLI002135,B2C,2025-10-31,social pago,SOC-202510,,,Goiânia,GO,16669
CLI002136,B2C,2026-03-02,social pago,SOC-202603,,,Piracicaba,SP,37214
CLI002137,B2C,2025-08-14,busca paga,SEA-202508,,,Sorocaba,SP,04358
CLI002138,B2C,2025-03-04,busca paga,SEA-202503,,,Belo Horizonte,MG,65439
CLI002139,B2C,2025-10-07,orgânico,,,,Juiz de Fora,MG,26033
CLI002140,B2C,2025-04-05,,SOC-202504,,,Caruaru,PE,63447
CLI002141,B2C,2026-01-13,CRM,,,,Niterói,RJ,17430
CLI002142,B2C,2025-12-05,social pago,SOC-202512,,,Canoas,RS,18124
CLI002143,B2C,2025-10-30,orgânico,,,,Sorocaba,SP,78580
CLI002144,B2C,2025-04-06,,,,,São José dos Campos,SP,09287
CLI002145,B2C,2025-04-26,orgânico,,,,Campinas,SP,59614
CLI002146,B2C,2026-01-07,social pago,SOC-202601,,,São Paulo,SP,11535
CLI002147,B2C,2025-11-22,busca paga,SEA-202511,,,Juiz de Fora,MG,66956
CLI002148,B2C,2025-10-04,busca paga,SEA-202510,,,Americana,SP,99852
CLI002149,B2C,2025-03-23,indicação,,,,Petrópolis,RJ,23289
CLI002150,B2C,2026-06-15,influenciador,INF-202606,,,Canoas,RS,12607
CLI002151,B2C,2025-03-27,indicação,,,,Pouso Alegre,MG,10621
CLI002152,B2C,2025-12-10,busca paga,SEA-202512,,,American,SP,11114
CLI002153,B2C,2025-06-04,,,,,Limeira.,SP,31179
CLI002154,B2C,2026-05-29,busca paga,SEA-202605,,,Americana,SP,63925
CLI002155,B2C,2025-10-25,orgânico,,,,Cascavel,PR,82791
CLI002156,B2C,2026-05-01,influenciador,INF-202605,,,Americana,SP,92903
CLI002157,B2C,2026-06-06,social pago,SOC-202606,,,Limeira,SP,06284
CLI002158,B2C,2026-01-30,busca paga,SEA-202601,,,Campinas.,SP,11314
CLI002159,B2C,2025-07-22,busca paga,SEA-202507,,,Jundiaí,SP,30963
CLI002160,B2C,2025-10-09,orgânico,,,,Pelotas,RS,98998
CLI002161,B2C,2026-02-05,social pago,SOC-202602,,,Jundiaí,SP,06775
CLI002162,B2C,2025-10-29,busca paga,SEA-202510,,,Bauru,SP,45023
CLI002163,B2C,2025-06-05,influenciador,INF-202506,,,Bauru,SP,87805
CLI002164,B2C,2025-04-24,influenciador,INF-202504,,,Porto Alegre Mun.,RS,68631
CLI002165,B2C,2025-12-22,busca paga,SEA-202512,,,São José dos Campos.,SP,95405
CLI002166,B2C,2026-06-13,social pago,SOC-202606,,,Ribeirão Preto,SP,57012
CLI002167,B2C,2025-10-14,orgânico,,,,Feira de Santana,BA,35506
CLI002168,B2C,2026-03-10,social pago,SOC-202603,,,Uberlândia,MG,36269
CLI002169,B2C,2025-04-22,CRM,,,,Porto Alegre,RS,47367
CLI002170,B2C,2025-08-22,CRM,,,,Bauru,SP,10119
CLI002171,B2C,2025-09-25,social pago,SOC-202509,,,Piracicaba,SP,64571
CLI002172,B2C,2026-04-17,social pago,INF-202604,,,Pelotas,RS,53325
CLI002173,B2C,2026-01-22,orgânico,,,,Volta Redonda,RJ,46652
CLI002174,B2C,2025-10-09,orgânico,,,,São Paulo,SP,70836
CLI002175,B2C,2025-04-27,orgânico,,,,Jaboatão dos Guararapes.,PE,66687
CLI002176,B2C,2025-07-29,orgânico,,,,Jundiaí,SP,29532
CLI002177,B2C,2026-04-02,orgânico,,,,Limeir,SP,73342
CLI002178,B2C,2026-01-20,social pago,SOC-202601,,,Jundiaí,SP,49815
CLI002179,B2C,2025-11-11,social pago,SOC-202511,,,Piracicaba,SP,29396
CLI002180,B2C,2026-05-21,busca paga,SEA-202605,,,Londrina,PR,77580
CLI002181,B2C,2026-04-16,social pago,SOC-202604,,,Piracicaba,SP,05947
CLI002182,B2C,2026-01-24,busca paga,SEA-202601,,,Brasília,DF,34689
CLI002183,B2C,2026-05-24,social pago,SOC-202605,,,Salvador,BA,35442
CLI002184,B2C,2025-04-22,orgânico,,,,São José dos Campos,SP,47755
CLI002185,B2C,2025-08-19,social pago,SOC-202508,,,São Paulo,SP,49735
CLI002186,B2C,2025-09-04,orgânico,,,,Campinas,SP,07640
CLI002187,B2C,2026-05-30,orgânico,,,,Sorocaba,SP,20052
CLI002188,B2C,2025-02-09,social pago,SOC-202502,,,Porto Alegre,RS,28212
CLI002189,B2C,2025-12-24,CRM,,,,Jundiaí,SP,78252
CLI002190,B2C,2025-12-02,indicação,,,,Campinas,SP,04898
CLI002191,B2C,2026-03-26,influenciador,INF-202603,,,Recife,PE,83545
CLI002192,B2C,2026-03-22,indicação,,,,São Paulo,SP,91304
CLI002193,B2C,2025-07-31,social pago,SOC-202507,,,Pelotas,RS,41974
CLI002194,B2C,2026-03-25,orgânico,,,,Ribeirão Preto,SP,77670
CLI002195,B2C,2025-05-19,social pago,SOC-202505,,,Sorocaba,SP,85193
CLI002196,B2C,2025-10-27,busca paga,SEA-202510,,,Chapecó,SC,87866
CLI002197,B2C,2025-10-01,social pago,SOC-202510,,,Santarém,PA,72084
CLI002198,B2C,2025-05-20,social pago,SOC-202505,,,Uberaba,MG,97588
CLI002199,B2C,2025-04-16,orgânico,,,,Bauru,SP,67231
CLI002200,B2C,2025-11-26,orgânico,,,,Uberlândia,MG,66513
CLI002201,B2C,2026-05-15,busca paga,SEA-202605,,,Canoas.,RS,78020
CLI002202,B2C,2025-01-14,busca paga,SEA-202501,,,Sorocaba,SP,77808
CLI002203,B2C,2026-01-22,social pago,SOC-202601,,,Sorocaba,SP,34805
CLI002204,B2C,2026-06-12,social pago,SOC-202606,,,Petrópolis,RJ,72641
CLI002205,B2C,2025-07-05,orgânico,,,,Curitiba,PR,26659
CLI002206,B2C,2025-08-06,orgânico,,,,Americana,SP,77574
CLI002207,B2C,2026-03-22,,INF-202603,,,Cascavel,PR,47874
CLI002208,B2C,2026-05-01,social pago,SOC-202605,,,Bauru,SP,64854
CLI002209,B2C,2025-07-19,,SOC-202507,,,Blumenau,SC,33468
CLI002210,B2C,2025-05-30,social pago,SOC-202505,,,Ribeirão Preto,SP,70369
CLI002211,B2C,2026-01-18,social pago,SOC-202601,,,São Paulo Mun.,SP,72669
CLI002212,B2C,2025-09-13,orgânico,,,,Canoas,RS,27317
CLI002213,B2C,2025-08-31,orgânico,,,,Uberaba,MG,29316
CLI002214,B2C,2025-11-14,indicação,,,,Campinas,SP,17110
CLI002215,B2C,2026-01-03,influenciador,INF-202601,,,Bauru,SP,50359
CLI002216,B2C,2025-07-03,orgânico,,,,Campinas,SP,16600
CLI002217,B2C,2026-03-10,indicação,,,,São José dos Campos,SP,33831
CLI002218,B2C,2025-03-29,social pago,SOC-202503,,,Campinas,SP,02472
CLI002219,B2C,2025-11-16,orgânico,,,,Piracicaba,SP,22237
CLI002220,B2C,2025-05-19,social pago,SOC-202505,,,Caxias do Sul,RS,49923
CLI002221,B2C,2025-06-19,influenciador,INF-202506,,,Limeira,SP,37780
CLI002222,B2C,2026-04-18,orgânico,,,,Jundiaí,SP,84003
CLI002223,B2C,2026-01-02,busca paga,SEA-202601,,,Brasília,DF,16223
CLI002224,B2C,2025-04-03,CRM,,,,Ribeirão Preto,SP,03557
CLI002225,B2C,2025-09-20,indicação,,,,Blumenau,SC,61918
CLI002226,B2C,2025-01-15,indicação,,,,Curitiba,PR,48100
CLI002227,B2C,2025-06-30,,SOC-202506,,,Uberlândia,MG,10686
CLI002228,B2C,2026-03-08,orgânico,,,,Limeira,SP,50377
CLI002229,B2C,2025-08-16,orgânico,,,,Piracicaba,SP,19213
CLI002230,B2C,2026-02-04,indicação,,,,Campinas,SP,57709
CLI002231,B2C,2025-10-31,busca paga,SEA-202510,,,Americana,SP,86313
CLI002232,B2C,2025-10-03,social pago,SOC-202510,,,São José dos Campos,SP,34313
CLI002233,B2C,2026-04-30,influenciador,INF-202604,,,Ribeirão Preto,SP,67059
CLI002234,B2C,2026-04-10,busca paga,SEA-202604,,,Ponta Grossa,PR,65289
CLI002235,B2C,2025-09-06,social pago,SOC-202509,,,Belém,PA,87775
CLI002236,B2C,2025-01-30,indicação,,,,Petrópolis,RJ,16781
CLI002237,B2C,2025-02-28,busca paga,SEA-202502,,,Uberlândia,MG,16113
CLI002238,B2C,2025-04-19,orgânico,,,,Piracicaba,SP,27772
CLI002239,B2C,2025-04-08,indicação,,,,Pelotas Mun.,RS,21719
CLI002240,B2C,2025-06-25,orgânico,,,,Feira de Santana,BA,48159
CLI002241,B2C,2025-11-02,busca paga,SEA-202511,,,São José dos Campos.,SP,41340
CLI002242,B2C,2026-03-16,influenciador,INF-202603,,,Anápolis,GO,87170
CLI002243,B2C,2025-11-17,CRM,,,,Juiz de Fora.,MG,51535
CLI002244,B2C,2025-11-08,indicação,,,,Porto Alegre,RS,29901
CLI002245,B2C,2025-06-26,,SOC-202506,,,Piracicaba,SP,98575
CLI002246,B2C,2025-02-27,indicação,,,,Vitória da Conquista,BA,21379
CLI002247,B2C,2025-09-10,social pago,SOC-202509,,,Blumenau,SC,43314
CLI002248,B2C,2025-06-29,busca paga,SEA-202506,,,Americana,SP,76269
CLI002249,B2C,2025-01-15,orgânico,,,,Pelotas,RS,82828
CLI002250,B2C,2025-03-31,busca paga,SEA-202503,,,Londrina,PR,86874
CLI002251,B2C,2025-12-07,social pago,SOC-202512,,,Chapecó,SC,77143
CLI002252,B2C,2025-12-12,indicação,,,,Campinas,SP,35377
CLI002253,B2C,2025-01-04,social pago,SOC-202501,,,Contagem,MG,83714
CLI002254,B2C,2025-12-20,busca paga,SEA-202512,,,Bauru,SP,67437
CLI002255,B2C,2025-10-22,indicação,,,,Petrópolis,RJ,20927
CLI002256,B2C,2025-03-20,social pago,SOC-202503,,,Limeira,SP,66992
CLI002257,B2C,2025-05-08,social pago,SOC-202505,,,Goiânia,GO,69799
CLI002258,B2C,2025-07-24,orgânico,,,,Sorocaba,SP,14749
CLI002259,B2C,2025-01-15,orgânico,,,,Jundiaí,SP,78982
CLI002260,B2C,2026-06-05,social pago,SOC-202606,,,Vila Velha,ES,30851
CLI002261,B2C,2026-04-16,social pago,SOC-202604,,,Goiânia,GO,72536
CLI002262,B2C,2026-05-15,social pago,SOC-202605,,,Curitiba,PR,96971
CLI002263,B2C,2026-04-23,social pago,SOC-202604,,,Maringá,PR,07998
CLI002264,B2C,2025-01-09,social pago,SOC-202501,,,São José dos Campos,SP,50287
CLI002265,B2C,2026-03-14,influenciador,INF-202603,,,Jaboatão dos Guararapes,PE,29687
CLI002266,B2C,2026-06-12,social pago,SOC-202606,,,Blumenau,SC,64528
CLI002267,B2C,2026-01-25,,SOC-202601,,,Pouso Alegre,MG,97521
CLI002268,B2C,2025-02-21,social pago,SOC-202502,,,Jundiaí,SP,85759
CLI002269,B2C,2025-08-20,influenciador,INF-202508,,,Maringá,PR,90120
CLI002270,B2C,2026-05-30,social pago,SOC-202605,,,Campinas,SP,53391
CLI002271,B2C,2025-03-08,social pago,SOC-202503,,,Aparecida de Goiânia,GO,06213
CLI002272,B2C,2025-07-31,indicação,,,,Uberaba,MG,27872
CLI002273,B2C,2025-09-06,indicação,,,,Juiz de Fora,MG,77145
CLI002274,B2C,2026-01-30,orgânico,,,,Sorocaba,SP,74077
CLI002275,B2C,2025-01-30,CRM,,,,Bauru Mun.,SP,12143
CLI002276,B2C,2025-11-22,influenciador,INF-202511,,,Bauru,SP,23222
CLI002277,B2C,2025-09-12,orgânico,,,,Aparecida de Goiânia,GO,79090
CLI002278,B2C,2025-02-23,CRM,,,,São José dos Campos,SP,42003
CLI002279,B2C,2025-05-02,CRM,,,,Pouso Alegre,MG,46071
CLI002280,B2C,2025-07-15,busca paga,SEA-202507,,,Uberlândia,MG,68541
CLI002281,B2C,2025-06-01,orgânico,,,,Limeira,SP,40920
CLI002282,B2C,2025-02-25,orgânico,,,,Vitória da Conquista,BA,11266
CLI002283,B2C,2025-09-09,indicação,,,,Bauru,SP,88576
CLI002284,B2C,2026-05-29,influenciador,INF-202605,,,Florianópolis,SC,12498
CLI002285,B2C,2026-05-15,orgânico,,,,Jundiaí,SP,37058
CLI002286,B2C,2025-07-21,social pago,SOC-202507,,,Belo Horizont,MG,96591
CLI002287,B2C,2026-02-16,social pago,SOC-202602,,,Piracicaba,SP,13135
CLI002288,B2C,2025-11-27,CRM,,,,Bauru,SP,77302
CLI002289,B2C,2025-10-05,indicação,,,,Bauru,SP,74784
CLI002290,B2C,2025-04-05,influenciador,INF-202504,,,Campinas,SP,86857
CLI002291,B2C,2026-04-09,indicação,,,,Jaboatão dos Guararapes,PE,38070
CLI002292,B2C,2026-04-13,orgânico,,,,Joinville,SC,66517
CLI002293,B2C,2025-08-02,influenciador,INF-202508,,,Americana,SP,66064
CLI002294,B2C,2025-07-08,orgânico,,,,Pouso Alegre,MG,83954
CLI002295,B2C,2025-09-09,busca paga,SEA-202509,,,Contagem,MG,39874
CLI002296,B2C,2026-04-17,indicação,,,,Manaus,AM,74990
CLI002297,B2C,2025-01-13,busca paga,SEA-202501,,,Niterói,RJ,76043
CLI002298,B2C,2026-01-06,influenciador,INF-202601,,,Brasília,DF,34066
CLI002299,B2C,2026-06-04,influenciador,INF-202606,,,Volta Redonda,RJ,46916
CLI002300,B2C,2025-12-15,orgânico,,,,Feira de Santana,BA,06937
CLI002301,B2C,2025-03-11,social pago,SOC-202503,,,Ponta Grossa,PR,24811
CLI002302,B2C,2026-05-15,orgânico,,,,Sorocaba,SP,11972
CLI002303,B2C,2026-01-11,busca paga,SEA-202601,,,Jundiaí,SP,98007
CLI002304,B2C,2025-07-11,busca paga,SEA-202507,,,São Paulo,SP,24982
CLI002305,B2C,2026-02-12,influenciador,INF-202602,,,Piracicaba,SP,62774
CLI002306,B2C,2025-02-28,busca paga,SEA-202502,,,Sorocaba,SP,47714
CLI002307,B2C,2025-08-28,influenciador,INF-202508,,,Uberaba Mun.,MG,47018
CLI002308,B2C,2026-03-22,social pago,SOC-202603,,,Uberlândia,MG,14267
CLI002309,B2C,2025-10-21,busca paga,SEA-202510,,,Americana,SP,52711
CLI002310,B2C,2026-05-29,busca paga,SEA-202605,,,Uberlândia,MG,93529
CLI002311,B2C,2026-03-16,influenciador,INF-202603,,,São José dos Campos Mun.,SP,75057
CLI002312,B2C,2025-02-02,social pago,SOC-202502,,,Jaboatão dos Guararapes,PE,55018
CLI002313,B2C,2025-05-27,CRM,,,,Jundiaí,SP,53375
CLI002314,B2C,2025-11-08,,,,,São José dos Campos,SP,68360
CLI002315,B2C,2026-05-02,busca paga,SEA-202605,,,Americana,SP,12667
CLI002316,B2C,2025-02-24,indicação,,,,Vitória,ES,12958
CLI002317,B2C,2025-05-30,indicação,,,,Salvador,BA,26412
CLI002318,B2C,2025-02-22,influenciador,INF-202502,,,Bauru,SP,80485
CLI002319,B2C,2026-03-27,CRM,,,,Ponta Grossa,PR,99331
CLI002320,B2C,2026-05-14,CRM,,,,Salvador,BA,49450
CLI002321,B2C,2025-12-07,indicação,,,,Piracicaba,SP,37914
CLI002322,B2C,2026-02-06,busca paga,SEA-202602,,,Limeira,SP,26238
CLI002323,B2C,2026-06-06,orgânico,,,,Pelotas,RS,84817
CLI002324,B2C,2026-01-01,orgânico,,,,Curitiba.,PR,51678
CLI002325,B2C,2025-01-23,social pago,SOC-202501,,,São José dos Campos,SP,08631
CLI002326,B2C,2026-01-21,busca paga,SEA-202601,,,Juiz de Fora,MG,14299
CLI002327,B2C,2025-07-12,,INF-202507,,,Ribeirão Preto,SP,79021
CLI002328,B2C,2026-03-21,influenciador,INF-202603,,,Curitiba,PR,61181
CLI002329,B2C,2025-05-17,influenciador,INF-202505,,,Limeira,SP,66279
CLI002330,B2C,2025-06-27,influenciador,INF-202506,,,São Paulo,SP,78828
CLI002331,B2C,2026-02-01,orgânico,,,,Recife,PE,59835
CLI002332,B2C,2025-06-03,,INF-202506,,,São José dos Campos,SP,84800
CLI002333,B2C,2025-01-26,orgânico,,,,Sorocaba,SP,60316
CLI002334,B2C,2025-01-27,influenciador,INF-202501,,,Campinas,SP,59857
CLI002335,B2C,2026-03-28,influenciador,INF-202603,,,Maringá.,PR,79533
CLI002336,B2C,2026-02-10,social pago,SOC-202602,,,Juiz de Fora,MG,10101
CLI002337,B2C,2025-06-21,CRM,,,,Fortaleza,CE,98767
CLI002338,B2C,2026-06-08,orgânico,,,,Vitória da Conquista,BA,03398
CLI002339,B2C,2026-04-25,,SOC-202604,,,Sorocaba,SP,96128
CLI002340,B2C,2025-03-20,influenciador,INF-202503,,,Petrópolis,RJ,79091
CLI002341,B2C,2025-12-09,social pago,SOC-202512,,,Fortaleza,CE,12164
CLI002342,B2C,2026-04-11,busca paga,SEA-202604,,,São José dos Campos Mun.,SP,06172
CLI002343,B2C,2025-12-25,CRM,,,,Blumenau,SC,91474
CLI002344,B2C,2026-03-12,busca paga,SEA-202603,,,Niterói,RJ,45752
CLI002345,B2C,2025-01-02,orgânico,,,,Niterói,RJ,04569
CLI002346,B2C,2025-04-05,indicação,,,,Aparecida de Goiânia,GO,88664
CLI002347,B2C,2025-07-01,orgânico,,,,Ribeirão Preto,SP,31814
CLI002348,B2C,2026-05-13,orgânico,,,,Rio de Janeiro,RJ,53949
CLI002349,B2C,2025-12-24,social pago,SOC-202512,,,São Paulo,SP,22835
CLI002350,B2C,2025-06-02,social pago,SOC-202506,,,Piracicaba,SP,53394
CLI002351,B2C,2026-06-14,influenciador,INF-202606,,,Rio de Janeiro,RJ,39767
CLI002352,B2C,2025-01-06,orgânico,,,,Jundiaí,SP,77609
CLI002353,B2C,2025-12-09,orgânico,,,,Americana,SP,15279
CLI002354,B2C,2025-11-16,social pago,SOC-202511,,,Juazeiro do Nort,CE,90029
CLI002355,B2C,2025-12-06,influenciador,INF-202512,,,Ponta Grossa,PR,81640
CLI002356,B2C,2025-12-08,busca paga,SEA-202512,,,Juazeiro do Norte,CE,35785
CLI002357,B2C,2025-08-21,CRM,,,,Jundiaí,SP,94560
CLI002358,B2C,2025-02-27,orgânico,,,,Porto Alegre,RS,41477
CLI002359,B2C,2025-09-10,social pago,SOC-202509,,,Vila Velha,ES,85794
CLI002360,B2C,2026-01-29,influenciador,INF-202601,,,Contagem,MG,94071
CLI002361,B2C,2025-02-07,busca paga,SEA-202502,,,Campinas,SP,55932
CLI002362,B2C,2026-02-04,social pago,SOC-202602,,,Joinville Mun.,SC,76616
CLI002363,B2C,2025-03-03,orgânico,,,,Uberlândia,MG,36142
CLI002364,B2C,2025-02-27,social pago,SOC-202502,,,Caxias do Sul,RS,56903
CLI002365,B2C,2025-12-20,social pago,SOC-202512,,,Piracicaba,SP,80794
CLI002366,B2C,2025-01-31,social pago,SOC-202501,,,Jaboatão dos Guararapes,PE,91362
CLI002367,B2C,2026-02-09,indicação,,,,Ribeirão Preto,SP,64127
CLI002368,B2C,2025-10-27,social pago,SOC-202510,,,Blumenau,SC,40653
CLI002369,B2C,2025-06-07,CRM,,,,Campinas,SP,62017
CLI002370,B2C,2025-07-18,indicação,,,,Americana,SP,89986
CLI002371,B2C,2025-08-09,orgânico,,,,Jundiaí,SP,30041
CLI002372,B2C,2025-08-07,influenciador,INF-202508,,,Campinas,SP,62648
CLI002373,B2C,2025-02-14,orgânico,,,,São Paulo,SP,23989
CLI002374,B2C,2025-08-27,orgânico,,,,São Paulo,SP,36501
CLI002375,B2C,2026-04-08,influenciador,INF-202604,,,Jundiaí,SP,09411
CLI002376,B2C,2025-11-21,social pago,SOC-202511,,,Rio de Janeiro,RJ,60159
CLI002377,B2C,2025-12-25,orgânico,,,,Campinas,SP,78359
CLI002378,B2C,2025-04-15,CRM,,,,Vitória Mun.,ES,24554
CLI002379,B2C,2025-04-22,orgânico,,,,Ribeirão Preto,SP,26221
CLI002380,B2C,2025-01-11,influenciador,INF-202501,,,Petrópolis,RJ,82184
CLI002381,B2C,2026-01-11,orgânico,,,,Sorocaba,SP,11405
CLI002382,B2C,2026-02-16,,,,,Porto Alegre,RS,90708
CLI002383,B2C,2026-03-02,busca paga,SEA-202603,,,Ponta Grossa,PR,88543
CLI002384,B2C,2026-05-16,social pago,SOC-202605,,,Limeira,SP,68755
CLI002385,B2C,2025-12-19,influenciador,INF-202512,,,Uberlândia,MG,04408
CLI002386,B2C,2026-05-10,social pago,SOC-202605,,,Americana,SP,13758
CLI002387,B2C,2026-04-02,busca paga,SEA-202604,,,Maringá,PR,53698
CLI002388,B2C,2025-02-11,busca paga,SEA-202502,,,Rio de Janeiro,RJ,05498
CLI002389,B2C,2026-02-06,social pago,SOC-202602,,,Bauru,SP,86120
CLI002390,B2C,2025-11-03,social pago,SOC-202511,,,Canoas,RS,08821
CLI002391,B2C,2025-11-16,CRM,,,,Americana,SP,54711
CLI002392,B2C,2026-03-12,social pago,SOC-202603,,,São José dos Campos.,SP,91626
CLI002393,B2C,2026-05-23,busca paga,SEA-202605,,,Manaus,AM,69064
CLI002394,B2C,2026-04-15,social pago,SOC-202604,,,São Paulo,SP,86192
CLI002395,B2C,2025-10-12,orgânico,,,,Salvador,BA,13376
CLI002396,B2C,2025-10-23,orgânico,,,,Pouso Alegre,MG,90926
CLI002397,B2C,2026-06-11,social pago,SOC-202606,,,Bauru.,SP,89569
CLI002398,B2C,2025-11-11,social pago,SOC-202511,,,Niterói,RJ,31608
CLI002399,B2C,2026-03-25,orgânico,,,,Fortaleza,CE,67988
CLI002400,B2C,2026-01-20,busca paga,SEA-202601,,,Rio de Janeiro,RJ,14463
CLI002401,B2C,2025-10-09,busca paga,SEA-202510,,,Campinas,SP,23088
CLI002402,B2C,2025-02-01,,,,,Campinas,SP,53253
CLI002403,B2C,2025-08-08,orgânico,,,,Recife,PE,38019
CLI002404,B2C,2025-04-11,busca paga,SEA-202504,,,Aparecida de Goiânia,GO,87298
CLI002405,B2C,2025-01-20,social pago,SOC-202501,,,Curitiba,PR,20677
CLI002406,B2C,2026-03-30,CRM,,,,Sorocaba,SP,71135
CLI002407,B2C,2025-08-16,indicação,,,,Campinas,SP,06865
CLI002408,B2C,2025-02-01,indicação,,,,Ribeirão Preto,SP,94979
CLI002409,B2C,2025-04-02,CRM,,,,Juiz de Fora,MG,33233
CLI002410,B2C,2026-05-18,indicação,,,,Belo Horizonte,MG,87531
CLI002411,B2C,2025-02-14,indicação,,,,Limeira,SP,68185
CLI002412,B2C,2025-07-12,influenciador,INF-202507,,,Campinas,SP,28144
CLI002413,B2C,2025-07-22,busca paga,SEA-202507,,,Jaboatão dos Guararapes,PE,71641
CLI002414,B2C,2026-06-06,influenciador,INF-202606,,,Caxias do Sul,RS,24542
CLI002415,B2C,2025-02-14,social pago,SOC-202502,,,Jundiaí,SP,57409
CLI002416,B2C,2025-02-02,influenciador,INF-202502,,,Uberlândia Mun.,MG,88687
CLI002417,B2C,2026-01-30,influenciador,INF-202601,,,Chapecó,SC,63925
CLI002418,B2C,2025-03-04,influenciador,INF-202503,,,Ribeirão Preto,SP,50587
CLI002419,B2C,2025-04-01,indicação,,,,Campinas,SP,32611
CLI002420,B2C,2026-06-02,orgânico,,,,Ribeirão Preto,SP,01017
CLI002421,B2C,2026-04-12,social pago,SOC-202604,,,Serra,ES,75915
CLI002422,B2C,2026-04-09,busca paga,SEA-202604,,,Piracicaba,SP,47638
CLI002423,B2C,2025-02-26,social pago,SOC-202502,,,Rio de Janeiro,RJ,86837
CLI002424,B2C,2025-01-01,orgânico,,,,Caxias do Sul,RS,21321
CLI002425,B2C,2025-12-02,influenciador,INF-202512,,,Londrina,PR,97704
CLI002426,B2C,2025-11-12,indicação,,,,Piracicaba,SP,48614
CLI002427,B2C,2025-10-18,social pago,SOC-202510,,,Bauru.,SP,96222
CLI002428,B2C,2025-01-29,busca paga,SEA-202501,,,Brasília,DF,87171
CLI002429,B2C,2025-03-03,busca paga,SEA-202503,,,Belo Horizonte,MG,99931
CLI002430,B2C,2025-11-09,social pago,SOC-202511,,,São José dos Campos,SP,22700
CLI002431,B2C,2026-02-06,busca paga,SEA-202602,,,Ribeirão Preto,SP,61178
CLI002432,B2C,2026-02-04,busca paga,SEA-202602,,,São José dos Campos,SP,58860
CLI002433,B2C,2025-04-16,indicação,,,,Jundiaí,SP,48733
CLI002434,B2C,2025-11-06,CRM,,,,Vitória da Conquist,BA,99943
CLI002435,B2C,2025-10-16,busca paga,SEA-202510,,,Ribeirão Preto Mun.,SP,23601
CLI002436,B2C,2025-02-15,indicação,,,,Jundiaí,SP,83470
CLI002437,B2C,2025-09-04,social pago,SOC-202509,,,Jundiaí,SP,42282
CLI002438,B2C,2025-05-16,indicação,,,,Bauru,SP,18369
CLI002439,B2C,2026-06-14,influenciador,INF-202606,,,Uberlândia,MG,73186
CLI002440,B2C,2025-11-23,busca paga,SEA-202511,,,Americana,SP,61969
CLI002441,B2C,2025-09-21,influenciador,INF-202509,,,São Paulo,SP,90119
CLI002442,B2C,2026-03-30,influenciador,INF-202603,,,Piracicaba,SP,62994
CLI002443,B2C,2025-03-25,busca paga,SEA-202503,,,Bauru,SP,38992
CLI002444,B2C,2026-01-15,,SOC-202601,,,Dourados,MS,37451
CLI002445,B2C,2025-10-28,busca paga,SEA-202510,,,Belo Horizonte,MG,14620
CLI002446,B2C,2025-09-28,orgânico,,,,Campinas,SP,34148
CLI002447,B2C,2025-07-01,busca paga,SEA-202507,,,Ribeirão Preto,SP,59069
CLI002448,B2C,2025-10-11,indicação,,,,São Paulo,SP,71057
CLI002449,B2C,2025-12-10,indicação,,,,Ananindeua,PA,20891
CLI002450,B2C,2025-09-16,indicação,,,,Campinas,SP,15661
CLI002451,B2C,2025-10-10,busca paga,SEA-202510,,,Caruaru,PE,71290
CLI002452,B2C,2025-06-16,busca paga,SEA-202506,,,Cascavel,PR,69734
CLI002453,B2C,2025-01-26,social pago,SOC-202501,,,Curitiba,PR,24395
CLI002454,B2C,2025-03-30,social pago,SOC-202503,,,Ribeirão Preto,SP,86335
CLI002455,B2C,2025-10-31,indicação,,,,Bauru,SP,11097
CLI002456,B2C,2025-03-11,indicação,,,,Curitiba.,PR,19592
CLI002457,B2C,2025-06-26,CRM,,,,Aparecida de Goiânia,GO,25524
CLI002458,B2C,2026-03-10,busca paga,SEA-202603,,,Sorocaba,SP,79509
CLI002459,B2C,2025-07-18,orgânico,,,,Petrópolis Mun.,RJ,61347
CLI002460,B2C,2025-07-15,orgânico,,,,Cascavel,PR,67275
CLI002461,B2C,2026-02-21,indicação,,,,Sorocaba,SP,89110
CLI002462,B2C,2026-01-20,social pago,SOC-202601,,,Rio de Janeiro,RJ,92838
CLI002463,B2C,2025-06-06,orgânico,,,,Ribeirão Preto,SP,24612
CLI002464,B2C,2025-11-27,CRM,,,,Volta Redonda,RJ,28585
CLI002465,B2C,2025-04-10,CRM,,,,Porto Alegre,RS,26371
CLI002466,B2C,2026-04-15,social pago,SOC-202604,,,Jundiaí,SP,05715
CLI002467,B2C,2025-09-15,social pago,SOC-202509,,,Ribeirão Preto,SP,46713
CLI002468,B2C,2026-04-14,social pago,SOC-202604,,,Rio de Janeiro,RJ,55848
CLI002469,B2C,2025-12-24,,,,,Goiânia,GO,06486
CLI002470,B2C,2025-07-01,influenciador,INF-202507,,,Cascavel,PR,49432
CLI002471,B2C,2026-03-05,CRM,,,,Americana,SP,83169
CLI002472,B2C,2026-01-25,orgânico,,,,Dourados,MS,34512
CLI002473,B2C,2025-05-16,busca paga,SEA-202505,,,Bauru,SP,54496
CLI002474,B2C,2026-02-13,social pago,SOC-202602,,,Jundiaí,SP,17596
CLI002475,B2C,2025-07-31,indicação,,,,São José dos Campos,SP,52380
CLI002476,B2C,2025-08-08,orgânico,,,,São Paulo,SP,11988
CLI002477,B2C,2025-01-07,indicação,,,,Pouso Alegre,MG,32702
CLI002478,B2C,2025-07-28,influenciador,INF-202507,,,Caruaru,PE,39797
CLI002479,B2C,2026-01-10,social pago,SOC-202601,,,Curitiba,PR,53040
CLI002480,B2C,2025-08-13,social pago,SOC-202508,,,Piracicaba,SP,17783
CLI002481,B2C,2026-04-20,social pago,SOC-202604,,,Bauru,SP,98056
CLI002482,B2C,2025-04-22,CRM,,,,Uberlândia,MG,44918
CLI002483,B2C,2025-05-06,orgânico,,,,Ribeirão Preto,SP,68823
CLI002484,B2C,2025-10-13,indicação,,,,Niterói,RJ,78902
CLI002485,B2C,2026-02-05,influenciador,INF-202602,,,Salvador,BA,79547
CLI002486,B2C,2025-10-20,social pago,SOC-202510,,,Londrina,PR,33010
CLI002487,B2C,2026-02-16,,SEA-202602,,,Belo Horizonte,MG,51646
CLI002488,B2C,2025-04-09,indicação,,,,Feira de Santana,BA,28297
CLI002489,B2C,2026-04-08,social pago,SOC-202604,,,Sorocaba,SP,46189
CLI002490,B2C,2025-07-02,orgânico,,,,São José dos Campos,SP,18968
CLI002491,B2C,2026-04-27,orgânico,,,,Sorocaba,SP,81694
CLI002492,B2C,2025-05-17,influenciador,INF-202505,,,Ribeirão Preto,SP,05879
CLI002493,B2C,2025-12-28,orgânico,,,,Canoas,RS,57548
CLI002494,B2C,2025-12-29,influenciador,INF-202512,,,Bauru,SP,75697
CLI002495,B2C,2025-07-23,indicação,,,,Porto Alegre,RS,49629
CLI002496,B2C,2025-09-02,orgânico,,,,Anápolis,GO,70568
CLI002497,B2C,2025-08-14,busca paga,SEA-202508,,,Vitória da Conquista,BA,80877
CLI002498,B2C,2025-01-23,social pago,SOC-202501,,,Rio de Janeiro,RJ,50391
CLI002499,B2C,2026-04-06,social pago,SOC-202604,,,Vitória,ES,13518
CLI002500,B2C,2025-07-06,orgânico,,,,São Paulo,SP,19943
CLI002501,B2C,2025-07-09,orgânico,,,,Piracicaba,SP,68981
CLI002502,B2C,2025-06-21,orgânico,,,,Uberaba,MG,69743
CLI002503,B2C,2026-01-03,social pago,SOC-202601,,,Uberaba,MG,01811
CLI002504,B2C,2025-04-29,busca paga,SEA-202504,,,Jundiaí,SP,25926
CLI002505,B2C,2025-07-15,busca paga,SEA-202507,,,Campina,SP,58327
CLI002506,B2C,2025-02-06,influenciador,INF-202502,,,Goiânia,GO,02856
CLI002507,B2C,2026-01-20,busca paga,SEA-202601,,,Ribeirão Preto,SP,47850
CLI002508,B2C,2025-05-08,influenciador,INF-202505,,,Curitiba,PR,70916
CLI002509,B2C,2026-01-08,busca paga,SEA-202601,,,Vitória da Conquista,BA,21152
CLI002510,B2C,2026-04-22,busca paga,SEA-202604,,,Caucaia,CE,36656
CLI002511,B2C,2025-12-27,orgânico,,,,Niterói,RJ,17705
CLI002512,B2C,2025-05-26,busca paga,SEA-202505,,,Manaus,AM,31622
CLI002513,B2C,2026-04-14,,SEA-202604,,,Contagem,MG,90371
CLI002514,B2C,2026-01-27,busca paga,SEA-202601,,,Ananindeua,PA,80899
CLI002515,B2C,2025-03-12,indicação,,,,Piracicaba,SP,93357
CLI002516,B2C,2025-02-22,influenciador,INF-202502,,,Anápolis,GO,40166
CLI002517,B2C,2026-04-10,orgânico,,,,Belo Horizonte,MG,65454
CLI002518,B2C,2025-03-25,social pago,SOC-202503,,,Contagem,MG,10032
CLI002519,B2C,2025-02-08,social pago,SOC-202502,,,São José dos Campos,SP,27353
CLI002520,B2C,2025-10-12,influenciador,INF-202510,,,Maringá,PR,07097
CLI002521,B2C,2025-06-29,indicação,,,,Americana,SP,89584
CLI002522,B2C,2025-08-22,orgânico,,,,Pouso Alegre,MG,10460
CLI002523,B2C,2026-01-20,social pago,SOC-202601,,,São Paulo,SP,57334
CLI002524,B2C,2026-06-08,social pago,SOC-202606,,,Bauru,SP,10718
CLI002525,B2C,2025-12-05,busca paga,SEA-202512,,,São José dos Campos,SP,26904
CLI002526,B2C,2025-08-23,influenciador,INF-202508,,,Ponta Grossa,PR,16229
CLI002527,B2C,2025-11-22,busca paga,SEA-202511,,,Piracicaba,SP,20770
CLI002528,B2C,2026-02-14,CRM,,,,Campinas,SP,01300
CLI002529,B2C,2025-02-19,busca paga,SEA-202502,,,Fortaleza,CE,42663
CLI002530,B2C,2025-08-28,busca paga,SEA-202508,,,São Paulo,SP,37488
CLI002531,B2C,2025-06-10,orgânico,,,,São Paulo,SP,89427
CLI002532,B2C,2026-05-22,influenciador,INF-202605,,,Curitiba,PR,53297
CLI002533,B2C,2025-06-22,busca paga,SEA-202506,,,Ribeirão Preto,SP,31863
CLI002534,B2C,2025-02-22,CRM,,,,Joinville,SC,84087
CLI002535,B2C,2026-01-12,social pago,SOC-202601,,,Florianópolis,SC,72324
CLI002536,B2C,2026-02-08,influenciador,INF-202602,,,Blumenau.,SC,87503
CLI002537,B2C,2026-03-01,orgânico,,,,Limeira,SP,39128
CLI002538,B2C,2026-01-17,influenciador,INF-202601,,,Chapecó,SC,47499
CLI002539,B2C,2025-06-28,indicação,,,,Pelotas,RS,06297
CLI002540,B2C,2025-10-16,social pago,SOC-202510,,,Uberlândia,MG,44417
CLI002541,B2C,2025-08-10,influenciador,INF-202508,,,Belo Horizonte,MG,80790
CLI002542,B2C,2025-04-25,influenciador,INF-202504,,,Caxias do Sul,RS,55560
CLI002543,B2C,2025-07-25,indicação,,,,Ponta Grossa,PR,32905
CLI002544,B2C,2026-04-03,influenciador,INF-202604,,,Canoas,RS,20162
CLI002545,B2C,2026-01-15,social pago,SOC-202601,,,Salvador,BA,79686
CLI002546,B2C,2025-07-16,influenciador,INF-202507,,,Piracicab,SP,82539
CLI002547,B2C,2025-04-24,orgânico,,,,Salvador,BA,36447
CLI002548,B2C,2025-07-08,orgânico,,,,Volta Redonda,RJ,20049
CLI002549,B2C,2026-04-19,orgânico,,,,Chapecó,SC,56869
CLI002550,B2C,2026-03-13,indicação,,,,Maringá,PR,34425
CLI002551,B2C,2026-04-29,busca paga,SEA-202604,,,Ribeirão Preto,SP,93945
CLI002552,B2C,2025-12-11,orgânico,,,,Canoas,RS,59645
CLI002553,B2C,2026-06-10,social pago,SOC-202606,,,Petrópolis,RJ,18838
CLI002554,B2C,2025-09-14,busca paga,SEA-202509,,,Americana,SP,22751
CLI002555,B2C,2026-02-01,orgânico,,,,Anápoli,GO,14677
CLI002556,B2C,2025-02-17,indicação,,,,Belo Horizonte.,MG,19984
CLI002557,B2C,2025-06-15,orgânico,,,,Limeira,SP,94643
CLI002558,B2C,2025-04-12,orgânico,,,,Americana,SP,79382
CLI002559,B2C,2025-10-31,orgânico,,,,Campinas,SP,57599
CLI002560,B2C,2026-06-10,CRM,,,,Pouso Alegre Mun.,MG,20153
CLI002561,B2C,2025-10-22,influenciador,INF-202510,,,Juiz de Fora,MG,19113
CLI002562,B2C,2026-04-03,social pago,SOC-202604,,,Goiânia,GO,88414
CLI002563,B2C,2026-03-18,busca paga,SEA-202603,,,Limeira,SP,54526
CLI002564,B2C,2025-10-10,indicação,,,,Volta Redonda,RJ,97537
CLI002565,B2C,2025-10-06,busca paga,SEA-202510,,,Juiz de Fora,MG,72838
CLI002566,B2C,2026-03-04,,,,,Americana,SP,51205
CLI002567,B2C,2025-01-06,orgânico,,,,Juiz de Fora,MG,73908
CLI002568,B2C,2026-04-18,influenciador,INF-202604,,,Sorocaba,SP,34877
CLI002569,B2C,2025-05-27,indicação,,,,Limeira,SP,07466
CLI002570,B2C,2025-08-18,social pago,SOC-202508,,,Joinville,SC,48405
CLI002571,B2C,2025-03-08,orgânico,,,,Limeira,SP,93386
CLI002572,B2C,2025-07-15,influenciador,INF-202507,,,Niterói,RJ,22897
CLI002573,B2C,2026-05-29,social pago,SOC-202605,,,Jundiaí,SP,33480
CLI002574,B2C,2026-02-28,influenciador,INF-202602,,,Santarém,PA,20853
CLI002575,B2C,2026-04-21,busca paga,SEA-202604,,,São Paulo,SP,64276
CLI002576,B2C,2025-05-19,indicação,,,,Ribeirão Preto,SP,54924
CLI002577,B2C,2025-06-04,orgânico,,,,Chapecó,SC,40969
CLI002578,B2C,2026-03-21,influenciador,INF-202603,,,Belo Horizonte,MG,65395
CLI002579,B2C,2026-04-04,orgânico,,,,Petrópolis,RJ,25081
CLI002580,B2C,2025-06-14,CRM,,,,Caxias do Sul,RS,76586
CLI002581,B2C,2025-06-11,social pago,SOC-202506,,,Cascavel,PR,54912
CLI002582,B2C,2025-08-29,indicação,,,,Caucaia Mun.,CE,62838
CLI002583,B2C,2026-05-09,busca paga,SEA-202605,,,Petrópolis,RJ,63467
CLI002584,B2C,2025-07-22,indicação,,,,Americana,SP,01870
CLI002585,B2C,2025-10-10,social pago,SOC-202510,,,Rio de Janeiro,RJ,47830
CLI002586,B2C,2025-08-20,social pago,SOC-202508,,,São Paulo,SP,61723
CLI002587,B2C,2025-04-22,busca paga,SEA-202504,,,Limeira,SP,48942
CLI002588,B2C,2025-10-29,CRM,,,,Cascavel,PR,44577
CLI002589,B2C,2025-08-11,indicação,,,,Maringá,PR,16016
CLI002590,B2C,2025-05-28,busca paga,SEA-202505,,,Petrópolis,RJ,57869
CLI002591,B2C,2025-01-21,influenciador,INF-202501,,,Joinville,SC,20792
CLI002592,B2C,2025-12-05,social pago,SOC-202512,,,Jundiaí,SP,72032
CLI002593,B2C,2025-05-11,social pago,SOC-202505,,,Joinville,SC,02151
CLI002594,B2C,2025-06-04,influenciador,INF-202506,,,Uberaba,MG,74265
CLI002595,B2C,2026-02-25,CRM,,,,Contagem,MG,28449
CLI002596,B2C,2026-04-02,busca paga,SEA-202604,,,Blumenau,SC,03228
CLI002597,B2C,2025-08-15,social pago,SOC-202508,,,Aparecida de Goiânia,GO,55309
CLI002598,B2C,2025-03-24,CRM,,,,Sorocaba,SP,87089
CLI002599,B2C,2025-11-20,busca paga,SEA-202511,,,Canoas,RS,50315
CLI002600,B2C,2025-05-25,influenciador,INF-202505,,,Juiz de Fora,MG,23486
CLI002601,B2C,2025-11-19,social pago,SOC-202511,,,Limeira.,SP,94047
CLI002602,B2C,2025-07-30,orgânico,,,,Sorocaba,SP,33911
CLI002603,B2C,2025-01-07,indicação,,,,Maringá,PR,71192
CLI002604,B2C,2026-02-18,indicação,,,,Volta Redond,RJ,94845
CLI002605,B2C,2025-07-09,busca paga,SEA-202507,,,Anápolis,GO,19439
CLI002606,B2C,2025-08-16,busca paga,SEA-202508,,,Juiz de Fora,MG,74133
CLI002607,B2C,2025-04-11,orgânico,,,,Vitória da Conquista,BA,79101
CLI002608,B2C,2025-02-07,busca paga,SEA-202502,,,Campinas,SP,32467
CLI002609,B2C,2025-04-28,social pago,SOC-202504,,,Sorocaba,SP,40575
CLI002610,B2C,2025-08-12,social pago,SOC-202508,,,Feira de Santan,BA,89778
CLI002611,B2C,2025-03-11,orgânico,,,,Niterói,RJ,33696
CLI002612,B2C,2025-07-24,,SEA-202507,,,Piracicaba,SP,96938
CLI002613,B2C,2025-06-06,social pago,SOC-202506,,,Londrina,PR,91719
CLI002614,B2C,2025-02-11,orgânico,,,,Limeir,SP,56693
CLI002615,B2C,2025-12-23,social pago,SOC-202512,,,Limeira,SP,55704
CLI002616,B2C,2025-06-03,CRM,,,,Aparecida de Goiânia,GO,21872
CLI002617,B2C,2025-07-27,busca paga,SEA-202507,,,Feira de Santana,BA,02952
CLI002618,B2C,2025-09-10,busca paga,SEA-202509,,,Chapecó,SC,54568
CLI002619,B2C,2026-05-01,social pago,SOC-202605,,,Florianópolis Mun.,SC,10496
CLI002620,B2C,2025-12-27,busca paga,SEA-202512,,,Ribeirão Preto,SP,23639
CLI002621,B2C,2025-12-05,busca paga,SEA-202512,,,Curitiba,PR,37859
CLI002622,B2C,2025-11-11,social pago,SOC-202511,,,Campinas.,SP,21578
CLI002623,B2C,2025-08-19,CRM,,,,Londrina,PR,66260
CLI002624,B2C,2026-06-04,social pago,SOC-202606,,,Caxias do Sul,RS,95084
CLI002625,B2C,2026-03-06,,SOC-202603,,,São José dos Campos,SP,43710
CLI002626,B2C,2025-08-02,social pago,SOC-202508,,,Volta Redonda,RJ,08277
CLI002627,B2C,2025-05-15,busca paga,SEA-202505,,,Caxias do Sul,RS,51019
CLI002628,B2C,2025-04-17,social pago,SOC-202504,,,Pouso Alegre,MG,82480
CLI002629,B2C,2025-12-25,indicação,,,,Blumenau,SC,21081
CLI002630,B2C,2025-11-14,social pago,SOC-202511,,,Limeira,SP,33401
CLI002631,B2C,2026-05-03,social pago,SOC-202605,,,Americana,SP,57344
CLI002632,B2C,2025-10-03,CRM,,,,Bauru,SP,56895
CLI002633,B2C,2025-07-13,busca paga,SEA-202507,,,Niterói,RJ,15112
CLI002634,B2C,2026-02-26,indicação,,,,São Paulo,SP,66967
CLI002635,B2C,2025-03-17,indicação,,,,Jaboatão dos Guararapes,PE,40123
CLI002636,B2C,2025-01-04,social pago,SOC-202501,,,Belo Horizonte,MG,24611
CLI002637,B2C,2025-09-08,orgânico,,,,Porto Alegre,RS,46788
CLI002638,B2C,2026-03-24,busca paga,SEA-202603,,,Aparecida de Goiânia,GO,97922
CLI002639,B2C,2025-10-08,orgânico,,,,Piracicaba,SP,96195
CLI002640,B2C,2026-03-19,influenciador,INF-202603,,,Joinville,SC,20103
CLI002641,B2C,2026-01-21,orgânico,,,,Sorocaba,SP,80798
CLI002642,B2C,2025-06-11,busca paga,SEA-202506,,,Belo Horizonte,MG,35029
CLI002643,B2C,2026-01-01,busca paga,SEA-202601,,,Campinas,SP,17381
CLI002644,B2C,2025-01-14,indicação,,,,Piracicaba,SP,74943
CLI002645,B2C,2026-04-21,social pago,SOC-202604,,,Dourados,MS,12581
CLI002646,B2C,2025-08-29,CRM,,,,Americana,SP,92505
CLI002647,B2C,2025-01-21,CRM,,,,Curitiba,PR,11438
CLI002648,B2C,2025-12-01,busca paga,SEA-202512,,,Sorocaba,SP,99314
CLI002649,B2C,2025-03-07,busca paga,SEA-202503,,,Piracicaba,SP,30445
CLI002650,B2C,2025-09-22,orgânico,,,,Limeira,SP,79210
CLI002651,B2C,2025-07-04,social pago,SOC-202507,,,Piracicaba,SP,52945
CLI002652,B2C,2025-10-02,orgânico,,,,Maringá,PR,40870
CLI002653,B2C,2025-05-30,indicação,,,,Belo Horizonte,MG,39311
CLI002654,B2C,2026-05-07,influenciador,INF-202605,,,Santarém,PA,60917
CLI002655,B2C,2025-03-22,busca paga,SEA-202503,,,Niterói,RJ,90247
CLI002656,B2C,2026-06-08,influenciador,INF-202606,,,Brasília,DF,14413
CLI002657,B2C,2025-06-27,busca paga,SEA-202506,,,Limeira,SP,60820
CLI002658,B2C,2025-11-18,CRM,,,,Ribeirão Preto,SP,84066
CLI002659,B2C,2026-05-29,influenciador,INF-202605,,,Rio de Janeiro,RJ,54886
CLI002660,B2C,2025-11-25,CRM,,,,Blumenau,SC,83395
CLI002661,B2C,2025-08-24,orgânico,,,,Campinas,SP,24181
CLI002662,B2C,2025-11-15,orgânico,,,,Ribeirão Preto,SP,65611
CLI002663,B2C,2026-03-16,influenciador,INF-202603,,,Brasília,DF,32338
CLI002664,B2C,2025-09-01,indicação,,,,Juiz de Fora,MG,58235
CLI002665,B2C,2026-04-28,influenciador,INF-202604,,,Belo Horizonte,MG,61285
CLI002666,B2C,2025-10-23,orgânico,,,,Jundiaí,SP,70654
CLI002667,B2C,2026-05-03,,,,,São José dos Campos,SP,76733
CLI002668,B2C,2026-05-26,indicação,,,,Jundiaí,SP,45886
CLI002669,B2C,2025-07-12,indicação,,,,Limeira,SP,28099
CLI002670,B2C,2025-06-19,CRM,,,,Maringá,PR,26423
CLI002671,B2C,2025-05-11,indicação,,,,Londrina,PR,48541
CLI002672,B2C,2025-07-23,social pago,SOC-202507,,,São José dos Campos,SP,26683
CLI002673,B2C,2026-02-24,busca paga,SEA-202602,,,Volta Redonda,RJ,56856
CLI002674,B2C,2026-03-06,orgânico,,,,São José dos Campos,SP,08591
CLI002675,B2C,2026-04-30,orgânico,,,,Rio de Janeiro,RJ,48420
CLI002676,B2C,2026-05-05,CRM,,,,Limeira,SP,48335
CLI002677,B2C,2025-07-22,indicação,,,,Feira de Santana,BA,90291
CLI002678,B2C,2025-12-22,busca paga,SEA-202512,,,Bauru,SP,81316
CLI002679,B2C,2026-04-14,influenciador,INF-202604,,,Americana,SP,20417
CLI002680,B2C,2026-04-19,influenciador,INF-202604,,,Feira de Santana,BA,94746
CLI002681,B2C,2025-03-10,busca paga,SEA-202503,,,Sorocaba,SP,78271
CLI002682,B2C,2025-03-11,influenciador,INF-202503,,,Pouso Alegre,MG,94204
CLI002683,B2C,2025-03-14,CRM,,,,Blumenau,SC,15074
CLI002684,B2C,2025-09-19,CRM,,,,Curitiba,PR,27125
CLI002685,B2C,2026-01-23,orgânico,,,,Campinas,SP,30965
CLI002686,B2C,2026-01-17,social pago,SOC-202601,,,Blumenau,SC,28635
CLI002687,B2C,2025-06-03,orgânico,,,,São Paulo,SP,09418
CLI002688,B2C,2026-05-11,influenciador,INF-202605,,,Maringá,PR,86584
CLI002689,B2C,2025-04-30,influenciador,INF-202504,,,Piracicaba,SP,72708
CLI002690,B2C,2025-10-30,indicação,,,,Rio de Janeiro,RJ,39180
CLI002691,B2C,2025-08-22,busca paga,SEA-202508,,,Londrina,PR,88447
CLI002692,B2C,2025-09-06,orgânico,,,,Sorocaba,SP,71511
CLI002693,B2C,2025-10-29,social pago,SOC-202510,,,São José dos Campos,SP,06032
CLI002694,B2C,2025-01-31,busca paga,SEA-202501,,,Piracicaba,SP,63058
CLI002695,B2C,2026-03-03,orgânico,,,,Bauru,SP,20388
CLI002696,B2C,2025-07-12,orgânico,,,,Piracicaba Mun.,SP,15028
CLI002697,B2C,2025-07-12,CRM,,,,Contagem,MG,04185
CLI002698,B2C,2025-03-30,busca paga,SEA-202503,,,Contagem,MG,74037
CLI002699,B2C,2025-01-27,busca paga,SEA-202501,,,Limeira,SP,69416
CLI002700,B2C,2025-09-08,influenciador,INF-202509,,,Ponta Grossa,PR,10750
CLI002701,B2C,2026-01-28,social pago,SOC-202601,,,São Paulo,SP,34477
CLI002702,B2C,2025-03-12,CRM,,,,Limeira,SP,78859
CLI002703,B2C,2025-05-02,indicação,,,,Chapecó,SC,07109
CLI002704,B2C,2025-11-27,social pago,SOC-202511,,,Contagem,MG,89169
CLI002705,B2C,2026-03-27,influenciador,INF-202603,,,Cascavel,PR,91465
CLI002706,B2C,2025-11-17,,SOC-202511,,,Vitória da Conquista,BA,87441
CLI002707,B2C,2025-05-01,busca paga,SEA-202505,,,Americana,SP,73976
CLI002708,B2C,2026-02-18,influenciador,INF-202602,,,São José dos Campos,SP,67586
CLI002709,B2C,2025-08-14,CRM,,,,Belo Horizonte,MG,88172
CLI002710,B2C,2026-05-14,social pago,SOC-202605,,,Jaboatão dos Guararapes Mun.,PE,87301
CLI002711,B2C,2025-12-25,CRM,,,,Americana,SP,11157
CLI002712,B2C,2025-03-21,indicação,,,,Niterói,RJ,78302
CLI002713,B2C,2025-11-19,busca paga,SEA-202511,,,Brasília,DF,66279
CLI002714,B2C,2025-10-17,social pago,SOC-202510,,,São Paulo,SP,10287
CLI002715,B2C,2026-01-26,busca paga,SEA-202601,,,Petrópolis,RJ,62825
CLI002716,B2C,2025-09-17,busca paga,SEA-202509,,,Ribeirão Preto,SP,35343
CLI002717,B2C,2026-01-31,CRM,,,,Limeira,SP,75576
CLI002718,B2C,2026-03-28,busca paga,SEA-202603,,,Volta Redonda,RJ,16341
CLI002719,B2C,2026-04-27,busca paga,SEA-202604,,,Curitiba,PR,58998
CLI002720,B2C,2025-12-11,CRM,,,,Ribeirão Preto,SP,58042
CLI002721,B2C,2025-02-22,orgânico,,,,Limeira,SP,80507
CLI002722,B2C,2026-01-31,CRM,,,,Cascavel,PR,53125
CLI002723,B2C,2025-07-27,social pago,SOC-202507,,,Maringá,PR,08579
CLI002724,B2C,2025-02-01,indicação,,,,Juiz de Fora.,MG,72622
CLI002725,B2C,2026-03-03,influenciador,INF-202603,,,Aparecida de Goiânia,GO,68353
CLI002726,B2C,2025-11-06,orgânico,,,,Londrina,PR,77726
CLI002727,B2C,2025-04-02,busca paga,SEA-202504,,,Piracicaba,SP,14196
CLI002728,B2C,2026-03-04,social pago,SOC-202603,,,Ponta Grossa,PR,32526
CLI002729,B2C,2025-01-27,indicação,,,,São José dos Campos,SP,97195
CLI002730,B2C,2026-03-23,social pago,SOC-202603,,,Limeira,SP,74642
CLI002731,B2C,2026-05-04,influenciador,INF-202605,,,Uberaba,MG,61255
CLI002732,B2C,2025-02-09,social pago,SOC-202502,,,Piracicaba,SP,44438
CLI002733,B2C,2025-03-04,orgânico,,,,Jundiaí,SP,57588
CLI002734,B2C,2025-09-20,indicação,,,,Petrópolis,RJ,86151
CLI002735,B2C,2026-06-05,influenciador,INF-202606,,,Florianópolis,SC,85614
CLI002736,B2C,2025-08-18,social pago,SOC-202508,,,Jundiaí,SP,76639
CLI002737,B2C,2026-05-23,social pago,SOC-202605,,,Uberaba Mun.,MG,05608
CLI002738,B2C,2025-03-21,social pago,SOC-202503,,,Sorocaba,SP,26856
CLI002739,B2C,2025-11-27,social pago,SOC-202511,,,Recife,PE,73037
CLI002740,B2C,2026-05-10,social pago,SOC-202605,,,Campinas,SP,94047
CLI002741,B2C,2026-05-14,busca paga,SEA-202605,,,Contagem,MG,13521
CLI002742,B2C,2025-05-21,social pago,SOC-202505,,,Feira de Santana,BA,25541
CLI002743,B2C,2026-01-06,influenciador,INF-202601,,,Pelotas,RS,64899
CLI002744,B2C,2025-06-03,social pago,SOC-202506,,,Rio de Janeiro,RJ,38443
CLI002745,B2C,2025-05-25,indicação,,,,Vitória da Conquista,BA,70226
CLI002746,B2C,2025-03-14,orgânico,,,,Caruaru,PE,76832
CLI002747,B2C,2026-02-13,indicação,,,,Uberab,MG,86775
CLI002748,B2C,2026-01-20,influenciador,INF-202601,,,Sorocaba,SP,21455
CLI002749,B2C,2025-06-20,social pago,SOC-202506,,,Vitória da Conquista,BA,27849
CLI002750,B2C,2025-05-17,orgânico,,,,Sorocaba,SP,67605
CLI002751,B2C,2026-04-11,social pago,SOC-202604,,,Piracicaba,SP,72032
CLI002752,B2C,2026-01-14,busca paga,,,,São Paulo,SP,72418
CLI002753,B2C,2026-02-10,busca paga,SEA-202602,,,Uberlândia,MG,05251
CLI002754,B2C,2025-06-02,busca paga,SEA-202506,,,Vila Velha,ES,56954
CLI002755,B2C,2025-03-04,busca paga,SEA-202503,,,Contagem,MG,81010
CLI002756,B2C,2025-11-23,busca paga,SEA-202511,,,Sorocaba,SP,80260
CLI002757,B2C,2025-04-21,social pago,SOC-202504,,,Volta Redonda,RJ,52320
CLI002758,B2C,2025-08-08,CRM,,,,Porto Alegre,RS,87984
CLI002759,B2C,2026-06-05,influenciador,INF-202606,,,Ribeirão Preto,SP,83982
CLI002760,B2C,2026-05-29,influenciador,INF-202605,,,Bauru,SP,78556
CLI002761,B2C,2025-10-11,orgânico,,,,Cascavel,PR,74468
CLI002762,B2C,2026-05-20,busca paga,SEA-202605,,,Serra,ES,41069
CLI002763,B2C,2025-05-10,busca paga,SEA-202505,,,Pouso Alegre,MG,35635
CLI002764,B2C,2025-08-03,indicação,,,,Jundiaí,SP,22624
CLI002765,B2C,2026-05-09,CRM,,,,Porto Alegre,RS,77002
CLI002766,B2C,2025-01-25,,,,,São Paulo,SP,81374
CLI002767,B2C,2025-06-22,social pago,SOC-202506,,,Americana,SP,28446
CLI002768,B2C,2025-10-03,influenciador,INF-202510,,,Rio de Janeiro,RJ,87143
CLI002769,B2C,2025-04-10,social pago,SOC-202504,,,Jundiaí,SP,81896
CLI002770,B2C,2026-04-04,influenciador,INF-202604,,,São José dos Campos,SP,52178
CLI002771,B2C,2025-06-14,orgânico,,,,Aparecida de Goiânia,GO,44224
CLI002772,B2C,2025-04-14,orgânico,,,,São José dos Campos,SP,30447
CLI002773,B2C,2026-04-30,busca paga,SEA-202604,,,Campinas,SP,47875
CLI002774,B2C,2026-04-01,busca paga,SEA-202604,,,Pouso Alegre.,MG,01812
CLI002775,B2C,2025-05-25,busca paga,SEA-202505,,,Ponta Grossa,PR,02278
CLI002776,B2C,2025-04-28,busca paga,SEA-202504,,,Campinas,SP,57137
CLI002777,B2C,2026-06-09,busca paga,SEA-202606,,,Chapecó,SC,71888
CLI002778,B2C,2026-04-06,influenciador,INF-202604,,,Bauru,SP,40436
CLI002779,B2C,2025-06-14,indicação,,,,Florianópolis,SC,67596
CLI002780,B2C,2025-09-29,busca paga,SEA-202509,,,Blumenau,SC,04558
CLI002781,B2C,2025-05-21,busca paga,SEA-202505,,,Rio de Janeiro,RJ,57834
CLI002782,B2C,2025-10-19,indicação,,,,Campinas,SP,09095
CLI002783,B2C,2025-06-13,indicação,,,,Canoas,RS,92856
CLI002784,B2C,2025-05-16,busca paga,SEA-202505,,,Bauru,SP,19631
CLI002785,B2C,2025-05-21,orgânico,,,,Niterói,RJ,44919
CLI002786,B2C,2025-03-24,,SEA-202503,,,Campinas,SP,32174
CLI002787,B2C,2025-07-19,busca paga,SEA-202507,,,Salvador,BA,44551
CLI002788,B2C,2026-02-07,busca paga,SEA-202602,,,Campinas,SP,57900
CLI002789,B2C,2026-03-23,busca paga,SEA-202603,,,São Paulo,SP,13133
CLI002790,B2C,2025-08-22,indicação,,,,Pelotas,RS,34117
CLI002791,B2C,2025-03-22,social pago,SOC-202503,,,Londrina,PR,66819
CLI002792,B2C,2025-08-07,orgânico,,,,São Paulo,SP,12060
CLI002793,B2C,2025-04-15,social pago,SOC-202504,,,Campinas,SP,18174
CLI002794,B2C,2025-07-23,orgânico,,,,Limeira,SP,79234
CLI002795,B2C,2025-12-14,indicação,,,,São Paulo,SP,27557
CLI002796,B2C,2026-03-17,busca paga,SEA-202603,,,Ribeirão Preto,SP,49151
CLI002797,B2C,2025-05-01,influenciador,,,,Londrina,PR,01745
CLI002798,B2C,2025-05-19,orgânico,,,,Americana,SP,71206
CLI002799,B2C,2025-02-15,orgânico,,,,Americana,SP,76271
CLI002800,B2C,2025-08-17,orgânico,,,,Chapecó,SC,84028
CLI002801,B2C,2026-02-12,orgânico,,,,Juiz de Fora,MG,28197
CLI002802,B2C,2025-07-30,indicação,,,,Piracicab,SP,24624
CLI002803,B2C,2025-06-25,busca paga,SEA-202506,,,Ribeirão Preto,SP,53771
CLI002804,B2C,2025-06-07,,SEA-202506,,,Brasília,DF,49474
CLI002805,B2C,2026-06-12,social pago,SOC-202606,,,Jundiaí,SP,89414
CLI002806,B2C,2025-06-21,busca paga,SEA-202506,,,Joinville,SC,04436
CLI002807,B2C,2026-03-28,influenciador,INF-202603,,,Jundia,SP,77494
CLI002808,B2C,2026-02-27,social pago,SOC-202602,,,Belo Horizonte,MG,58903
CLI002809,B2C,2025-07-26,orgânico,,,,Piracicaba,SP,76034
CLI002810,B2C,2025-05-22,influenciador,INF-202505,,,Limeira,SP,85121
CLI002811,B2C,2025-09-09,indicação,,,,Volta Redonda,RJ,81266
CLI002812,B2C,2025-02-16,busca paga,SEA-202502,,,Sorocaba,SP,91394
CLI002813,B2C,2026-01-12,influenciador,INF-202601,,,Uberlândia,MG,55623
CLI002814,B2C,2025-12-14,busca paga,SEA-202512,,,Sorocaba,SP,02148
CLI002815,B2C,2026-04-29,social pago,SOC-202604,,,Piracicaba,SP,29661
CLI002816,B2C,2025-12-25,social pago,SOC-202512,,,Americana,SP,63223
CLI002817,B2C,2025-12-09,influenciador,INF-202512,,,Feira de Santana,BA,61018
CLI002818,B2C,2025-10-05,orgânico,,,,Americana.,SP,73999
CLI002819,B2C,2025-01-15,orgânico,,,,Campinas,SP,90474
CLI002820,B2C,2026-01-10,orgânico,,,,Vitória da Conquista,BA,75364
CLI002821,B2C,2026-01-05,indicação,,,,São Paulo,SP,62798
CLI002822,B2C,2025-11-24,orgânico,,,,Campinas,SP,78232
CLI002823,B2C,2026-03-21,busca paga,SEA-202603,,,Limeira,SP,41149
CLI002824,B2C,2025-09-12,social pago,SOC-202509,,,Anápolis,GO,13289
CLI002825,B2C,2026-05-11,busca paga,SEA-202605,,,Vitória da Conquista,BA,63150
CLI002826,B2C,2025-03-14,influenciador,INF-202503,,,Bauru,SP,41846
CLI002827,B2C,2025-06-12,indicação,,,,Uberlândia.,MG,23742
CLI002828,B2C,2025-01-04,indicação,,,,Bauru,SP,45172
CLI002829,B2C,2026-02-11,indicação,,,,Aparecida de Goiânia,GO,62878
CLI002830,B2C,2025-10-01,social pago,SOC-202510,,,São Paulo,SP,16653
CLI002831,B2C,2025-05-31,busca paga,SEA-202505,,,São Paulo,SP,44631
CLI002832,B2C,2025-02-14,social pago,SOC-202502,,,Brasíli,DF,01792
CLI002833,B2C,2025-05-13,busca paga,SEA-202505,,,Piracicaba,SP,73829
CLI002834,B2C,2025-06-07,orgânico,,,,Bauru,SP,93090
CLI002835,B2C,2025-02-10,social pago,SOC-202502,,,Florianópolis,SC,80433
CLI002836,B2C,2025-02-27,social pago,SOC-202502,,,Porto Alegre,RS,76592
CLI002837,B2C,2025-05-03,CRM,,,,Pelotas,RS,33557
CLI002838,B2C,2025-01-14,influenciador,INF-202501,,,Volta Redonda.,RJ,67690
CLI002839,B2C,2025-09-20,CRM,,,,Feira de Santana,BA,51906
CLI002840,B2C,2025-08-24,orgânico,,,,Limeira,SP,03886
CLI002841,B2C,2025-01-19,orgânico,,,,Campinas,SP,17872
CLI002842,B2C,2025-10-24,orgânico,,,,Ananindeua,PA,68057
CLI002843,B2C,2026-03-16,influenciador,INF-202603,,,Joinville,SC,20331
CLI002844,B2C,2025-01-21,busca paga,SEA-202501,,,Joinville,SC,01227
CLI002845,B2C,2026-04-23,CRM,,,,Niterói,RJ,30435
CLI002846,B2C,2026-02-10,orgânico,,,,Petrópolis,RJ,78392
CLI002847,B2C,2026-01-22,orgânico,,,,Florianópoli,SC,65552
CLI002848,B2C,2025-05-09,orgânico,,,,Niterói.,RJ,55308
CLI002849,B2C,2025-02-04,CRM,,,,Ponta Grossa,PR,89161
CLI002850,B2C,2025-08-29,busca paga,SEA-202508,,,Jundiaí,SP,19913
CLI002851,B2C,2026-01-26,social pago,SOC-202601,,,Chapecó,SC,91216
CLI002852,B2C,2026-04-09,orgânico,,,,Chapecó,SC,48489
CLI002853,B2C,2025-06-04,busca paga,SEA-202506,,,Volta Redonda,RJ,26467
CLI002854,B2C,2026-02-09,influenciador,INF-202602,,,Sorocaba,SP,50384
CLI002855,B2C,2026-05-10,indicação,,,,São Paulo,SP,56846
CLI002856,B2C,2025-12-08,social pago,SOC-202512,,,Americana,SP,74230
CLI002857,B2C,2025-10-13,CRM,,,,Canoas,RS,87334
CLI002858,B2C,2026-06-08,influenciador,INF-202606,,,São Paulo,SP,05200
CLI002859,B2C,2025-10-12,busca paga,SEA-202510,,,Americana,SP,82408
CLI002860,B2C,2026-05-28,social pago,SOC-202605,,,Porto Alegre,RS,54119
CLI002861,B2C,2025-11-08,CRM,,,,Contagem,MG,03289
CLI002862,B2C,2025-07-19,indicação,,,,Londrina,PR,82453
CLI002863,B2C,2026-02-18,social pago,SOC-202602,,,Rio de Janeiro,RJ,52899
CLI002864,B2C,2025-09-05,social pago,SOC-202509,,,Pouso Alegre,MG,62243
CLI002865,B2C,2025-04-30,busca paga,SEA-202504,,,Londrina,PR,61174
CLI002866,B2C,2026-02-16,busca paga,SEA-202602,,,Bauru,SP,10896
CLI002867,B2C,2025-08-03,social pago,SOC-202508,,,Curitiba,PR,56310
CLI002868,B2C,2026-04-22,busca paga,SEA-202604,,,Blumena,SC,90584
CLI002869,B2C,2026-06-03,social pago,SOC-202606,,,Ribeirão Preto,SP,64079
CLI002870,B2C,2025-05-28,social pago,SOC-202505,,,Londrina,PR,31934
CLI002871,B2C,2025-03-03,social pago,SOC-202503,,,Bauru,SP,68415
CLI002872,B2C,2025-06-13,influenciador,INF-202506,,,Chapecó,SC,12142
CLI002873,B2C,2026-03-13,orgânico,,,,São Paulo,SP,67411
CLI002874,B2C,2026-04-22,indicação,,,,Juiz de Fora,MG,84582
CLI002875,B2C,2025-06-23,indicação,,,,Serra,ES,54528
CLI002876,B2C,2025-06-19,CRM,,,,Campinas,SP,26191
CLI002877,B2C,2026-02-11,orgânico,,,,Vitória da Conquista,BA,99468
CLI002878,B2C,2025-04-25,busca paga,SEA-202504,,,Sorocaba,SP,80902
CLI002879,B2C,2025-01-19,orgânico,,,,Jundiaí,SP,55314
CLI002880,B2C,2025-06-24,orgânico,,,,São Paulo,SP,57624
CLI002881,B2C,2025-05-29,indicação,,,,Campinas,SP,30378
CLI002882,B2C,2025-10-07,indicação,,,,Americana,SP,50873
CLI002883,B2C,2025-08-11,busca paga,SEA-202508,,,Campinas,SP,39462
CLI002884,B2C,2026-05-13,social pago,SOC-202605,,,Uberlândia,MG,85727
CLI002885,B2C,2025-07-27,indicação,,,,Uberlândia,MG,52522
CLI002886,B2C,2026-03-13,influenciador,INF-202603,,,Caxias do Sul,RS,77088
CLI002887,B2C,2025-11-18,social pago,SOC-202511,,,Petrópolis,RJ,95704
CLI002888,B2C,2025-02-22,orgânico,,,,Anápolis,GO,38146
CLI002889,B2C,2026-01-21,orgânico,,,,Americana,SP,38784
CLI002890,B2C,2026-01-02,influenciador,INF-202601,,,Joinville,SC,54032
CLI002891,B2C,2025-03-22,orgânico,,,,Aparecida de Goiânia,GO,45172
CLI002892,B2C,2025-11-26,social pago,SOC-202511,,,São Paulo,SP,99999
CLI002893,B2C,2026-04-29,influenciador,INF-202604,,,Florianópolis,SC,02223
CLI002894,B2C,2025-07-06,orgânico,,,,Bauru,SP,67430
CLI002895,B2C,2026-03-31,CRM,,,,São Paulo,SP,17018
CLI002896,B2C,2025-06-27,orgânico,,,,São Paulo,SP,91562
CLI002897,B2C,2025-05-31,indicação,,,,Pouso Alegre,MG,73620
CLI002898,B2C,2025-10-28,influenciador,INF-202510,,,Limeira,SP,81261
CLI002899,B2C,2026-04-03,social pago,SOC-202604,,,São José dos Campos,SP,34031
CLI002900,B2C,2025-12-14,influenciador,INF-202512,,,São Paulo,SP,43346
CLI002901,B2C,2025-04-10,busca paga,SEA-202504,,,Americana,SP,04050
CLI002902,B2C,2025-12-06,indicação,,,,Salvador,BA,39090
CLI002903,B2C,2025-04-03,,,,,Americana,SP,42157
CLI002904,B2C,2025-05-02,orgânico,,,,Curitiba,PR,33675
CLI002905,B2C,2025-12-22,,,,,Anápolis,GO,57199
CLI002906,B2C,2025-01-28,busca paga,SEA-202501,,,Limeira,SP,42078
CLI002907,B2C,2025-02-21,orgânico,,,,Americana,SP,74057
CLI002908,B2C,2025-06-19,busca paga,SEA-202506,,,Ribeirão Preto,SP,99025
CLI002909,B2C,2025-01-11,influenciador,INF-202501,,,Limeira.,SP,40100
CLI002910,B2C,2025-04-17,busca paga,SEA-202504,,,Jundiaí,SP,43682
CLI002911,B2C,2025-04-13,influenciador,INF-202504,,,Uberaba,MG,85405
CLI002912,B2C,2025-11-26,orgânico,,,,Uberaba,MG,55999
CLI002913,B2C,2025-08-26,orgânico,,,,Americana,SP,25737
CLI002914,B2C,2025-05-03,orgânico,,,,Maringá,PR,39626
CLI002915,B2C,2026-05-26,indicação,,,,Chapecó,SC,86649
CLI002916,B2C,2026-05-05,busca paga,SEA-202605,,,Ponta Grossa,PR,79001
CLI002917,B2C,2025-01-16,CRM,,,,Piracicaba,SP,39678
CLI002918,B2C,2026-04-12,influenciador,INF-202604,,,Limeira,SP,18473
CLI002919,B2C,2025-07-16,orgânico,,,,Campinas,SP,55302
CLI002920,B2C,2025-12-19,CRM,,,,Pouso Alegre,MG,54581
CLI002921,B2C,2026-04-04,social pago,SOC-202604,,,Pouso Alegre,MG,29498
CLI002922,B2C,2026-03-15,,,,,Serr,ES,14919
CLI002923,B2C,2025-05-03,CRM,,,,Limeira,SP,78047
CLI002924,B2C,2025-12-25,orgânico,,,,Jundiaí,SP,43487
CLI002925,B2C,2026-05-17,social pago,SOC-202605,,,Pouso Alegre,MG,07388
CLI002926,B2C,2026-01-13,social pago,SOC-202601,,,Ribeirão Preto,SP,25319
CLI002927,B2C,2025-04-02,indicação,,,,Caruaru,PE,10261
CLI002928,B2C,2025-10-10,social pago,SOC-202510,,,Belo Horizonte,MG,82347
CLI002929,B2C,2026-03-09,busca paga,SEA-202603,,,Bauru,SP,03040
CLI002930,B2C,2026-01-08,busca paga,SEA-202601,,,Maringá,PR,34943
CLI002931,B2C,2026-04-12,social pago,SOC-202604,,,Canoas,RS,22256
CLI002932,B2C,2026-04-18,social pago,SOC-202604,,,São Paulo,SP,06787
CLI002933,B2C,2026-05-01,influenciador,INF-202605,,,Jundiaí,SP,07821
CLI002934,B2C,2026-03-05,influenciador,INF-202603,,,Limeira,SP,08435
CLI002935,B2C,2025-02-28,busca paga,SEA-202502,,,Cuiabá,MT,69591
CLI002936,B2C,2025-03-11,social pago,SOC-202503,,,Blumenau,SC,63466
CLI002937,B2C,2025-01-31,social pago,SOC-202501,,,São José dos Campos,SP,46995
CLI002938,B2C,2025-11-06,influenciador,INF-202511,,,Vitória da Conquista,BA,46229
CLI002939,B2C,2025-07-19,influenciador,INF-202507,,,Volta Redonda,RJ,37099
CLI002940,B2C,2025-06-24,social pago,SOC-202506,,,Campinas,SP,63063
CLI002941,B2C,2026-04-15,busca paga,SEA-202604,,,Belo Horizonte,MG,73837
CLI002942,B2C,2026-05-27,social pago,SOC-202605,,,São Paulo,SP,58698
CLI002943,B2C,2025-08-19,indicação,,,,Piracicaba,SP,77653
CLI002944,B2C,2025-12-08,busca paga,SEA-202512,,,Campinas,SP,23611
CLI002945,B2C,2026-04-11,CRM,,,,Caruaru Mun.,PE,60854
CLI002946,B2C,2025-11-01,busca paga,SEA-202511,,,Americana,SP,25572
CLI002947,B2C,2025-11-14,CRM,,,,Pouso Alegre,MG,30956
CLI002948,B2C,2025-11-03,social pago,SOC-202511,,,Limeira,SP,89551
CLI002949,B2C,2025-12-04,CRM,,,,São Paulo,SP,43073
CLI002950,B2C,2026-01-28,social pago,SOC-202601,,,Belo Horizonte,MG,86897
CLI002951,B2C,2025-02-12,social pago,SOC-202502,,,Rio de Janeiro,RJ,77666
CLI002952,B2C,2025-10-20,busca paga,SEA-202510,,,Salvador,BA,39428
CLI002953,B2C,2026-04-05,orgânico,,,,Porto Alegre,RS,34141
CLI002954,B2C,2025-01-08,social pago,SOC-202501,,,Jaboatão dos Guararapes,PE,67223
CLI002955,B2C,2025-03-06,orgânico,,,,Rio de Janeiro,RJ,31740
CLI002956,B2C,2025-06-26,orgânico,,,,Anápolis,GO,27854
CLI002957,B2C,2026-04-22,indicação,,,,Maringá,PR,96916
CLI002958,B2C,2026-01-06,influenciador,INF-202601,,,Uberlândia,MG,62650
CLI002959,B2C,2025-01-28,,SOC-202501,,,Americana,SP,58831
CLI002960,B2C,2026-02-17,busca paga,SEA-202602,,,Campinas,SP,46182
CLI002961,B2C,2025-09-02,orgânico,,,,Piracicaba,SP,62467
CLI002962,B2C,2025-08-29,indicação,,,,Feira de Santana,BA,49301
CLI002963,B2C,2026-03-23,,,,,Sorocaba,SP,49896
CLI002964,B2C,2025-08-15,busca paga,SEA-202508,,,Rio de Janeiro,RJ,63111
CLI002965,B2C,2026-03-09,influenciador,INF-202603,,,Jaboatão dos Guararapes,PE,76274
CLI002966,B2C,2025-08-29,social pago,SOC-202508,,,Joinville,SC,17541
CLI002967,B2C,2025-02-21,orgânico,,,,Cuiabá,MT,63915
CLI002968,B2C,2025-08-30,busca paga,SEA-202508,,,Salvador,BA,20200
CLI002969,B2C,2025-12-10,social pago,SOC-202512,,,Brasília,DF,56379
CLI002970,B2C,2026-04-15,busca paga,SEA-202604,,,Piracicaba Mun.,SP,25474
CLI002971,B2C,2026-03-07,influenciador,INF-202603,,,Campinas,SP,98209
CLI002972,B2C,2025-01-10,busca paga,SEA-202501,,,Pelotas,RS,09787
CLI002973,B2C,2025-01-06,social pago,SOC-202501,,,Juiz de Fora,MG,60925
CLI002974,B2C,2025-08-22,orgânico,,,,Americana,SP,60744
CLI002975,B2C,2026-04-16,social pago,SOC-202604,,,São José dos Campos,SP,09724
CLI002976,B2C,2025-01-11,social pago,SOC-202501,,,São José dos Campos,SP,68673
CLI002977,B2C,2025-03-02,social pago,SOC-202503,,,Sorocaba,SP,13936
CLI002978,B2C,2025-10-15,social pago,SOC-202510,,,São José dos Campos,SP,53096
CLI002979,B2C,2025-12-31,social pago,SOC-202512,,,Joinville,SC,06015
CLI002980,B2C,2026-06-11,influenciador,INF-202606,,,Aparecida de Goiânia,GO,12063
CLI002981,B2C,2025-09-08,influenciador,INF-202509,,,Americana,SP,95341
CLI002982,B2C,2025-05-19,CRM,,,,Americana,SP,93839
CLI002983,B2C,2026-01-06,CRM,,,,Pelotas,RS,73408
CLI002984,B2C,2025-11-16,social pago,SOC-202511,,,Ponta Grossa,PR,64264
CLI002985,B2C,2025-06-07,CRM,,,,Piracicaba,SP,92345
CLI002986,B2C,2025-04-19,CRM,,,,Sorocaba Mun.,SP,46565
CLI002987,B2C,2026-04-10,orgânico,,,,Petrópolis,RJ,94042
CLI002988,B2C,2026-04-04,orgânico,,,,Canoas,RS,02223
CLI002989,B2C,2025-02-12,indicação,,,,Jundiaí,SP,43670
CLI002990,B2C,2025-03-21,indicação,,,,São Paulo,SP,79463
CLI002991,B2C,2025-04-11,orgânico,,,,Pelotas,RS,34361
CLI002992,B2C,2025-12-02,orgânico,,,,Ponta Grossa,PR,91104
CLI002993,B2C,2026-05-21,busca paga,SEA-202605,,,Sorocaba,SP,12793
CLI002994,B2C,2025-03-14,social pago,SOC-202503,,,Brasília,DF,10628
CLI002995,B2C,2025-11-21,social pago,SOC-202511,,,Ribeirão Preto,SP,78752
CLI002996,B2C,2025-12-07,social pago,SOC-202512,,,Vitória da Conquista,BA,74361
CLI002997,B2C,2025-05-08,influenciador,INF-202505,,,Volta Redonda,RJ,28813
CLI002998,B2C,2025-05-05,busca paga,SEA-202505,,,Jundiaí,SP,20033
CLI002999,B2C,2026-05-18,,,,,Contagem,MG,99116
CLI003000,B2C,2025-09-02,busca paga,SEA-202509,,,Caxias do Su,RS,82879
CLI003001,B2C,2025-04-14,orgânico,,,,Blumenau,SC,46337
CLI003002,B2C,2025-03-16,influenciador,INF-202503,,,Americana,SP,61228
CLI003003,B2C,2025-07-31,orgânico,,,,Volta Redonda,RJ,69433
CLI003004,B2C,2026-05-22,indicação,,,,Sorocab,SP,65676
CLI003005,B2C,2025-08-26,social pago,SOC-202508,,,Curitiba,PR,31618
CLI003006,B2C,2026-04-19,social pago,SOC-202604,,,Cascavel,PR,25065
CLI003007,B2C,2025-02-16,social pago,SOC-202502,,,Cascavel,PR,07521
CLI003008,B2C,2025-12-07,busca paga,SEA-202512,,,Piracicaba,SP,78986
CLI003009,B2C,2025-09-04,orgânico,,,,Ponta Grossa,PR,77530
CLI003010,B2C,2025-01-20,orgânico,,,,Limeira,SP,55104
CLI003011,B2C,2025-04-30,busca paga,SEA-202504,,,Volta Redonda,RJ,88370
CLI003012,B2C,2026-03-03,influenciador,INF-202603,,,Jaboatão dos Guararapes,PE,65166
CLI003013,B2C,2025-08-08,social pago,SOC-202508,,,São José dos Campos,SP,59951
CLI003014,B2C,2025-11-10,orgânico,,,,Pelotas,RS,29609
CLI003015,B2C,2026-01-25,social pago,SOC-202601,,,Bauru,SP,44231
CLI003016,B2C,2025-07-24,influenciador,INF-202507,,,Goiânia,GO,10881
CLI003017,B2C,2025-12-15,indicação,,,,Americana,SP,59263
CLI003018,B2C,2025-12-19,orgânico,,,,Rio de Janeiro,RJ,38098
CLI003019,B2C,2026-01-31,orgânico,,,,Campinas,SP,13382
CLI003020,B2C,2026-05-30,orgânico,,,,Sorocaba,SP,40397
CLI003021,B2C,2025-12-19,orgânico,,,,Petrópolis,RJ,89209
CLI003022,B2C,2025-04-22,social pago,SOC-202504,,,Sorocaba,SP,98415
CLI003023,B2C,2025-08-15,orgânico,,,,Limeira,SP,18242
CLI003024,B2C,2026-05-04,social pago,SOC-202605,,,São Paulo,SP,50944
CLI003025,B2C,2025-11-30,busca paga,SEA-202511,,,Bauru,SP,99635
CLI003026,B2C,2025-04-19,indicação,,,,Aparecida de Goiânia.,GO,43961
CLI003027,B2C,2025-04-29,indicação,,,,Bauru,SP,42603
CLI003028,B2C,2026-01-19,busca paga,SEA-202601,,,Fortaleza,CE,13607
CLI003029,B2C,2025-09-01,orgânico,,,,Pouso Alegre,MG,80021
CLI003030,B2C,2025-10-09,orgânico,,,,Blumenau,SC,72445
CLI003031,B2C,2026-02-22,,SOC-202602,,,Maringá,PR,45336
CLI003032,B2C,2025-03-18,indicação,,,,Piracicaba,SP,15822
CLI003033,B2C,2025-11-05,busca paga,SEA-202511,,,Brasília,DF,08877
CLI003034,B2C,2025-01-03,influenciador,INF-202501,,,Belo Horizonte,MG,71300
CLI003035,B2C,2025-12-04,busca paga,SEA-202512,,,Caruaru,PE,55935
CLI003036,B2C,2025-07-31,orgânico,,,,Americana,SP,51752
CLI003037,B2C,2025-03-06,orgânico,,,,Americana,SP,35654
CLI003038,B2C,2025-08-09,busca paga,SEA-202508,,,Canoas,RS,43562
CLI003039,B2C,2026-02-04,indicação,,,,Americana,SP,97330
CLI003040,B2C,2026-01-15,busca paga,SEA-202601,,,Limeira,SP,08574
CLI003041,B2C,2026-01-21,influenciador,INF-202601,,,Maringá,PR,87567
CLI003042,B2C,2025-05-10,orgânico,,,,Jundiaí,SP,50197
CLI003043,B2C,2026-05-07,influenciador,INF-202605,,,Limeira,SP,95118
CLI003044,B2C,2025-03-15,indicação,,,,Rio de Janeiro,RJ,26108
CLI003045,B2C,2026-02-23,busca paga,SEA-202602,,,Brasília,DF,20726
CLI003046,B2C,2025-11-27,orgânico,,,,Ribeirão Preto,SP,44097
CLI003047,B2C,2026-04-13,social pago,SOC-202604,,,Feira de Santana,BA,49654
CLI003048,B2C,2025-06-07,influenciador,INF-202506,,,Contagem,MG,77914
CLI003049,B2C,2026-06-02,CRM,,,,Niterói,RJ,04770
CLI003050,B2C,2025-11-24,orgânico,,,,Ribeirão Preto,SP,78406
CLI003051,B2C,2026-06-13,busca paga,SEA-202606,,,Limeira,SP,17360
CLI003052,B2C,2025-11-12,influenciador,INF-202511,,,Canoas,RS,36880
CLI003053,B2C,2026-04-02,orgânico,,,,Vitória da Conquista,BA,41989
CLI003054,B2C,2026-02-11,influenciador,INF-202602,,,Curitiba,PR,64659
CLI003055,B2C,2025-02-14,,,,,Niterói,RJ,05175
CLI003056,B2C,2025-08-28,busca paga,SEA-202508,,,Canoas,RS,81353
CLI003057,B2C,2026-05-01,busca paga,SEA-202605,,,Bauru,SP,25388
CLI003058,B2C,2025-01-26,orgânico,,,,Belo Horizonte,MG,63349
CLI003059,B2C,2025-01-02,,,,,Caxias do Sul Mun.,RS,92511
CLI003060,B2C,2026-02-07,busca paga,SEA-202602,,,Ribeirão Preto,SP,71827
CLI003061,B2C,2025-10-10,orgânico,,,,Niterói,RJ,12821
CLI003062,B2C,2026-05-05,influenciador,INF-202605,,,Goiânia,GO,79391
CLI003063,B2C,2025-09-14,influenciador,INF-202509,,,Recife,PE,23955
CLI003064,B2C,2025-06-28,orgânico,,,,Ribeirão Preto,SP,44921
CLI003065,B2C,2025-06-05,busca paga,SEA-202506,,,Blumenau,SC,90306
CLI003066,B2C,2025-03-06,social pago,SOC-202503,,,Limeira,SP,19417
CLI003067,B2C,2025-11-16,influenciador,INF-202511,,,Caxias do Sul,RS,51635
CLI003068,B2C,2026-05-11,CRM,,,,Feira de Santana,BA,19492
CLI003069,B2C,2026-01-14,social pago,SOC-202601,,,Porto Alegre,RS,48325
CLI003070,B2C,2025-01-27,indicação,,,,Londrina,PR,11992
CLI003071,B2C,2025-06-13,orgânico,,,,Americana,SP,70389
CLI003072,B2C,2025-03-17,social pago,SOC-202503,,,Goiânia,GO,80654
CLI003073,B2C,2026-03-11,influenciador,INF-202603,,,Salvador,BA,58962
CLI003074,B2C,2025-05-19,busca paga,SEA-202505,,,Aparecida de Goiânia,GO,62030
CLI003075,B2C,2025-09-01,influenciador,INF-202509,,,Caruaru,PE,03956
CLI003076,B2C,2026-02-25,social pago,SOC-202602,,,Joinville,SC,32753
CLI003077,B2C,2025-10-16,social pago,SOC-202510,,,Uberlândia,MG,16770
CLI003078,B2C,2026-04-05,social pago,SOC-202604,,,Limeira,SP,76046
CLI003079,B2C,2025-10-27,indicação,,,,Limeira,SP,68155
CLI003080,B2C,2026-02-23,social pago,SOC-202602,,,Porto Alegre,RS,76114
CLI003081,B2C,2025-05-08,indicação,,,,Campo Grande,MS,47340
CLI003082,B2C,2025-06-23,social pago,SOC-202506,,,Salvador,BA,46109
CLI003083,B2C,2025-12-01,busca paga,SEA-202512,,,Joinville,SC,53120
CLI003084,B2C,2026-06-10,indicação,,,,Canoas,RS,32549
CLI003085,B2C,2025-10-28,influenciador,INF-202510,,,Bauru,SP,19199
CLI003086,B2C,2025-09-30,social pago,SOC-202509,,,Juazeiro do Norte,CE,90485
CLI003087,B2C,2025-08-05,social pago,SOC-202508,,,Sorocaba,SP,81800
CLI003088,B2C,2026-01-04,social pago,SOC-202601,,,Pouso Alegre,MG,48527
CLI003089,B2C,2025-03-01,social pago,SOC-202503,,,Sorocaba,SP,90098
CLI003090,B2C,2025-06-12,CRM,,,,São José dos Campos,SP,68585
CLI003091,B2C,2025-02-15,social pago,SOC-202502,,,Piracicaba,SP,81390
CLI003092,B2C,2026-02-16,social pago,SOC-202602,,,Sorocaba,SP,54083
CLI003093,B2C,2025-02-13,indicação,,,,Feira de Santana,BA,21841
CLI003094,B2C,2026-05-16,busca paga,SEA-202605,,,Caruaru,PE,91580
CLI003095,B2C,2025-08-02,orgânico,,,,Jundiaí,SP,31424
CLI003096,B2C,2025-01-07,social pago,SOC-202501,,,Maringá,PR,05465
CLI003097,B2C,2025-04-13,orgânico,,,,Rio de Janeiro,RJ,15120
CLI003098,B2C,2025-02-18,CRM,,,,Joinville,SC,08174
CLI003099,B2C,2025-01-26,social pago,SOC-202501,,,Feira de Santana,BA,89584
CLI003100,B2C,2026-05-30,social pago,SOC-202605,,,Caxias do Sul,RS,25126
CLI003101,B2C,2026-04-07,social pago,SOC-202604,,,Salvador,BA,82975
CLI003102,B2C,2026-06-10,busca paga,SEA-202606,,,Anápolis,GO,81034
CLI003103,B2C,2025-11-13,orgânico,,,,Brasília,DF,82015
CLI003104,B2C,2025-10-27,orgânico,,,,Petrópolis,RJ,39311
CLI003105,B2C,2025-09-11,orgânico,,,,Jaboatão dos Guararapes,PE,63221
CLI003106,B2C,2026-03-26,social pago,SOC-202603,,,Anápolis,GO,60704
CLI003107,B2C,2025-04-26,influenciador,INF-202504,,,Caxias do Sul,RS,24527
CLI003108,B2C,2025-01-09,orgânico,,,,Londrina,PR,38652
CLI003109,B2C,2025-07-08,indicação,,,,Chapecó,SC,33532
CLI003110,B2C,2025-05-23,orgânico,,,,Juiz de Fora Mun.,MG,58063
CLI003111,B2C,2026-01-12,orgânico,,,,Belo Horizonte,MG,13152
CLI003112,B2C,2026-05-28,orgânico,,,,Salvador,BA,05713
CLI003113,B2C,2026-03-04,CRM,,,,Cascavel,PR,68100
CLI003114,B2C,2025-07-08,orgânico,,,,Maringá,PR,66816
CLI003115,B2C,2025-05-04,social pago,SOC-202505,,,Sorocaba,SP,57236
CLI003116,B2C,2025-02-26,orgânico,,,,Jundiaí,SP,82794
CLI003117,B2C,2025-01-11,orgânico,,,,Ribeirão Preto,SP,20790
CLI003118,B2C,2026-05-05,social pago,SOC-202605,,,Americana,SP,24084
CLI003119,B2C,2025-03-06,orgânico,,,,Ribeirão Preto,SP,66326
CLI003120,B2C,2025-07-21,orgânico,,,,Sorocaba,SP,28903
CLI003121,B2C,2025-03-18,indicação,,,,Limeira,SP,43903
CLI003122,B2C,2025-01-20,CRM,,,,Campinas,SP,27773
CLI003123,B2C,2025-10-28,busca paga,SEA-202510,,,Uberlândia,MG,08712
CLI003124,B2C,2025-05-10,social pago,SOC-202505,,,Niterói,RJ,51466
CLI003125,B2C,2025-01-06,influenciador,INF-202501,,,Vitória da Conquista,BA,69100
CLI003126,B2C,2025-10-29,busca paga,SEA-202510,,,Ribeirão Preto,SP,59665
CLI003127,B2C,2026-06-11,busca paga,SEA-202606,,,Curitiba,PR,62114
CLI003128,B2C,2026-06-04,social pago,SOC-202606,,,Limeira,SP,21783
CLI003129,B2C,2025-09-18,influenciador,INF-202509,,,São José dos Campos,SP,20751
CLI003130,B2C,2025-01-30,orgânico,,,,Sorocaba,SP,67347
CLI003131,B2C,2025-06-23,influenciador,,,,Caxias do Sul,RS,88743
CLI003132,B2C,2025-12-17,orgânico,,,,Canoas,RS,85177
CLI003133,B2C,2025-07-20,orgânico,,,,Uberaba,MG,22398
CLI003134,B2C,2025-06-14,orgânico,,,,Ribeirão Preto,SP,57565
CLI003135,B2C,2025-08-09,orgânico,,,,São Paulo Mun.,SP,19614
CLI003136,B2C,2025-12-06,busca paga,SEA-202512,,,Sorocaba,SP,85230
CLI003137,B2C,2025-02-04,social pago,SOC-202502,,,Pouso Alegre,MG,78640
CLI003138,B2C,2026-04-18,CRM,,,,Porto Alegre,RS,22600
CLI003139,B2C,2025-10-15,,,,,Caxias do Sul,RS,60637
CLI003140,B2C,2025-12-10,busca paga,SEA-202512,,,Blumenau,SC,15197
CLI003141,B2C,2026-02-09,busca paga,SEA-202602,,,Ribeirão Preto,SP,05113
CLI003142,B2C,2025-01-10,social pago,SOC-202501,,,Juiz de Fora,MG,20297
CLI003143,B2C,2025-05-01,,,,,São Paulo,SP,52634
CLI003144,B2C,2026-04-29,orgânico,,,,Cascavel,PR,54243
CLI003145,B2C,2025-04-08,social pago,SOC-202504,,,Limeira,SP,37142
CLI003146,B2C,2026-05-17,indicação,,,,Curitiba,PR,60766
CLI003147,B2C,2025-11-28,social pago,SOC-202511,,,São José dos Campos,SP,32285
CLI003148,B2C,2025-03-14,orgânico,,,,Campinas,SP,74790
CLI003149,B2C,2026-01-08,orgânico,,,,Salvador,BA,20256
CLI003150,B2C,2025-06-05,indicação,,,,Belo Horizonte,MG,83990
CLI003151,B2C,2026-01-07,social pago,SOC-202601,,,Petrópolis,RJ,24120
CLI003152,B2C,2025-06-22,indicação,,,,Londrina,PR,06194
CLI003153,B2C,2025-07-04,influenciador,INF-202507,,,Jundiaí,SP,74884
CLI003154,B2C,2025-08-23,social pago,SOC-202508,,,Curitiba,PR,81463
CLI003155,B2C,2026-06-15,social pago,SOC-202606,,,Maringá,PR,72273
CLI003156,B2C,2025-03-27,social pago,SOC-202503,,,São José dos Campos,SP,05660
CLI003157,B2C,2025-07-20,orgânico,,,,Americana,SP,46892
CLI003158,B2C,2026-06-14,influenciador,INF-202606,,,Caruaru,PE,23766
CLI003159,B2C,2026-03-15,social pago,SOC-202603,,,Piracicaba,SP,09180
CLI003160,B2C,2025-09-27,,,,,Londrina,PR,81971
CLI003161,B2C,2025-11-28,social pago,SOC-202511,,,São José dos Campos Mun.,SP,91297
CLI003162,B2C,2025-04-26,busca paga,SEA-202504,,,Joinville,SC,09274
CLI003163,B2C,2026-06-10,orgânico,,,,Jundiaí,SP,63701
CLI003164,B2C,2025-04-02,CRM,,,,Anápolis,GO,73677
CLI003165,B2C,2025-02-21,orgânico,,,,Piracicaba,SP,18640
CLI003166,B2C,2025-07-01,social pago,SOC-202507,,,Limeira,SP,70436
CLI003167,B2C,2025-02-28,social pago,SOC-202502,,,Blumenau.,SC,60425
CLI003168,B2C,2025-03-06,orgânico,,,,Belém,PA,89873
CLI003169,B2C,2026-04-28,social pago,SOC-202604,,,Limeira,SP,68008
CLI003170,B2C,2026-03-25,orgânico,,,,Piracicaba,SP,41896
CLI003171,B2C,2025-07-17,CRM,,,,Uberaba,MG,14767
CLI003172,B2C,2025-06-04,orgânico,,,,Limeira.,SP,79759
CLI003173,B2C,2025-09-14,social pago,SOC-202509,,,Rio de Janeiro,RJ,72573
CLI003174,B2C,2025-12-12,orgânico,,,,Belo Horizonte,MG,17917
CLI003175,B2C,2025-01-15,busca paga,SEA-202501,,,Sorocaba,SP,74693
CLI003176,B2C,2025-02-17,social pago,SOC-202502,,,Caruaru,PE,38687
CLI003177,B2C,2025-06-16,orgânico,,,,Jundiaí,SP,06182
CLI003178,B2C,2025-02-16,social pago,SOC-202502,,,Limeira,SP,59192
CLI003179,B2C,2026-02-12,social pago,SOC-202602,,,Campo Grande,MS,63469
CLI003180,B2C,2025-04-15,indicação,,,,Vitória,ES,25072
CLI003181,B2C,2025-04-21,orgânico,,,,Feira de Santana,BA,53640
CLI003182,B2C,2025-02-20,social pago,SOC-202502,,,Jundiaí,SP,13410
CLI003183,B2C,2025-12-10,,,,,Cascavel,PR,48126
CLI003184,B2C,2026-05-31,influenciador,INF-202605,,,Rio de Janeiro,RJ,68890
CLI003185,B2C,2025-08-23,influenciador,INF-202508,,,Americana,SP,42227
CLI003186,B2C,2025-10-22,busca paga,SEA-202510,,,Sorocaba,SP,99711
CLI003187,B2C,2026-01-08,influenciador,INF-202601,,,Limeira,SP,68850
CLI003188,B2C,2026-04-11,,,,,Ribeirão Preto,SP,85741
CLI003189,B2C,2025-04-29,orgânico,,,,Rio de Janeiro,RJ,41230
CLI003190,B2C,2026-04-03,indicação,,,,Brasília,DF,66418
CLI003191,B2C,2025-07-05,social pago,SOC-202507,,,São José dos Campos,SP,64595
CLI003192,B2C,2025-03-25,influenciador,INF-202503,,,Rio de Janeiro,RJ,47322
CLI003193,B2C,2025-05-24,social pago,,,,Jundiaí,SP,40623
CLI003194,B2C,2026-02-01,social pago,SOC-202602,,,São Paulo,SP,47315
CLI003195,B2C,2025-01-05,social pago,SOC-202501,,,Rondonópolis,MT,23029
CLI003196,B2C,2025-11-27,indicação,,,,Sorocaba,SP,58983
CLI003197,B2C,2025-12-27,orgânico,,,,Cuiabá,MT,46964
CLI003198,B2C,2025-09-03,social pago,SOC-202509,,,Londrina,PR,61664
CLI003199,B2C,2025-09-06,orgânico,,,,São Paulo,SP,08397
CLI003200,B2C,2025-05-31,indicação,,,,Ponta Grossa,PR,93396
CLI003201,B2C,2025-06-26,busca paga,SEA-202506,,,Dourados,MS,92249
CLI003202,B2C,2025-07-20,social pago,SOC-202507,,,Jundiaí,SP,76158
CLI003203,B2C,2026-04-12,busca paga,SEA-202604,,,Sorocaba,SP,24292
CLI003204,B2C,2025-08-17,social pago,SOC-202508,,,Sorocaba,SP,96924
CLI003205,B2C,2025-04-27,indicação,,,,Jundiaí,SP,12941
CLI003206,B2C,2025-02-18,busca paga,SEA-202502,,,São Paulo,SP,45027
CLI003207,B2C,2025-10-05,CRM,,,,Brasília,DF,60989
CLI003208,B2C,2025-07-12,orgânico,,,,Jundiaí,SP,79940
CLI003209,B2C,2026-02-07,social pago,SOC-202602,,,Sorocaba,SP,85125
CLI003210,B2C,2025-03-30,,,,,São Paulo,SP,49190
CLI003211,B2C,2025-05-09,indicação,,,,Londrina,PR,81043
CLI003212,B2C,2026-06-07,busca paga,SEA-202606,,,Ribeirão Preto,SP,45727
CLI003213,B2C,2026-04-02,busca paga,SEA-202604,,,Sorocaba,SP,42501
CLI003214,B2C,2025-06-01,,INF-202506,,,Sorocaba,SP,72609
CLI003215,B2C,2025-01-29,orgânico,,,,Vitória,ES,76921
CLI003216,B2C,2025-02-02,social pago,SOC-202502,,,Brasília,DF,29113
CLI003217,B2C,2026-05-31,orgânico,,,,Anápolis,GO,35518
CLI003218,B2C,2025-02-16,influenciador,INF-202502,,,Pelotas,RS,05866
CLI003219,B2C,2025-06-16,orgânico,,,,São José dos Campos,SP,27827
CLI003220,B2C,2026-03-06,influenciador,INF-202603,,,Porto Alegre,RS,99830
CLI003221,B2C,2025-11-06,indicação,,,,Bauru,SP,25150
CLI003222,B2C,2025-05-04,social pago,SOC-202505,,,Piracicaba,SP,53588
CLI003223,B2C,2026-02-28,influenciador,INF-202602,,,Blumenau,SC,06358
CLI003224,B2C,2025-01-09,orgânico,,,,Pouso Alegre,MG,97384
CLI003225,B2C,2026-01-19,orgânico,,,,São José dos Campos,SP,24610
CLI003226,B2C,2026-06-06,influenciador,INF-202606,,,Ribeirão Preto,SP,58707
CLI003227,B2C,2025-01-14,social pago,SOC-202501,,,Sorocaba,SP,54335
CLI003228,B2C,2026-01-08,indicação,,,,São Paulo,SP,91300
CLI003229,B2C,2026-02-04,social pago,SOC-202602,,,Petrópolis,RJ,73527
CLI003230,B2C,2025-12-27,orgânico,,,,Petrópolis,RJ,16351
CLI003231,B2C,2025-02-24,,SEA-202502,,,Bauru,SP,26552
CLI003232,B2C,2026-06-08,social pago,SOC-202606,,,Florianópolis,SC,79676
CLI003233,B2C,2025-04-04,CRM,,,,Petrópolis,RJ,11715
CLI003234,B2C,2026-05-23,orgânico,,,,Bauru,SP,21690
CLI003235,B2C,2025-09-18,indicação,,,,Recife,PE,35129
CLI003236,B2C,2026-06-09,,SEA-202606,,,Bauru,SP,45395
CLI003237,B2C,2025-04-24,busca paga,SEA-202504,,,Manaus,AM,31395
CLI003238,B2C,2025-01-31,busca paga,SEA-202501,,,Florianópolis,SC,03849
CLI003239,B2C,2025-02-10,orgânico,,,,Vitória da Conquista,BA,51993
CLI003240,B2C,2025-06-14,influenciador,INF-202506,,,Campinas,SP,81135
CLI003241,B2C,2026-06-12,social pago,SOC-202606,,,Niterói,RJ,97147
CLI003242,B2C,2025-11-22,busca paga,SEA-202511,,,Americana,SP,73210
CLI003243,B2C,2026-02-12,orgânico,,,,Limeira,SP,47531
CLI003244,B2C,2026-03-10,influenciador,INF-202603,,,Feira de Santana,BA,97159
CLI003245,B2C,2025-05-19,CRM,,,,Sorocaba,SP,13576
CLI003246,B2C,2025-01-09,social pago,SOC-202501,,,Cascavel,PR,53221
CLI003247,B2C,2025-07-17,orgânico,,,,Feira de Santana,BA,99148
CLI003248,B2C,2025-12-25,social pago,SOC-202512,,,Maringá,PR,30080
CLI003249,B2C,2026-02-24,busca paga,SEA-202602,,,Belo Horizonte,MG,30084
CLI003250,B2C,2026-05-20,orgânico,,,,Sorocaba,SP,77586
CLI003251,B2C,2026-05-20,busca paga,SEA-202605,,,Americana,SP,75153
CLI003252,B2C,2025-08-22,orgânico,,,,São Paulo,SP,20387
CLI003253,B2C,2026-01-02,indicação,,,,São Paulo,SP,14167
CLI003254,B2C,2025-12-28,indicação,,,,Vitória da Conquista,BA,45271
CLI003255,B2C,2026-03-13,busca paga,SEA-202603,,,Canoas,RS,80217
CLI003256,B2C,2025-03-15,CRM,,,,Cascavel Mun.,PR,54173
CLI003257,B2C,2025-02-01,orgânico,,,,Contagem,MG,19880
CLI003258,B2C,2026-04-20,social pago,SOC-202604,,,Belo Horizonte,MG,91685
CLI003259,B2C,2025-02-23,social pago,SOC-202502,,,Petrópolis,RJ,94898
CLI003260,B2C,2025-04-08,influenciador,INF-202504,,,Bauru,SP,54316
CLI003261,B2C,2025-11-12,influenciador,INF-202511,,,Caruaru,PE,51306
CLI003262,B2C,2025-06-05,social pago,SOC-202506,,,Joinville,SC,84755
CLI003263,B2C,2025-11-24,busca paga,SEA-202511,,,Brasília,DF,56111
CLI003264,B2C,2025-05-27,indicação,,,,Santarém.,PA,66010
CLI003265,B2C,2025-07-19,orgânico,,,,São José dos Campos,SP,84146
CLI003266,B2C,2026-04-26,social pago,SOC-202604,,,Canoas,RS,72993
CLI003267,B2C,2025-08-06,CRM,,,,Campinas,SP,77222
CLI003268,B2C,2025-02-21,social pago,SOC-202502,,,Campinas,SP,34415
CLI003269,B2C,2026-01-27,influenciador,INF-202601,,,Cuiabá,MT,68192
CLI003270,B2C,2025-01-10,orgânico,,,,Petrópolis,RJ,76457
CLI003271,B2C,2025-07-18,social pago,SOC-202507,,,Recife,PE,09789
CLI003272,B2C,2025-05-26,CRM,,,,Belo Horizonte,MG,61583
CLI003273,B2C,2025-05-21,busca paga,SEA-202505,,,Pouso Alegre,MG,86131
CLI003274,B2C,2026-03-23,social pago,SOC-202603,,,Petrópoli,RJ,02155
CLI003275,B2C,2025-06-19,indicação,,,,Contagem,MG,15633
CLI003276,B2C,2025-10-14,busca paga,SEA-202510,,,Jundiaí,SP,38481
CLI003277,B2C,2025-02-09,busca paga,SEA-202502,,,Caxias do Sul,RS,81236
CLI003278,B2C,2026-02-17,influenciador,INF-202602,,,Maringá,PR,21319
CLI003279,B2C,2025-04-04,orgânico,,,,Americana,SP,02920
CLI003280,B2C,2025-02-12,CRM,,,,São José dos Campos,SP,80754
CLI003281,B2C,2025-05-05,orgânico,,,,Pouso Alegre,MG,35326
CLI003282,B2C,2025-01-15,orgânico,,,,Porto Alegre,RS,69635
CLI003283,B2C,2026-03-16,influenciador,INF-202603,,,Cuiabá,MT,20228
CLI003284,B2C,2026-05-21,social pago,SOC-202605,,,Goiânia,GO,67168
CLI003285,B2C,2026-01-28,influenciador,INF-202601,,,Caruaru,PE,74056
CLI003286,B2C,2025-11-04,busca paga,SEA-202511,,,Londrina,PR,90069
CLI003287,B2C,2026-04-28,orgânico,,,,Anápolis,GO,71378
CLI003288,B2C,2025-07-05,orgânico,,,,São Paulo,SP,92178
CLI003289,B2C,2025-01-20,orgânico,,,,Salvador,BA,81851
CLI003290,B2C,2025-07-29,social pago,SOC-202507,,,Rio de Janeiro,RJ,88194
CLI003291,B2C,2026-03-05,orgânico,,,,Bauru,SP,47058
CLI003292,B2C,2025-07-05,orgânico,,,,Limeira,SP,14617
CLI003293,B2C,2025-09-22,busca paga,SEA-202509,,,Jundiaí,SP,76734
CLI003294,B2C,2025-09-10,social pago,SOC-202509,,,Americana,SP,85172
CLI003295,B2C,2025-04-21,orgânico,,,,Americana,SP,09883
CLI003296,B2C,2025-05-15,indicação,,,,Rio de Janeiro,RJ,84122
CLI003297,B2C,2026-01-04,indicação,,,,Americana,SP,36264
CLI003298,B2C,2025-11-20,social pago,SOC-202511,,,Ribeirão Preto,SP,09118
CLI003299,B2C,2025-03-11,social pago,SOC-202503,,,São Paulo,SP,86825
CLI003300,B2C,2025-12-12,social pago,SOC-202512,,,Jundiaí,SP,51743
CLI003301,B2C,2025-05-07,influenciador,INF-202505,,,Americana,SP,56193
CLI003302,B2C,2025-02-23,social pago,SOC-202502,,,Juiz de Fora,MG,31192
CLI003303,B2C,2026-02-26,orgânico,,,,São José dos Campos,SP,19464
CLI003304,B2C,2025-06-19,busca paga,SEA-202506,,,São Paulo,SP,82258
CLI003305,B2C,2025-02-22,busca paga,SEA-202502,,,Contagem,MG,98629
CLI003306,B2C,2025-05-13,indicação,,,,Campinas,SP,98430
CLI003307,B2C,2025-01-30,social pago,SOC-202501,,,Belo Horizonte,MG,20841
CLI003308,B2C,2025-12-05,orgânico,,,,São Paul,SP,18502
CLI003309,B2C,2025-05-22,influenciador,INF-202505,,,Jundiaí,SP,05063
CLI003310,B2C,2025-06-15,social pago,SOC-202506,,,Piracicaba,SP,02869
CLI003311,B2C,2026-05-23,social pago,SOC-202605,,,Niterói,RJ,04014
CLI003312,B2C,2025-12-21,influenciador,INF-202512,,,Piracicaba,SP,27486
CLI003313,B2C,2025-06-23,social pago,SOC-202506,,,Bauru,SP,06509
CLI003314,B2C,2026-03-21,,INF-202603,,,Piracicaba,SP,24779
CLI003315,B2C,2025-09-09,influenciador,INF-202509,,,Campinas,SP,53145
CLI003316,B2C,2026-03-03,indicação,,,,Curitiba,PR,12963
CLI003317,B2C,2025-08-19,influenciador,INF-202508,,,Londrina,PR,62993
CLI003318,B2C,2026-02-23,indicação,,,,São Paulo,SP,33509
CLI003319,B2C,2026-04-17,social pago,SOC-202604,,,Curitiba,PR,81675
CLI003320,B2C,2026-02-03,busca paga,SEA-202602,,,Florianópolis,SC,10163
CLI003321,B2C,2026-02-26,CRM,,,,Maringá,PR,41464
CLI003322,B2C,2025-10-15,indicação,,,,Bauru,SP,95775
CLI003323,B2C,2025-02-08,social pago,SOC-202502,,,Sorocaba,SP,99413
CLI003324,B2C,2025-03-17,influenciador,INF-202503,,,Campinas,SP,16407
CLI003325,B2C,2026-04-24,influenciador,INF-202604,,,Curitiba,PR,66858
CLI003326,B2C,2026-04-29,busca paga,SEA-202604,,,Contagem,MG,19653
CLI003327,B2C,2026-03-01,social pago,SOC-202603,,,Piracicaba,SP,73626
CLI003328,B2C,2026-04-05,busca paga,SEA-202604,,,Sorocaba,SP,79901
CLI003329,B2C,2026-04-16,social pago,,,,Pouso Alegre Mun.,MG,63928
CLI003330,B2C,2025-02-03,orgânico,,,,Campo Grande,MS,70436
CLI003331,B2C,2025-03-06,social pago,SOC-202503,,,Jundiaí,SP,27263
CLI003332,B2C,2025-11-11,indicação,,,,Juiz de Fora,MG,94895
CLI003333,B2C,2026-01-15,social pago,SOC-202601,,,Piracicaba,SP,23460
CLI003334,B2C,2025-04-09,orgânico,,,,Americana,SP,62657
CLI003335,B2C,2025-12-30,social pago,SOC-202512,,,Petrópolis,RJ,66994
CLI003336,B2C,2025-06-21,indicação,,,,Joinville,SC,93012
CLI003337,B2C,2025-12-06,influenciador,INF-202512,,,Petrópolis,RJ,34752
CLI003338,B2C,2025-09-14,orgânico,,,,Goiânia,GO,64906
CLI003339,B2C,2025-12-13,social pago,SOC-202512,,,Piracicaba,SP,94839
CLI003340,B2C,2025-03-08,social pago,SOC-202503,,,Piracicaba.,SP,34399
CLI003341,B2C,2026-03-28,busca paga,SEA-202603,,,Limeira,SP,82305
CLI003342,B2C,2025-12-21,CRM,,,,Pouso Alegre,MG,77823
CLI003343,B2C,2025-11-07,social pago,SOC-202511,,,Piracicaba,SP,89722
CLI003344,B2C,2025-06-01,orgânico,,,,Americana,SP,22204
CLI003345,B2C,2026-01-05,social pago,SOC-202601,,,Goiânia,GO,89793
CLI003346,B2C,2026-02-08,social pago,SOC-202602,,,Petrópolis,RJ,27599
CLI003347,B2C,2025-09-21,orgânico,,,,São Paulo,SP,12087
CLI003348,B2C,2025-09-18,orgânico,,,,Jundiaí,SP,85160
CLI003349,B2C,2025-03-28,orgânico,,,,São José dos Campos,SP,73336
CLI003350,B2C,2026-05-14,influenciador,INF-202605,,,Campinas Mun.,SP,58990
CLI003351,B2C,2025-12-02,social pago,SOC-202512,,,Londrina,PR,52013
CLI003352,B2C,2025-05-09,orgânico,,,,São Paulo,SP,09314
CLI003353,B2C,2026-03-24,social pago,SOC-202603,,,Caruaru,PE,71529
CLI003354,B2C,2025-03-18,orgânico,,,,Jundiaí,SP,68160
CLI003355,B2C,2025-02-14,CRM,,,,Contagem,MG,11360
CLI003356,B2C,2025-04-12,social pago,SOC-202504,,,Limeira,SP,66393
CLI003357,B2C,2025-05-19,orgânico,,,,Americana,SP,86197
CLI003358,B2C,2026-04-23,influenciador,INF-202604,,,Limeira,SP,13195
CLI003359,B2C,2025-03-23,indicação,,,,Salvador,BA,57131
CLI003360,B2C,2025-07-03,orgânico,,,,Jundiaí,SP,56986
CLI003361,B2C,2025-11-02,orgânico,,,,Londrina,PR,59187
CLI003362,B2C,2025-05-19,social pago,SOC-202505,,,Uberaba,MG,71726
CLI003363,B2C,2026-03-20,orgânico,,,,Dourados,MS,43210
CLI003364,B2C,2025-01-30,indicação,,,,Piracicaba,SP,99085
CLI003365,B2C,2025-06-19,busca paga,SEA-202506,,,Piracicaba,SP,23583
CLI003366,B2C,2025-07-28,busca paga,SEA-202507,,,Limeira,SP,65263
CLI003367,B2C,2025-08-23,social pago,SOC-202508,,,Bauru,SP,57972
CLI003368,B2C,2025-03-17,CRM,,,,Porto Alegre,RS,42170
CLI003369,B2C,2025-08-16,social pago,SOC-202508,,,São José dos Campos,SP,60200
CLI003370,B2C,2025-05-30,orgânico,,,,São José dos Campos,SP,22831
CLI003371,B2C,2026-04-06,social pago,SOC-202604,,,Serra,ES,97864
CLI003372,B2C,2025-09-02,social pago,SOC-202509,,,Blumenau,SC,86254
CLI003373,B2C,2026-03-12,influenciador,SEA-202603,,,Bauru,SP,07526
CLI003374,B2C,2026-03-29,orgânico,,,,Piracicaba,SP,05553
CLI003375,B2C,2026-04-06,influenciador,INF-202604,,,Americana,SP,89574
CLI003376,B2C,2025-03-28,orgânico,,,,Rio de Janeiro,RJ,26992
CLI003377,B2C,2025-06-26,orgânico,,,,Piracicab,SP,85250
CLI003378,B2C,2026-05-25,busca paga,SEA-202605,,,Piracicaba,SP,31846
CLI003379,B2C,2025-11-15,orgânico,,,,Rio de Janeiro,RJ,12205
CLI003380,B2C,2025-11-09,busca paga,SEA-202511,,,Porto Alegre,RS,58783
CLI003381,B2C,2026-01-21,busca paga,SEA-202601,,,Serra,ES,91463
CLI003382,B2C,2025-09-13,busca paga,SEA-202509,,,Sorocaba,SP,04775
CLI003383,B2C,2025-12-30,social pago,SOC-202512,,,São Paulo,SP,21219
CLI003384,B2C,2025-02-14,busca paga,SEA-202502,,,Joinville,SC,76187
CLI003385,B2C,2025-02-22,orgânico,,,,Vila Velha,ES,54469
CLI003386,B2C,2025-05-13,indicação,,,,Pouso Alegre,MG,81425
CLI003387,B2C,2026-01-21,indicação,,,,Curitiba,PR,53198
CLI003388,B2C,2026-03-21,influenciador,INF-202603,,,Piracicaba,SP,83062
CLI003389,B2C,2025-12-18,social pago,SOC-202512,,,Sorocaba,SP,68425
CLI003390,B2C,2025-04-16,indicação,,,,Jundiaí,SP,88710
CLI003391,B2C,2025-01-29,social pago,SOC-202501,,,Maringá,PR,86085
CLI003392,B2C,2025-09-09,busca paga,SEA-202509,,,Blumenau,SC,37180
CLI003393,B2C,2025-12-28,influenciador,INF-202512,,,Petrópolis Mun.,RJ,67295
CLI003394,B2C,2025-10-05,social pago,SOC-202510,,,Petrópolis,RJ,44199
CLI003395,B2C,2026-01-02,social pago,SOC-202601,,,Limeira,SP,82504
CLI003396,B2C,2025-07-07,social pago,SOC-202507,,,Limeira,SP,22054
CLI003397,B2C,2025-01-12,busca paga,SEA-202501,,,Anápolis,GO,90731
CLI003398,B2C,2026-02-01,social pago,SOC-202602,,,Maringá,PR,40724
CLI003399,B2C,2025-04-20,social pago,SOC-202504,,,Piracicaba.,SP,46524
CLI003400,B2C,2025-02-13,social pago,SOC-202502,,,Ribeirão Pret,SP,50388
CLI003401,B2C,2025-10-27,influenciador,INF-202510,,,Juiz de Fora,MG,57552
CLI003402,B2C,2025-03-07,orgânico,,,,Pelotas,RS,56967
CLI003403,B2C,2026-05-31,social pago,SOC-202605,,,Uberlândia,MG,44799
CLI003404,B2C,2026-02-13,social pago,SOC-202602,,,Salvador,BA,78065
CLI003405,B2C,2025-01-05,busca paga,SEA-202501,,,Vila Velha,ES,30653
CLI003406,B2C,2025-12-28,orgânico,,,,Piracicaba,SP,84951
CLI003407,B2C,2026-04-09,orgânico,,,,Curitiba,PR,57468
CLI003408,B2C,2025-05-14,influenciador,INF-202505,,,Ribeirão Preto,SP,49967
CLI003409,B2C,2025-07-16,social pago,SOC-202507,,,Uberaba,MG,22977
CLI003410,B2C,2025-09-22,indicação,,,,Americana,SP,90159
CLI003411,B2C,2025-10-12,orgânico,,,,Salvador,BA,62811
CLI003412,B2C,2025-09-23,busca paga,SEA-202509,,,Piracicaba,SP,17890
CLI003413,B2C,2025-05-19,orgânico,,,,Limeira,SP,12568
CLI003414,B2C,2025-02-13,orgânico,,,,Jundiaí,SP,35049
CLI003415,B2C,2025-01-11,orgânico,,,,Bauru,SP,28387
CLI003416,B2C,2025-08-30,orgânico,,,,Limeira,SP,79086
CLI003417,B2C,2025-08-22,orgânico,,,,Curitiba,PR,56074
CLI003418,B2C,2026-02-16,orgânico,,,,Canoas,RS,91181
CLI003419,B2C,2025-05-09,orgânico,,,,Serra,ES,75472
CLI003420,B2C,2026-01-14,social pago,SOC-202601,,,Pouso Alegre,MG,25719
CLI003421,B2C,2025-08-15,busca paga,SEA-202508,,,Americana,SP,19415
CLI003422,B2C,2026-01-30,social pago,SOC-202601,,,Ribeirão Preto,SP,34841
CLI003423,B2C,2026-03-24,social pago,SOC-202603,,,Americana,SP,43424
CLI003424,B2C,2025-12-26,,INF-202512,,,Ponta Grossa,PR,90065
CLI003425,B2C,2025-09-24,indicação,,,,Americana,SP,29975
CLI003426,B2C,2026-05-22,busca paga,SEA-202605,,,Campinas,SP,94937
CLI003427,B2C,2025-02-04,social pago,SOC-202502,,,Salvador,BA,15654
CLI003428,B2C,2025-07-15,busca paga,SEA-202507,,,Campinas,SP,93608
CLI003429,B2C,2026-05-03,social pago,SOC-202605,,,Rio de Janeiro,RJ,05738
CLI003430,B2C,2026-05-30,busca paga,SEA-202605,,,Vitória da Conquista,BA,78959
CLI003431,B2C,2025-04-14,busca paga,SEA-202504,,,Vitória da Conquista,BA,16803
CLI003432,B2C,2026-01-12,influenciador,INF-202601,,,Campinas,SP,02799
CLI003433,B2C,2025-12-04,orgânico,,,,Ribeirão Preto,SP,20344
CLI003434,B2C,2026-02-28,busca paga,SEA-202602,,,Maringá,PR,84394
CLI003435,B2C,2026-02-12,influenciador,INF-202602,,,Americana,SP,33370
CLI003436,B2C,2026-05-19,busca paga,SEA-202605,,,Sorocaba,SP,32075
CLI003437,B2C,2025-08-22,social pago,SOC-202508,,,Piracicaba,SP,71370
CLI003438,B2C,2025-08-19,busca paga,SEA-202508,,,Belo Horizonte,MG,54121
CLI003439,B2C,2025-10-18,busca paga,SEA-202510,,,São José dos Campos,SP,47422
CLI003440,B2C,2026-05-06,social pago,SOC-202605,,,Petrópolis,RJ,24509
CLI003441,B2C,2026-05-25,orgânico,,,,Ponta Grossa,PR,58906
CLI003442,B2C,2025-01-29,CRM,,,,Piracicaba,SP,58352
CLI003443,B2C,2025-02-15,influenciador,INF-202502,,,Chapecó,SC,86525
CLI003444,B2C,2025-11-03,social pago,SOC-202511,,,Ribeirão Preto,SP,95221
CLI003445,B2C,2026-03-07,influenciador,INF-202603,,,Joinville,SC,71590
CLI003446,B2C,2025-03-09,CRM,,,,Contagem Mun.,MG,88299
CLI003447,B2C,2025-12-25,busca paga,SEA-202512,,,Sorocab,SP,13258
CLI003448,B2C,2026-04-23,social pago,SOC-202604,,,São José dos Campos,SP,61090
CLI003449,B2C,2025-11-10,social pago,SOC-202511,,,Brasília,DF,27086
CLI003450,B2C,2026-05-16,orgânico,,,,São José dos Campos.,SP,24158
CLI003451,B2C,2025-02-22,indicação,,,,Americana.,SP,97795
CLI003452,B2C,2025-01-22,social pago,,,,Pelotas,RS,96321
CLI003453,B2C,2026-04-21,social pago,SOC-202604,,,Goiânia,GO,40349
CLI003454,B2C,2025-09-06,social pago,SOC-202509,,,Pouso Alegre,MG,40272
CLI003455,B2C,2025-07-02,,,,,Piracicaba,SP,57783
CLI003456,B2C,2025-09-21,social pago,SOC-202509,,,Juiz de Fora,MG,31271
CLI003457,B2C,2026-02-13,social pago,SOC-202602,,,Bauru,SP,10077
CLI003458,B2C,2025-04-02,CRM,,,,Limeira,SP,34658
CLI003459,B2C,2026-01-21,social pago,SOC-202601,,,Canoas,RS,01600
CLI003460,B2C,2026-03-11,busca paga,SEA-202603,,,Limeira,SP,19094
CLI003461,B2C,2025-03-26,orgânico,,,,Sorocaba,SP,59165
CLI003462,B2C,2025-07-17,social pago,SOC-202507,,,Jundiaí,SP,23143
CLI003463,B2C,2026-02-10,social pago,SOC-202602,,,Cascavel,PR,78972
CLI003464,B2C,2025-12-05,busca paga,SEA-202512,,,Brasília,DF,78574
CLI003465,B2C,2025-12-28,busca paga,SEA-202512,,,Curitiba,PR,93999
CLI003466,B2C,2025-12-11,influenciador,INF-202512,,,Porto Alegre,RS,92327
CLI003467,B2C,2026-05-17,social pago,SOC-202605,,,Vila Velha,ES,85357
CLI003468,B2C,2025-09-28,orgânico,,,,Jundiaí,SP,62808
CLI003469,B2C,2025-12-24,busca paga,SEA-202512,,,Americana,SP,88266
CLI003470,B2C,2025-08-02,,,,,Americana,SP,07871
CLI003471,B2C,2025-02-09,busca paga,SEA-202502,,,Volta Redonda,RJ,48108
CLI003472,B2C,2025-08-22,orgânico,,,,Maringá,PR,04997
CLI003473,B2C,2025-07-01,orgânico,,,,São Paulo,SP,95799
CLI003474,B2C,2025-01-28,social pago,SOC-202501,,,Limeira,SP,50664
CLI003475,B2C,2026-01-08,orgânico,,,,Volta Redonda,RJ,43509
CLI003476,B2C,2025-10-25,influenciador,INF-202510,,,São Paulo,SP,12468
CLI003477,B2C,2026-04-08,influenciador,INF-202604,,,Campinas,SP,78396
CLI003478,B2C,2025-10-06,social pago,SOC-202510,,,Limeira,SP,47696
CLI003479,B2C,2025-07-28,CRM,,,,Caxias do Sul,RS,05314
CLI003480,B2C,2025-06-17,orgânico,,,,Campinas,SP,64359
CLI003481,B2C,2025-12-07,,SEA-202512,,,São Paulo.,SP,91269
CLI003482,B2C,2025-04-18,,,,,Maringá,PR,92196
CLI003483,B2C,2025-09-19,influenciador,INF-202509,,,Maringá,PR,99894
CLI003484,B2C,2026-04-25,busca paga,SEA-202604,,,Limeira,SP,14681
CLI003485,B2C,2026-06-02,influenciador,INF-202606,,,Petrópolis,RJ,24486
CLI003486,B2C,2025-04-29,busca paga,SEA-202504,,,Americana,SP,28621
CLI003487,B2C,2025-01-03,social pago,SOC-202501,,,São José dos Campos,SP,59842
CLI003488,B2C,2025-02-10,indicação,,,,Americana,SP,15082
CLI003489,B2C,2025-08-25,influenciador,INF-202508,,,Campinas,SP,79640
CLI003490,B2C,2025-12-22,busca paga,SEA-202512,,,Vitória da Conquista,BA,14801
CLI003491,B2C,2025-12-14,orgânico,,,,Canoas,RS,97852
CLI003492,B2C,2025-02-22,orgânico,,,,Jundiaí,SP,84866
CLI003493,B2C,2025-05-24,indicação,,,,Ribeirão Preto,SP,03493
CLI003494,B2C,2025-10-06,orgânico,,,,Uberlândia,MG,09406
CLI003495,B2C,2025-11-16,busca paga,SEA-202511,,,Piracicaba,SP,46392
CLI003496,B2C,2025-03-26,busca paga,SEA-202503,,,Fortaleza,CE,36825
CLI003497,B2C,2026-06-10,busca paga,SEA-202606,,,Florianópolis,SC,90944
CLI003498,B2C,2026-05-27,social pago,SOC-202605,,,Americana,SP,39985
CLI003499,B2C,2025-09-08,influenciador,INF-202509,,,Juiz de Fora,MG,25314
CLI003500,B2C,2025-02-06,influenciador,INF-202502,,,Campinas Mun.,SP,11091
CLI003501,B2C,2025-02-10,orgânico,,,,Campinas,SP,29150
CLI003502,B2C,2025-07-22,orgânico,,,,Manaus,AM,45696
CLI003503,B2C,2026-03-08,CRM,,,,Uberlândia Mun.,MG,65459
CLI003504,B2C,2025-02-09,social pago,SOC-202502,,,Belo Horizonte,MG,61634
CLI003505,B2C,2025-06-10,influenciador,INF-202506,,,Juiz de Fora.,MG,36723
CLI003506,B2C,2026-05-04,influenciador,INF-202605,,,Limeira,SP,62502
CLI003507,B2C,2025-07-08,social pago,SOC-202507,,,Sorocaba,SP,35396
CLI003508,B2C,2026-04-17,social pago,SOC-202604,,,Ribeirão Preto,SP,37045
CLI003509,B2C,2026-05-18,social pago,SOC-202605,,,Ribeirão Preto,SP,79962
CLI003510,B2C,2026-04-06,influenciador,INF-202604,,,Serra,ES,14356
CLI003511,B2C,2026-01-05,orgânico,,,,Piracicaba,SP,07867
CLI003512,B2C,2025-06-19,influenciador,INF-202506,,,Florianópolis,SC,62995
CLI003513,B2C,2025-10-28,indicação,,,,Pouso Alegre,MG,59890
CLI003514,B2C,2026-03-08,indicação,,,,São Paulo,SP,57805
CLI003515,B2C,2025-07-17,busca paga,SEA-202507,,,Canoas,RS,10471
CLI003516,B2C,2026-02-04,social pago,SOC-202602,,,Cascavel,PR,07206
CLI003517,B2C,2025-11-01,indicação,,,,Londrina,PR,72774
CLI003518,B2C,2025-11-19,indicação,,,,Volta Redonda,RJ,81082
CLI003519,B2C,2025-11-27,social pago,SOC-202511,,,Niterói,RJ,91401
CLI003520,B2C,2025-05-17,orgânico,,,,Americana,SP,48432
CLI003521,B2C,2026-03-29,social pago,SOC-202603,,,São Paulo,SP,66445
CLI003522,B2C,2026-01-15,social pago,SOC-202601,,,Limeira,SP,32654
CLI003523,B2C,2025-08-16,orgânico,,,,Limeir,SP,43411
CLI003524,B2C,2025-07-08,influenciador,INF-202507,,,Niterói,RJ,27456
CLI003525,B2C,2025-06-14,indicação,,,,Cascavel,PR,95033
CLI003526,B2C,2025-05-07,,,,,Volta Redonda,RJ,81737
CLI003527,B2C,2025-09-09,social pago,SOC-202509,,,Volta Redonda,RJ,22553
CLI003528,B2C,2026-05-03,social pago,SOC-202605,,,São Paulo,SP,54100
CLI003529,B2C,2026-02-07,busca paga,SEA-202602,,,Joinville,SC,33928
CLI003530,B2C,2026-02-05,influenciador,INF-202602,,,Bauru,SP,99787
CLI003531,B2C,2025-08-29,CRM,,,,Ribeirão Preto,SP,84374
CLI003532,B2C,2025-07-17,orgânico,,,,Joinville,SC,28588
CLI003533,B2C,2026-01-15,indicação,,,,Pouso Alegre,MG,48833
CLI003534,B2C,2025-10-15,busca paga,SEA-202510,,,Blumenau,SC,34581
CLI003535,B2C,2025-06-15,indicação,,,,Chapecó,SC,84413
CLI003536,B2C,2025-12-20,indicação,,,,Niterói,RJ,09929
CLI003537,B2C,2025-10-19,orgânico,,,,Jundiaí,SP,97631
CLI003538,B2C,2025-01-05,busca paga,SEA-202501,,,Sorocaba,SP,61522
CLI003539,B2C,2025-09-17,social pago,SOC-202509,,,São Paulo,SP,98866
CLI003540,B2C,2025-09-10,orgânico,,,,Ribeirão Preto,SP,75351
CLI003541,B2C,2025-08-19,orgânico,,,,Contagem,MG,98177
CLI003542,B2C,2025-08-21,,,,,Jundiaí,SP,81132
CLI003543,B2C,2026-01-31,social pago,SOC-202601,,,Sorocab,SP,08025
CLI003544,B2C,2025-12-15,busca paga,SEA-202512,,,Sorocaba,SP,72758
CLI003545,B2C,2025-08-10,orgânico,,,,Jundiaí,SP,96288
CLI003546,B2C,2025-02-06,busca paga,SEA-202502,,,São José dos Campos,SP,49488
CLI003547,B2C,2026-06-02,busca paga,SEA-202606,,,São José dos Campos.,SP,01083
CLI003548,B2C,2026-04-16,social pago,SOC-202604,,,Niterói,RJ,21016
CLI003549,B2C,2025-07-18,orgânico,,,,Recife,PE,35684
CLI003550,B2C,2025-02-07,busca paga,SEA-202502,,,Pouso Alegre,MG,43954
CLI003551,B2C,2025-08-27,influenciador,INF-202508,,,Americana,SP,84859
CLI003552,B2C,2026-03-22,indicação,,,,Campinas,SP,68046
CLI003553,B2C,2025-09-07,orgânico,,,,Salvador,BA,80454
CLI003554,B2C,2026-01-22,orgânico,,,,Piracicaba,SP,30657
CLI003555,B2C,2025-01-10,influenciador,INF-202501,,,Cascavel,PR,70473
CLI003556,B2C,2025-09-27,CRM,,,,Sorocaba.,SP,88525
CLI003557,B2C,2026-04-23,influenciador,INF-202604,,,Florianópolis,SC,78589
CLI003558,B2C,2025-06-17,indicação,,,,Uberlândia,MG,93144
CLI003559,B2C,2025-06-15,orgânico,,,,Rio de Janeiro,RJ,51762
CLI003560,B2C,2025-02-09,CRM,,,,Chapecó,SC,78387
CLI003561,B2C,2025-07-28,social pago,SOC-202507,,,Porto Alegre,RS,35204
CLI003562,B2C,2026-02-07,influenciador,INF-202602,,,Curitiba,PR,57562
CLI003563,B2C,2026-05-22,influenciador,INF-202605,,,Curitiba,PR,27464
CLI003564,B2C,2025-11-01,orgânico,,,,Cascavel,PR,04662
CLI003565,B2C,2025-02-15,social pago,SOC-202502,,,Belo Horizonte,MG,27073
CLI003566,B2C,2025-06-22,social pago,SOC-202506,,,Dourado,MS,75360
CLI003567,B2C,2025-07-30,CRM,,,,Rio de Janeiro,RJ,70011
CLI003568,B2C,2025-01-05,orgânico,,,,Caruaru,PE,28643
CLI003569,B2C,2026-02-11,social pago,SOC-202602,,,Jundiaí,SP,72038
CLI003570,B2C,2025-06-17,CRM,,,,Blumenau,SC,22265
CLI003571,B2C,2025-07-19,,,,,Belo Horizonte,MG,45571
CLI003572,B2C,2025-12-29,CRM,,,,Rio de Janeiro,RJ,13394
CLI003573,B2C,2026-04-10,influenciador,INF-202604,,,Petrópolis,RJ,32747
CLI003574,B2C,2025-06-13,orgânico,,,,Campinas,SP,82574
CLI003575,B2C,2025-10-24,orgânico,,,,Petrópolis,RJ,10189
CLI003576,B2C,2025-01-11,orgânico,,,,Campinas.,SP,80398
CLI003577,B2C,2026-03-21,social pago,SOC-202603,,,Anápolis,GO,83973
CLI003578,B2C,2026-04-29,CRM,,,,Jundiaí,SP,40673
CLI003579,B2C,2025-08-19,influenciador,INF-202508,,,Londrina,PR,49777
CLI003580,B2C,2025-12-09,busca paga,SEA-202512,,,Sorocaba,SP,25674
CLI003581,B2C,2025-01-27,orgânico,,,,Sorocaba,SP,52721
CLI003582,B2C,2025-08-27,busca paga,SEA-202508,,,Brasília,DF,35934
CLI003583,B2C,2025-10-01,busca paga,SEA-202510,,,Jaboatão dos Guararapes,PE,80912
CLI003584,B2C,2026-05-18,social pago,SOC-202605,,,Porto Alegre,RS,95300
CLI003585,B2C,2026-01-14,social pago,SOC-202601,,,Ponta Grossa,PR,81651
CLI003586,B2C,2025-08-06,orgânico,,,,São Paulo,SP,35155
CLI003587,B2C,2025-02-16,busca paga,SEA-202502,,,Americana,SP,13591
CLI003588,B2C,2025-01-22,CRM,,,,São Paulo,SP,54839
CLI003589,B2C,2025-02-16,indicação,,,,Volta Redonda,RJ,97373
CLI003590,B2C,2025-10-09,CRM,,,,Jundiaí,SP,70813
CLI003591,B2C,2026-04-27,indicação,,,,São Paulo,SP,24624
CLI003592,B2C,2025-08-16,social pago,SOC-202508,,,Niterói,RJ,90747
CLI003593,B2C,2025-02-19,orgânico,,,,São Paulo,SP,63715
CLI003594,B2C,2025-07-17,orgânico,,,,Bauru,SP,30002
CLI003595,B2C,2026-05-28,indicação,,,,Volta Redonda,RJ,17482
CLI003596,B2C,2025-07-26,,,,,Florianópolis,SC,99137
CLI003597,B2C,2025-10-20,CRM,,,,Londrina,PR,93565
CLI003598,B2C,2025-08-06,social pago,SOC-202508,,,Uberaba,MG,84006
CLI003599,B2C,2025-01-10,busca paga,SEA-202501,,,Limeira,SP,96436
CLI003600,B2C,2025-02-16,busca paga,SEA-202502,,,Brasília,DF,14412
CLI003601,B2C,2025-12-11,CRM,,,,Pelotas,RS,27688
CLI003602,B2C,2025-09-08,busca paga,SEA-202509,,,São Paulo,SP,72418
CLI003603,B2C,2025-12-03,indicação,,,,Chapecó,SC,06017
CLI003604,B2C,2025-09-03,orgânico,,,,Campinas,SP,54965
CLI003605,B2C,2025-11-28,social pago,SOC-202511,,,Petrópolis,RJ,28547
CLI003606,B2C,2026-01-06,,INF-202601,,,Santarém,PA,64615
CLI003607,B2C,2025-10-16,busca paga,SEA-202510,,,Cascavel,PR,44319
CLI003608,B2C,2025-12-06,busca paga,SEA-202512,,,Belo Horizonte,MG,48336
CLI003609,B2C,2026-05-27,social pago,SOC-202605,,,Americana,SP,13024
CLI003610,B2C,2025-08-03,indicação,,,,São José dos Campos,SP,72614
CLI003611,B2C,2025-04-13,social pago,SOC-202504,,,Ribeirão Preto,SP,10769
CLI003612,B2C,2026-01-21,influenciador,INF-202601,,,Niteró,RJ,69529
CLI003613,B2C,2025-07-24,orgânico,,,,Curitiba,PR,61503
CLI003614,B2C,2025-01-29,social pago,SOC-202501,,,Florianópolis,SC,26515
CLI003615,B2C,2025-06-20,influenciador,INF-202506,,,São Paulo,SP,74103
CLI003616,B2C,2025-03-14,,SEA-202503,,,São Paulo.,SP,63886
CLI003617,B2C,2025-09-23,orgânico,,,,Canoas,RS,72407
CLI003618,B2C,2026-05-19,social pago,SOC-202605,,,Ribeirão Preto,SP,42390
CLI003619,B2C,2025-06-09,orgânico,,,,São José dos Campos,SP,29284
CLI003620,B2C,2026-04-09,orgânico,,,,Campinas,SP,20799
CLI003621,B2C,2025-06-01,influenciador,INF-202506,,,Maringá,PR,36254
CLI003622,B2C,2026-03-06,social pago,SOC-202603,,,Ribeirão Preto,SP,07198
CLI003623,B2C,2026-02-21,social pago,SOC-202602,,,Maringá,PR,49656
CLI003624,B2C,2025-07-20,influenciador,INF-202507,,,Canoas,RS,44434
CLI003625,B2C,2025-08-24,influenciador,INF-202508,,,Jundiaí,SP,20245
CLI003626,B2C,2025-08-08,orgânico,,,,Baur,SP,11984
CLI003627,B2C,2025-02-19,influenciador,INF-202502,,,Bauru,SP,73130
CLI003628,B2C,2026-06-05,busca paga,SEA-202606,,,Limeira,SP,93816
CLI003629,B2C,2025-08-11,orgânico,,,,Brasília,DF,15313
CLI003630,B2C,2026-03-03,influenciador,INF-202603,,,Joinville,SC,29395
CLI003631,B2C,2025-10-15,busca paga,SEA-202510,,,Rio de Janeiro,RJ,36905
CLI003632,B2C,2026-03-11,influenciador,INF-202603,,,Ribeirão Preto,SP,95727
CLI003633,B2C,2026-06-04,busca paga,SEA-202606,,,Uberaba,MG,71049
CLI003634,B2C,2025-08-09,orgânico,,,,Chapecó,SC,45595
CLI003635,B2C,2026-06-09,social pago,SOC-202606,,,Americana,SP,02492
CLI003636,B2C,2025-09-25,orgânico,,,,São José dos Campos,SP,57260
CLI003637,B2C,2025-04-01,social pago,SOC-202504,,,Americana,SP,37178
CLI003638,B2C,2025-07-23,indicação,,,,São Paulo,SP,66148
CLI003639,B2C,2025-05-21,orgânico,,,,Cascavel,PR,21068
CLI003640,B2C,2026-01-18,social pago,SOC-202601,,,Caxias do Sul,RS,44628
CLI003641,B2C,2025-12-17,indicação,,,,Campinas,SP,80387
CLI003642,B2C,2025-04-17,orgânico,,,,Caxias do Sul,RS,03775
CLI003643,B2C,2025-02-24,busca paga,SEA-202502,,,Ribeirão Preto,SP,16929
CLI003644,B2C,2025-05-14,social pago,SOC-202505,,,Caruaru,PE,84253
CLI003645,B2C,2025-04-12,,SOC-202504,,,Goiânia,GO,01588
CLI003646,B2C,2026-01-02,orgânico,,,,Uberlândia,MG,88657
CLI003647,B2C,2025-04-22,indicação,,,,Brasília,DF,86014
CLI003648,B2C,2025-12-18,orgânico,,,,Limeir,SP,40678
CLI003649,B2C,2025-10-14,social pago,SOC-202510,,,Curitiba,PR,01224
CLI003650,B2C,2025-02-05,orgânico,,,,Piracicaba,SP,29281
CLI003651,B2C,2025-11-04,influenciador,INF-202511,,,Pouso Alegre,MG,87483
CLI003652,B2C,2025-12-31,CRM,,,,Sorocaba,SP,61290
CLI003653,B2C,2025-02-17,busca paga,SEA-202502,,,Jaboatão dos Guararapes,PE,03194
CLI003654,B2C,2026-05-12,orgânico,,,,Jundiaí,SP,02133
CLI003655,B2C,2025-01-01,busca paga,SEA-202501,,,São José dos Campos,SP,83622
CLI003656,B2C,2025-10-27,social pago,SOC-202510,,,Rio de Janeiro,RJ,26679
CLI003657,B2C,2026-04-07,social pago,SOC-202604,,,Porto Alegre,RS,18902
CLI003658,B2C,2025-11-26,influenciador,INF-202511,,,Petrópolis,RJ,30819
CLI003659,B2C,2026-06-06,influenciador,INF-202606,,,Rio de Janeiro,RJ,27360
CLI003660,B2C,2025-05-18,busca paga,SEA-202505,,,Piracicaba,SP,60220
CLI003661,B2C,2025-01-02,indicação,,,,Caruaru,PE,71825
CLI003662,B2C,2025-05-19,indicação,,,,Caruaru,PE,03060
CLI003663,B2C,2025-05-20,orgânico,,,,Curitiba,PR,99103
CLI003664,B2C,2025-04-03,orgânico,,,,Campinas,SP,27866
CLI003665,B2C,2025-04-30,orgânico,,,,Contagem.,MG,06521
CLI003666,B2C,2025-11-08,indicação,,,,Jundiaí,SP,84822
CLI003667,B2C,2025-08-25,social pago,SOC-202508,,,Limeira,SP,79066
CLI003668,B2C,2025-10-08,orgânico,,,,Santarém,PA,87377
CLI003669,B2C,2025-01-30,social pago,SOC-202501,,,Jaboatão dos Guararapes.,PE,88656
CLI003670,B2C,2026-05-22,busca paga,SEA-202605,,,Campinas,SP,12673
CLI003671,B2C,2026-03-21,influenciador,INF-202603,,,Caxias do Sul,RS,12001
CLI003672,B2C,2026-02-12,influenciador,INF-202602,,,Joinville,SC,14655
CLI003673,B2C,2025-05-17,social pago,SOC-202505,,,Canoas,RS,81587
CLI003674,B2C,2026-05-01,orgânico,,,,Bauru,SP,70936
CLI003675,B2C,2026-04-16,influenciador,INF-202604,,,Rio de Janeiro,RJ,39212
CLI003676,B2C,2025-11-16,CRM,,,,Uberaba,MG,14598
CLI003677,B2C,2026-05-11,influenciador,INF-202605,,,Americana,SP,54555
CLI003678,B2C,2025-12-20,orgânico,,,,Curitiba,PR,65160
CLI003679,B2C,2025-01-03,busca paga,SEA-202501,,,Americana Mun.,SP,03673
CLI003680,B2C,2025-04-15,orgânico,,,,Sorocaba,SP,64335
CLI003681,B2C,2025-10-22,orgânico,,,,Contagem,MG,96721
CLI003682,B2C,2025-05-05,social pago,SOC-202505,,,Juiz de Fora Mun.,MG,39154
CLI003683,B2C,2025-12-05,orgânico,,,,Cascavel,PR,11991
CLI003684,B2C,2026-02-20,influenciador,INF-202602,,,Pouso Alegre,MG,09168
CLI003685,B2C,2025-12-31,social pago,SOC-202512,,,Curitiba,PR,48621
CLI003686,B2C,2025-11-25,social pago,SOC-202511,,,Limeira,SP,31590
CLI003687,B2C,2026-05-17,busca paga,SEA-202605,,,Londrina,PR,43901
CLI003688,B2C,2025-02-26,orgânico,,,,Recife,PE,98350
CLI003689,B2C,2025-09-03,indicação,,,,Volta Redonda,RJ,97545
CLI003690,B2C,2026-05-16,busca paga,SEA-202605,,,Ribeirão Preto,SP,40075
CLI003691,B2C,2025-02-14,orgânico,,,,São Paulo,SP,42831
CLI003692,B2C,2025-11-10,influenciador,INF-202511,,,Sorocaba,SP,13640
CLI003693,B2C,2025-06-13,busca paga,SEA-202506,,,Feira de Santana,BA,99844
CLI003694,B2C,2025-05-30,busca paga,SEA-202505,,,Belo Horizonte,MG,16798
CLI003695,B2C,2026-06-12,social pago,SOC-202606,,,São José dos Campos,SP,86938
CLI003696,B2C,2025-04-25,indicação,,,,Ribeirão Preto,SP,19235
CLI003697,B2C,2026-05-26,orgânico,,,,São Paulo,SP,39394
CLI003698,B2C,2026-01-28,indicação,,,,Belo Horizonte,MG,89919
CLI003699,B2C,2025-08-09,CRM,,,,Cascavel,PR,69868
CLI003700,B2C,2025-04-19,orgânico,,,,Caxias do Sul,RS,32441
CLI003701,B2C,2025-05-01,indicação,,,,Santarém,PA,28631
CLI003702,B2C,2026-03-02,social pago,SOC-202603,,,Niterói,RJ,45555
CLI003703,B2C,2026-04-28,indicação,,,,Salvador,BA,24626
CLI003704,B2C,2026-05-23,social pago,SOC-202605,,,Maringá,PR,62114
CLI003705,B2C,2026-01-07,,SOC-202601,,,Piracicaba,SP,14710
CLI003706,B2C,2025-01-29,social pago,SOC-202501,,,Blumenau,SC,58531
CLI003707,B2C,2025-02-21,busca paga,SEA-202502,,,São Paulo,SP,75990
CLI003708,B2C,2026-02-17,influenciador,INF-202602,,,São José dos Campos,SP,38858
CLI003709,B2C,2026-03-14,indicação,,,,Ponta Grossa,PR,62742
CLI003710,B2C,2025-08-26,influenciador,INF-202508,,,Caruaru,PE,26228
CLI003711,B2C,2026-04-13,orgânico,,,,Limeira,SP,89800
CLI003712,B2C,2025-01-29,busca paga,SEA-202501,,,Piracicaba,SP,82670
CLI003713,B2C,2025-09-27,busca paga,SEA-202509,,,Campinas.,SP,90650
CLI003714,B2C,2025-12-24,orgânico,,,,Limeira,SP,02835
CLI003715,B2C,2026-06-06,busca paga,SEA-202606,,,Pouso Alegre,MG,43434
CLI003716,B2C,2025-09-05,busca paga,SEA-202509,,,Ribeirão Preto,SP,22615
CLI003717,B2C,2025-11-19,,,,,Piracicaba,SP,98850
CLI003718,B2C,2026-04-04,influenciador,INF-202604,,,Salvador,BA,79667
CLI003719,B2C,2025-12-14,indicação,,,,Porto Alegre,RS,67007
CLI003720,B2C,2025-12-18,influenciador,INF-202512,,,Brasília Mun.,DF,23047
CLI003721,B2C,2025-10-22,orgânico,,,,Caxias do Sul,RS,01543
CLI003722,B2C,2025-01-16,orgânico,,,,Manaus,AM,52367
CLI003723,B2C,2025-02-03,CRM,,,,Vitória,ES,55343
CLI003724,B2C,2025-06-08,CRM,,,,Serra.,ES,71012
CLI003725,B2C,2025-04-29,orgânico,,,,São Paulo,SP,80442
CLI003726,B2C,2025-08-25,social pago,SOC-202508,,,Juazeiro do Norte,CE,87049
CLI003727,B2C,2025-10-01,social pago,SOC-202510,,,Ribeirão Preto,SP,23118
CLI003728,B2C,2026-04-01,indicação,,,,Caruaru,PE,80793
CLI003729,B2C,2025-09-14,indicação,,,,Jundiaí,SP,09359
CLI003730,B2C,2025-11-24,orgânico,,,,Curitiba,PR,47256
CLI003731,B2C,2026-03-06,influenciador,INF-202603,,,Serra,ES,11042
CLI003732,B2C,2026-02-13,social pago,SOC-202602,,,São Paulo,SP,01444
CLI003733,B2C,2025-05-26,social pago,SOC-202505,,,Feira de Santana,BA,42262
CLI003734,B2C,2025-05-14,orgânico,,,,Niterói,RJ,36537
CLI003735,B2C,2025-10-16,indicação,,,,Contagem,MG,37651
CLI003736,B2C,2025-01-31,busca paga,SEA-202501,,,Chapecó,SC,01876
CLI003737,B2C,2026-06-12,busca paga,SEA-202606,,,São José dos Campos,SP,98433
CLI003738,B2C,2025-10-05,indicação,,,,Sorocaba,SP,03034
CLI003739,B2C,2025-12-04,indicação,,,,São Paulo,SP,60705
CLI003740,B2C,2025-05-31,social pago,SOC-202505,,,Uberaba,MG,75380
CLI003741,B2C,2026-05-17,influenciador,INF-202605,,,Ribeirão Preto,SP,91419
CLI003742,B2C,2025-03-25,orgânico,,,,Brasília,DF,20778
CLI003743,B2C,2025-03-21,influenciador,INF-202503,,,Jundiaí,SP,19971
CLI003744,B2C,2025-05-28,orgânico,,,,Ribeirão Preto,SP,87712
CLI003745,B2C,2025-11-06,CRM,,,,Florianópolis,SC,16035
CLI003746,B2C,2025-12-16,orgânico,,,,Piracicaba,SP,64900
CLI003747,B2C,2026-03-15,busca paga,SEA-202603,,,Florianópolis,SC,02824
CLI003748,B2C,2025-09-10,social pago,SOC-202509,,,Ribeirão Preto,SP,60275
CLI003749,B2C,2025-03-31,indicação,,,,Jundiaí,SP,92317
CLI003750,B2C,2025-06-03,indicação,,,,Bauru,SP,76717
CLI003751,B2C,2025-01-17,busca paga,SEA-202501,,,Serra,ES,86312
CLI003752,B2C,2026-02-13,indicação,,,,São Paulo,SP,79396
CLI003753,B2C,2026-03-09,social pago,SOC-202603,,,Campinas,SP,03110
CLI003754,B2C,2025-05-26,influenciador,INF-202505,,,Pouso Alegre,MG,67225
CLI003755,B2C,2025-12-19,busca paga,SEA-202512,,,Uberlândia,MG,48089
CLI003756,B2C,2025-10-27,orgânico,,,,São José dos Campos,SP,94503
CLI003757,B2C,2025-06-16,orgânico,,,,Belo Horizonte,MG,34016
CLI003758,B2C,2025-03-22,social pago,SOC-202503,,,Petrópolis,RJ,21474
CLI003759,B2C,2025-05-30,indicação,,,,São Paulo,SP,87915
CLI003760,B2C,2025-11-14,orgânico,,,,Ribeirão Preto,SP,48960
CLI003761,B2C,2025-10-06,busca paga,SEA-202510,,,Ribeirão Preto,SP,80976
CLI003762,B2C,2025-12-08,indicação,,,,Americana,SP,85889
CLI003763,B2C,2025-10-16,indicação,,,,Ribeirão Preto,SP,15284
CLI003764,B2C,2025-08-27,busca paga,SEA-202508,,,Porto Alegre,RS,05567
CLI003765,B2C,2025-01-18,social pago,SOC-202501,,,Sorocaba,SP,24731
CLI003766,B2C,2026-02-28,,INF-202602,,,Joinville,SC,65148
CLI003767,B2C,2025-06-21,,,,,Piracicaba,SP,50090
CLI003768,B2C,2026-01-05,indicação,,,,Ribeirão Preto,SP,49762
CLI003769,B2C,2025-01-24,orgânico,,,,Americana.,SP,73999
CLI003770,B2C,2025-01-09,orgânico,,,,Aparecida de Goiânia,GO,36955
CLI003771,B2C,2025-01-21,influenciador,INF-202501,,,Campinas,SP,11272
CLI003772,B2C,2025-11-02,social pago,SOC-202511,,,Sorocaba,SP,92289
CLI003773,B2C,2026-03-26,social pago,SOC-202603,,,Cascavel,PR,90962
CLI003774,B2C,2026-02-18,CRM,,,,Ribeirão Preto,SP,63176
CLI003775,B2C,2025-12-31,orgânico,,,,Cascavel,PR,13877
CLI003776,B2C,2026-05-27,,INF-202605,,,Sorocaba,SP,20855
CLI003777,B2C,2026-03-25,social pago,SOC-202603,,,Serra,ES,22291
CLI003778,B2C,2026-05-04,busca paga,SEA-202605,,,Blumenau,SC,45308
CLI003779,B2C,2025-05-03,social pago,SOC-202505,,,Cascavel,PR,95130
CLI003780,B2C,2025-08-01,influenciador,INF-202508,,,Londrina,PR,15731
CLI003781,B2C,2025-05-17,orgânico,,,,Bauru,SP,20388
CLI003782,B2C,2025-01-23,CRM,,,,Pouso Alegre,MG,89702
CLI003783,B2C,2026-04-12,indicação,,,,Volta Redonda,RJ,88812
CLI003784,B2C,2026-05-18,social pago,SOC-202605,,,Joinville,SC,07886
CLI003785,B2C,2025-11-06,indicação,,,,São Paulo.,SP,05898
CLI003786,B2C,2025-03-06,orgânico,,,,Rio de Janeiro Mun.,RJ,50771
CLI003787,B2C,2025-04-16,busca paga,SEA-202504,,,Londrina,PR,82259
CLI003788,B2C,2025-10-09,indicação,,,,Caruaru,PE,26768
CLI003789,B2C,2025-10-07,social pago,SOC-202510,,,Vitória,ES,01763
CLI003790,B2C,2025-06-09,orgânico,,,,Pouso Alegre,MG,54604
CLI003791,B2C,2025-08-14,,SOC-202508,,,Piracicaba,SP,79327
CLI003792,B2C,2025-06-03,busca paga,SEA-202506,,,Belém,PA,81943
CLI003793,B2C,2025-10-07,social pago,SOC-202510,,,São José dos Campos,SP,91335
CLI003794,B2C,2025-10-03,social pago,SOC-202510,,,Belo Horizonte,MG,44755
CLI003795,B2C,2025-02-01,orgânico,,,,São José dos Campos,SP,48197
CLI003796,B2C,2026-05-04,influenciador,INF-202605,,,Cascavel,PR,45242
CLI003797,B2C,2025-12-02,social pago,SOC-202512,,,Maringá Mun.,PR,03486
CLI003798,B2C,2025-08-07,social pago,SOC-202508,,,Ponta Grossa,PR,25243
CLI003799,B2C,2025-09-10,busca paga,SEA-202509,,,Uberaba,MG,20353
CLI003800,B2C,2025-04-11,social pago,SOC-202504,,,Belo Horizonte,MG,33421
CLI003801,B2C,2026-03-07,influenciador,INF-202603,,,Piracicaba,SP,87019
CLI003802,B2C,2026-01-29,influenciador,INF-202601,,,Belo Horizonte,MG,89213
CLI003803,B2C,2025-05-12,influenciador,INF-202505,,,Bauru,SP,07526
CLI003804,B2C,2025-12-27,indicação,,,,Londrina,PR,31971
CLI003805,B2C,2025-06-15,orgânico,,,,Serra,ES,83783
CLI003806,B2C,2026-02-12,orgânico,,,,Anápolis,GO,20490
CLI003807,B2C,2025-12-01,busca paga,SEA-202512,,,Maringá,PR,54580
CLI003808,B2C,2026-05-03,influenciador,INF-202605,,,São José dos Campos,SP,09037
CLI003809,B2C,2025-04-04,,,,,Campinas,SP,16151
CLI003810,B2C,2026-02-22,orgânico,,,,Cascavel,PR,43560
CLI003811,B2C,2026-01-27,orgânico,,,,São José dos Campos,SP,34974
CLI003812,B2C,2025-08-23,busca paga,SEA-202508,,,São José dos Campos,SP,47483
CLI003813,B2C,2025-02-04,social pago,SOC-202502,,,São Paulo,SP,87248
CLI003814,B2C,2025-07-21,CRM,,,,Bauru,SP,92089
CLI003815,B2C,2025-10-31,busca paga,SEA-202510,,,Blumena,SC,11074
CLI003816,B2C,2025-05-25,social pago,SOC-202505,,,Goiânia,GO,78986
CLI003817,B2C,2025-11-15,orgânico,,,,Pelotas,RS,44542
CLI003818,B2C,2025-08-26,orgânico,,,,Limeira,SP,89054
CLI003819,B2C,2025-12-25,orgânico,,,,Caxias do Sul,RS,95236
CLI003820,B2C,2025-04-28,orgânico,,,,Pouso Alegre,MG,31212
CLI003821,B2C,2025-11-08,busca paga,SEA-202511,,,Sorocaba,SP,05215
CLI003822,B2C,2025-03-17,orgânico,,,,São José dos Campos,SP,31932
CLI003823,B2C,2025-04-17,,,,,São José dos Campos,SP,70075
CLI003824,B2C,2025-05-10,orgânico,,,,Campinas,SP,33621
CLI003825,B2C,2026-04-10,social pago,SOC-202604,,,Niterói,RJ,76862
CLI003826,B2C,2025-10-17,orgânico,,,,Ribeirão Preto Mun.,SP,42519
CLI003827,B2C,2025-11-07,busca paga,SEA-202511,,,Bauru,SP,61923
CLI003828,B2C,2025-11-13,orgânico,,,,Sorocaba,SP,09564
CLI003829,B2C,2025-06-18,influenciador,INF-202506,,,Volta Redonda,RJ,73170
CLI003830,B2C,2026-03-22,influenciador,INF-202603,,,Uberlândia,MG,48401
CLI003831,B2C,2025-01-17,orgânico,,,,Maringá,PR,19119
CLI003832,B2C,2026-04-14,social pago,SOC-202604,,,Jaboatão dos Guararapes,PE,60005
CLI003833,B2C,2025-08-25,orgânico,,,,Sorocab,SP,11309
CLI003834,B2C,2026-03-21,social pago,SOC-202603,,,Cascavel,PR,81603
CLI003835,B2C,2025-01-05,busca paga,SEA-202501,,,Jundiaí,SP,33622
CLI003836,B2C,2026-03-18,influenciador,INF-202603,,,São Paulo,SP,48961
CLI003837,B2C,2025-05-07,busca paga,SEA-202505,,,Anápolis,GO,67338
CLI003838,B2C,2025-02-09,busca paga,SEA-202502,,,Piracicaba,SP,99514
CLI003839,B2C,2026-04-12,busca paga,SEA-202604,,,Feira de Santana,BA,46384
CLI003840,B2C,2026-03-01,influenciador,INF-202603,,,Florianópolis,SC,16530
CLI003841,B2C,2026-02-13,orgânico,,,,Bauru,SP,29544
CLI003842,B2C,2025-06-16,social pago,SOC-202506,,,Brasília,DF,19325
CLI003843,B2C,2025-06-28,social pago,SOC-202506,,,Bauru,SP,95691
CLI003844,B2C,2025-07-15,busca paga,SEA-202507,,,Feira de Santana,BA,82777
CLI003845,B2C,2026-01-22,influenciador,INF-202601,,,Limeira,SP,97330
CLI003846,B2C,2026-04-08,orgânico,,,,Feira de Santana,BA,48920
CLI003847,B2C,2025-03-11,influenciador,INF-202503,,,Juiz de Fora,MG,69133
CLI003848,B2C,2026-01-10,orgânico,,,,Jundiaí,SP,23658
CLI003849,B2C,2025-03-08,indicação,,,,Pouso Alegre,MG,46847
CLI003850,B2C,2025-05-03,influenciador,INF-202505,,,Americana,SP,34762
CLI003851,B2C,2026-05-24,social pago,SOC-202605,,,Salvador,BA,91095
CLI003852,B2C,2025-11-20,social pago,SOC-202511,,,Recife,PE,31625
CLI003853,B2C,2026-03-23,orgânico,,,,Vitória da Conquista,BA,71874
CLI003854,B2C,2025-12-16,social pago,SOC-202512,,,Limeira,SP,70341
CLI003855,B2C,2025-10-25,social pago,SOC-202510,,,Campinas,SP,15167
CLI003856,B2C,2025-05-26,social pago,SOC-202505,,,São José dos Campos,SP,34998
CLI003857,B2C,2025-08-26,influenciador,INF-202508,,,São José dos Campos,SP,06584
CLI003858,B2C,2025-09-22,orgânico,,,,Bauru,SP,14294
CLI003859,B2C,2025-02-27,CRM,,,,Juazeiro do Norte,CE,90902
CLI003860,B2C,2025-03-10,busca paga,SEA-202503,,,Petrópolis,RJ,31243
CLI003861,B2C,2026-03-29,social pago,SOC-202603,,,Vila Velha,ES,92171
CLI003862,B2C,2025-09-25,indicação,,,,Jundiaí,SP,76024
CLI003863,B2C,2025-10-31,indicação,,,,Ponta Grossa,PR,41626
CLI003864,B2C,2025-07-07,,,,,Belo Horizonte,MG,98212
CLI003865,B2C,2025-03-11,busca paga,SEA-202503,,,Sorocaba,SP,80125
CLI003866,B2C,2025-11-28,indicação,,,,Salvador,BA,90851
CLI003867,B2C,2025-03-22,CRM,,,,Americana,SP,50989
CLI003868,B2C,2025-09-03,busca paga,SEA-202509,,,Niterói,RJ,58134
CLI003869,B2C,2025-03-18,social pago,SOC-202503,,,Limeira,SP,77389
CLI003870,B2C,2025-10-09,orgânico,,,,Salvador,BA,13337
CLI003871,B2C,2025-12-14,social pago,SOC-202512,,,Rondonópolis,MT,40217
CLI003872,B2C,2026-01-11,busca paga,SEA-202601,,,Florianópolis.,SC,40431
CLI003873,B2C,2025-11-10,busca paga,SEA-202511,,,São Paulo,SP,61509
CLI003874,B2C,2025-12-05,indicação,,,,Fortaleza,CE,47191
CLI003875,B2C,2025-04-21,busca paga,SEA-202504,,,Anápolis,GO,52136
CLI003876,B2C,2025-01-01,orgânico,,,,Bauru,SP,10489
CLI003877,B2C,2025-08-28,CRM,,,,Campinas,SP,11551
CLI003878,B2C,2025-03-27,orgânico,,,,Uberaba,MG,02862
CLI003879,B2C,2026-01-07,influenciador,INF-202601,,,Vitória da Conquista,BA,92089
CLI003880,B2C,2026-03-21,indicação,,,,Ribeirão Preto,SP,07291
CLI003881,B2C,2025-11-21,indicação,,,,Chapecó,SC,33916
CLI003882,B2C,2025-05-23,orgânico,,,,Petrópolis,RJ,37511
CLI003883,B2C,2026-05-09,influenciador,INF-202605,,,Salvador,BA,35573
CLI003884,B2C,2026-03-03,social pago,SOC-202603,,,Sorocaba,SP,04572
CLI003885,B2C,2025-07-03,orgânico,,,,Jundiaí,SP,23206
CLI003886,B2C,2025-04-13,orgânico,,,,Chapecó,SC,36188
CLI003887,B2C,2025-01-13,orgânico,,,,Ponta Grossa,PR,86789
CLI003888,B2C,2025-03-12,influenciador,INF-202503,,,Londrina,PR,86047
CLI003889,B2C,2025-08-16,orgânico,,,,Brasília,DF,88694
CLI003890,B2C,2025-11-02,social pago,SOC-202511,,,Pouso Alegre,MG,34734
CLI003891,B2C,2026-05-28,social pago,SOC-202605,,,Sorocaba,SP,87775
CLI003892,B2C,2025-06-19,indicação,,,,Caucaia,CE,51508
CLI003893,B2C,2026-03-04,influenciador,INF-202603,,,Cascavel,PR,13368
CLI003894,B2C,2025-05-16,orgânico,,,,Volta Redonda,RJ,35857
CLI003895,B2C,2026-05-06,influenciador,INF-202605,,,Cuiabá,MT,86094
CLI003896,B2C,2026-04-11,orgânico,,,,Sorocaba,SP,91211
CLI003897,B2C,2025-09-17,influenciador,INF-202509,,,Canoas,RS,20464
CLI003898,B2C,2026-02-25,social pago,SOC-202602,,,Chapecó,SC,83336
CLI003899,B2C,2025-02-18,influenciador,INF-202502,,,Goiânia,GO,92560
CLI003900,B2C,2025-11-22,orgânico,,,,Rio de Janeiro,RJ,33832
CLI003901,B2C,2025-03-20,orgânico,,,,Volta Redonda,RJ,55100
CLI003902,B2C,2025-04-25,busca paga,SEA-202504,,,Piracicaba,SP,82111
CLI003903,B2C,2025-05-27,social pago,SOC-202505,,,Uberaba,MG,97360
CLI003904,B2C,2025-08-08,indicação,,,,Niterói,RJ,72068
CLI003905,B2C,2025-11-20,social pago,SOC-202511,,,Contagem,MG,50143
CLI003906,B2C,2026-05-12,influenciador,INF-202605,,,Curitiba,PR,51997
CLI003907,B2C,2025-07-28,indicação,,,,Bauru,SP,45504
CLI003908,B2C,2025-06-15,indicação,,,,Salvador,BA,37170
CLI003909,B2C,2025-11-14,social pago,SOC-202511,,,Campinas,SP,85931
CLI003910,B2C,2025-10-10,social pago,SOC-202510,,,Sorocaba,SP,40846
CLI003911,B2C,2025-08-02,social pago,SOC-202508,,,Petrópolis Mun.,RJ,58470
CLI003912,B2C,2026-05-17,social pago,SOC-202605,,,Sorocaba,SP,64459
CLI003913,B2C,2026-05-15,influenciador,INF-202605,,,Pelotas,RS,59735
CLI003914,B2C,2025-05-30,orgânico,,,,Niterói,RJ,46860
CLI003915,B2C,2025-01-08,social pago,SOC-202501,,,Uberaba,MG,11190
CLI003916,B2C,2025-02-03,influenciador,INF-202502,,,Niterói,RJ,88914
CLI003917,B2C,2025-11-05,orgânico,,,,Limeira,SP,07142
CLI003918,B2C,2025-08-17,social pago,SOC-202508,,,São Paulo,SP,85628
CLI003919,B2C,2026-01-13,indicação,,,,Maringá,PR,80883
CLI003920,B2C,2026-03-20,busca paga,SEA-202603,,,Ponta Grossa,PR,03348
CLI003921,B2C,2026-04-21,social pago,SOC-202604,,,Volta Redonda,RJ,75125
CLI003922,B2C,2025-07-17,social pago,SOC-202507,,,São José dos Campos,SP,88453
CLI003923,B2C,2025-11-29,social pago,SOC-202511,,,Americana,SP,15994
CLI003924,B2C,2025-08-28,orgânico,,,,Salvador,BA,20041
CLI003925,B2C,2025-02-26,influenciador,INF-202502,,,Campinas,SP,36625
CLI003926,B2C,2026-02-18,influenciador,INF-202602,,,Piracicaba,SP,57872
CLI003927,B2C,2025-09-01,social pago,SOC-202509,,,Campinas.,SP,52450
CLI003928,B2C,2025-03-19,CRM,,,,Joinville,SC,01542
CLI003929,B2C,2025-06-05,indicação,,,,Brasília.,DF,77263
CLI003930,B2C,2026-05-29,social pago,SOC-202605,,,Jundiaí,SP,50716
CLI003931,B2C,2026-03-21,busca paga,SEA-202603,,,Uberaba,MG,50642
CLI003932,B2C,2026-05-03,social pago,SOC-202605,,,Cascavel,PR,78021
CLI003933,B2C,2026-02-26,indicação,,,,Limeira,SP,41994
CLI003934,B2C,2025-09-09,social pago,SOC-202509,,,Rio de Janeiro,RJ,54288
CLI003935,B2C,2025-12-06,busca paga,SEA-202512,,,Uberlândia,MG,46376
CLI003936,B2C,2025-09-06,social pago,SOC-202509,,,Ribeirão Preto,SP,66198
CLI003937,B2C,2026-05-27,busca paga,SEA-202605,,,Uberaba,MG,95714
CLI003938,B2C,2026-01-26,,INF-202601,,,Sorocaba,SP,10279
CLI003939,B2C,2025-08-09,indicação,,,,Volta Redonda,RJ,86362
CLI003940,B2C,2025-04-15,orgânico,,,,Fortaleza,CE,55620
CLI003941,B2C,2025-01-03,busca paga,SEA-202501,,,Petrópolis,RJ,76873
CLI003942,B2C,2026-05-04,social pago,SOC-202605,,,Londrina,PR,72091
CLI003943,B2C,2026-05-29,busca paga,SEA-202605,,,Limeira,SP,59098
CLI003944,B2C,2026-01-17,influenciador,INF-202601,,,Belo Horizonte,MG,02121
CLI003945,B2C,2025-02-28,social pago,SOC-202502,,,Caxias do Sul,RS,26085
CLI003946,B2C,2026-06-10,social pago,SOC-202606,,,São Paulo,SP,11229
CLI003947,B2C,2025-10-18,busca paga,SEA-202510,,,Joinville,SC,61928
CLI003948,B2C,2026-01-13,CRM,,,,Florianópolis,SC,81119
CLI003949,B2C,2025-02-01,social pago,SOC-202502,,,Petrópolis,RJ,59224
CLI003950,B2C,2025-08-11,social pago,SOC-202508,,,Americana,SP,68521
CLI003951,B2C,2025-09-16,orgânico,,,,Ponta Grossa,PR,94723
CLI003952,B2C,2026-01-21,influenciador,INF-202601,,,Jundiaí,SP,30215
CLI003953,B2C,2025-07-06,social pago,SOC-202507,,,Cascavel,PR,85064
CLI003954,B2C,2026-02-24,busca paga,SEA-202602,,,Jaboatão dos Guararapes,PE,66404
CLI003955,B2C,2025-05-22,busca paga,SEA-202505,,,Ribeirão Preto,SP,10674
CLI003956,B2C,2025-10-05,,,,,Bauru,SP,60280
CLI003957,B2C,2025-02-05,influenciador,INF-202502,,,São José dos Campos,SP,76500
CLI003958,B2C,2025-05-12,,SEA-202505,,,Vitória,ES,16977
CLI003959,B2C,2025-06-13,CRM,,,,Brasília,DF,40300
CLI003960,B2C,2026-01-01,social pago,SOC-202601,,,Uberaba,MG,76870
CLI003961,B2C,2025-08-15,busca paga,SEA-202508,,,Vitória da Conquista,BA,83742
CLI003962,B2C,2025-08-27,influenciador,INF-202508,,,Goiânia,GO,33879
CLI003963,B2C,2025-11-13,indicação,,,,Fortaleza,CE,85168
CLI003964,B2C,2026-01-26,CRM,,,,Piracicaba,SP,61096
CLI003965,B2C,2025-01-10,influenciador,INF-202501,,,Campo Grand,MS,25426
CLI003966,B2C,2025-06-22,,,,,Limeira,SP,70998
CLI003967,B2C,2026-01-12,social pago,SOC-202601,,,Canoas,RS,95216
CLI003968,B2C,2025-10-27,indicação,,,,Campinas,SP,10885
CLI003969,B2C,2026-02-26,,,,,Piracicaba,SP,90319
CLI003970,B2C,2026-03-14,,SOC-202603,,,Piracicaba,SP,73397
CLI003971,B2C,2025-06-27,orgânico,,,,Chapecó Mun.,SC,63565
CLI003972,B2C,2026-05-01,,SEA-202605,,,Salvador,BA,17731
CLI003973,B2C,2025-04-15,orgânico,,,,São Paulo,SP,69424
CLI003974,B2C,2026-06-10,orgânico,,,,Manaus,AM,96903
CLI003975,B2C,2026-02-07,orgânico,,,,Jundiaí,SP,53683
CLI003976,B2C,2025-09-22,busca paga,SEA-202509,,,Vitória da Conquista,BA,96433
CLI003977,B2C,2026-04-10,social pago,SOC-202604,,,São José dos Campos,SP,09047
CLI003978,B2C,2026-06-15,social pago,SOC-202606,,,Curitiba,PR,23425
CLI003979,B2C,2025-08-03,social pago,SOC-202508,,,São José dos Campos,SP,65543
CLI003980,B2C,2026-04-13,influenciador,INF-202604,,,Chapecó,SC,93082
CLI003981,B2C,2025-10-31,busca paga,SEA-202510,,,Curitiba,PR,12026
CLI003982,B2C,2025-10-13,indicação,,,,Ribeirão Preto,SP,05630
CLI003983,B2C,2025-06-09,social pago,SOC-202506,,,Contagem,MG,41822
CLI003984,B2C,2025-05-01,busca paga,SEA-202505,,,Rio de Janeiro,RJ,08457
CLI003985,B2C,2025-08-21,influenciador,INF-202508,,,Canoas,RS,16157
CLI003986,B2C,2025-12-07,orgânico,,,,Curitiba,PR,99982
CLI003987,B2C,2025-03-10,indicação,,,,Sorocaba,SP,66056
CLI003988,B2C,2026-04-07,busca paga,SEA-202604,,,Caruaru,PE,65732
CLI003989,B2C,2025-05-04,social pago,SOC-202505,,,Petrópolis,RJ,56146
CLI003990,B2C,2025-11-30,CRM,,,,Blumenau,SC,96251
CLI003991,B2C,2025-02-14,indicação,,,,Ribeirão Preto,SP,50483
CLI003992,B2C,2026-03-12,orgânico,,,,Brasília,DF,26141
CLI003993,B2C,2026-06-15,social pago,SOC-202606,,,São Paulo,SP,43475
CLI003994,B2C,2025-09-29,,,,,Jundiaí,SP,54592
CLI003995,B2C,2025-04-06,social pago,SOC-202504,,,Vila Velha,ES,92648
CLI003996,B2C,2026-04-02,social pago,SOC-202604,,,Pelotas,RS,78994
CLI003997,B2C,2025-03-12,social pago,SOC-202503,,,Americana,SP,39211
CLI003998,B2C,2025-07-13,busca paga,SEA-202507,,,Ribeirão Preto,SP,31674
CLI003999,B2C,2026-02-09,indicação,,,,Chapecó,SC,53083
CLI004000,B2C,2025-11-13,CRM,,,,Campinas,SP,75047
CLI004001,B2C,2025-03-09,indicação,,,,Ribeirão Preto,SP,25431
CLI004002,B2C,2025-10-06,CRM,,,,Juiz de Fora,MG,28058
CLI004003,B2C,2025-03-20,orgânico,,,,Petrópolis,RJ,30344
CLI004004,B2C,2025-10-21,orgânico,,,,Campinas,SP,79598
CLI004005,B2C,2026-05-25,social pago,SOC-202605,,,Jundiaí,SP,74269
CLI004006,B2C,2025-10-03,orgânico,,,,Sorocaba,SP,87524
CLI004007,B2C,2025-07-18,busca paga,SEA-202507,,,Jundiaí,SP,57699
CLI004008,B2C,2026-02-14,influenciador,INF-202602,,,Maringá,PR,53264
CLI004009,B2C,2025-11-06,orgânico,,,,São José dos Campos,SP,30423
CLI004010,B2C,2026-03-26,orgânico,,,,Piracicaba,SP,15465
CLI004011,B2C,2026-01-03,busca paga,SEA-202601,,,Salvador,BA,38841
CLI004012,B2C,2026-05-05,busca paga,SEA-202605,,,Jundiaí,SP,30095
CLI004013,B2C,2025-04-20,busca paga,SEA-202504,,,Limeira,SP,47847
CLI004014,B2C,2025-09-08,orgânico,,,,Florianópolis,SC,50748
CLI004015,B2C,2025-03-23,busca paga,SEA-202503,,,Aparecida de Goiânia,GO,87637
CLI004016,B2C,2025-01-04,orgânico,,,,Volta Redonda,RJ,44596
CLI004017,B2C,2026-04-30,CRM,,,,Uberlândia,MG,74698
CLI004018,B2C,2025-01-09,orgânico,,,,Jundia,SP,44380
CLI004019,B2C,2025-01-07,influenciador,INF-202501,,,Salvador,BA,30044
CLI004020,B2C,2025-05-27,influenciador,INF-202505,,,Campinas,SP,31934
CLI004021,B2C,2025-03-13,indicação,,,,Cascavel,PR,23278
CLI004022,B2C,2025-06-15,influenciador,INF-202506,,,Aparecida de Goiânia,GO,39713
CLI004023,B2C,2025-07-02,busca paga,SEA-202507,,,São Paulo,SP,22073
CLI004024,B2C,2026-05-05,orgânico,,,,Caruaru,PE,44540
CLI004025,B2C,2025-10-19,CRM,,,,São Paulo,SP,87421
CLI004026,B2C,2025-08-12,orgânico,,,,São Paulo,SP,63022
CLI004027,B2C,2025-05-30,busca paga,SEA-202505,,,Recife,PE,38633
CLI004028,B2C,2025-10-12,orgânico,,,,São Paulo,SP,70394
CLI004029,B2C,2026-02-01,busca paga,SEA-202602,,,Aparecida de Goiânia,GO,54645
CLI004030,B2C,2025-04-23,indicação,,,,Limeira,SP,09161
CLI004031,B2C,2025-08-26,indicação,,,,São Paulo,SP,16460
CLI004032,B2C,2025-12-05,indicação,,,,São Paulo,SP,29963
CLI004033,B2C,2026-03-18,social pago,SOC-202603,,,Campo Grande,MS,24757
CLI004034,B2C,2025-05-21,,,,,Piracicaba,SP,91946
CLI004035,B2C,2025-01-22,orgânico,,,,Caruaru,PE,29731
CLI004036,B2C,2025-10-15,influenciador,INF-202510,,,Curitiba,PR,27806
CLI004037,B2C,2025-09-11,,,,,Cascavel,PR,16601
CLI004038,B2C,2025-05-05,indicação,,,,Bauru,SP,87684
CLI004039,B2C,2025-10-12,busca paga,SEA-202510,,,Piracicaba,SP,90820
CLI004040,B2C,2025-10-04,orgânico,,,,Juiz de Fora,MG,71733
CLI004041,B2C,2025-10-23,busca paga,SEA-202510,,,Maringá,PR,62857
CLI004042,B2C,2025-06-04,orgânico,,,,Goiânia,GO,31504
CLI004043,B2C,2025-12-25,social pago,SOC-202512,,,Londrina,PR,55035
CLI004044,B2C,2026-01-08,influenciador,INF-202601,,,Americana,SP,65938
CLI004045,B2C,2025-01-28,orgânico,,,,Feira de Santana,BA,53853
CLI004046,B2C,2025-06-28,influenciador,INF-202506,,,Uberlândia,MG,81660
CLI004047,B2C,2026-05-04,social pago,SOC-202605,,,Ribeirão Preto,SP,40979
CLI004048,B2C,2025-08-08,orgânico,,,,Uberlândia,MG,38067
CLI004049,B2C,2026-04-29,influenciador,INF-202604,,,Maringá,PR,58695
CLI004050,B2C,2025-08-17,,SEA-202508,,,Piracicaba,SP,31081
CLI004051,B2C,2025-01-17,orgânico,,,,São José dos Campos,SP,84465
CLI004052,B2C,2025-06-16,indicação,,,,São Paul,SP,50599
CLI004053,B2C,2025-10-24,orgânico,,,,Canoas,RS,90602
CLI004054,B2C,2026-01-01,social pago,SOC-202601,,,Jundiaí,SP,06516
CLI004055,B2C,2025-08-15,social pago,SOC-202508,,,Ribeirão Preto,SP,35342
CLI004056,B2C,2025-12-23,social pago,SOC-202512,,,Joinville,SC,43192
CLI004057,B2C,2026-02-22,orgânico,,,,Porto Alegre,RS,35131
CLI004058,B2C,2026-06-01,busca paga,SEA-202606,,,Campinas,SP,83610
CLI004059,B2C,2025-02-03,social pago,SOC-202502,,,Brasília,DF,04808
CLI004060,B2C,2025-07-10,social pago,SOC-202507,,,Sorocaba,SP,43644
CLI004061,B2C,2025-06-21,indicação,,,,Jundiaí Mun.,SP,02079
CLI004062,B2C,2026-02-07,influenciador,INF-202602,,,Caxias do Sul,RS,88743
CLI004063,B2C,2025-10-30,busca paga,SEA-202510,,,Volta Redonda,RJ,49981
CLI004064,B2C,2026-06-07,orgânico,,,,Piracicaba,SP,50076
CLI004065,B2C,2026-01-24,social pago,SOC-202601,,,Volta Redonda,RJ,15907
CLI004066,B2C,2026-05-30,influenciador,INF-202605,,,Ponta Grossa,PR,14086
CLI004067,B2C,2026-02-16,indicação,,,,Caxias do Sul,RS,07218
CLI004068,B2C,2026-03-13,orgânico,,,,Americana,SP,03110
CLI004069,B2C,2025-02-01,orgânico,,,,Sorocaba,SP,96258
CLI004070,B2C,2025-03-16,indicação,,,,Niterói,RJ,71465
CLI004071,B2C,2025-11-05,CRM,,,,Brasília,DF,77249
CLI004072,B2C,2025-09-27,indicação,,,,Volta Redonda,RJ,62875
CLI004073,B2C,2026-01-21,busca paga,SEA-202601,,,Jundiaí,SP,56331
CLI004074,B2C,2025-10-10,busca paga,SEA-202510,,,Uberaba,MG,32807
CLI004075,B2C,2026-03-05,social pago,SOC-202603,,,Caruaru,PE,24939
CLI004076,B2C,2025-09-10,social pago,SOC-202509,,,Jundia,SP,77032
CLI004077,B2C,2026-03-30,orgânico,,,,Uberlândia,MG,23108
CLI004078,B2C,2025-02-28,busca paga,SEA-202502,,,Brasília,DF,93967
CLI004079,B2C,2025-12-23,indicação,,,,Limeira.,SP,58718
CLI004080,B2C,2025-12-24,orgânico,,,,Campinas,SP,78443
CLI004081,B2C,2025-07-09,influenciador,INF-202507,,,Juiz de Fora,MG,57038
CLI004082,B2C,2025-11-23,social pago,SOC-202511,,,Florianópolis,SC,65801
CLI004083,B2C,2025-04-13,social pago,SOC-202504,,,Brasília,DF,98827
CLI004084,B2C,2026-04-21,social pago,SOC-202604,,,Caxias do Sul,RS,59367
CLI004085,B2C,2026-01-29,social pago,SOC-202601,,,Rio de Janeiro,RJ,21846
CLI004086,B2C,2025-04-16,orgânico,,,,Cuiabá,MT,54290
CLI004087,B2C,2025-05-09,busca paga,SEA-202505,,,Piracicaba,SP,24456
CLI004088,B2C,2025-09-18,indicação,,,,Caucaia,CE,61627
CLI004089,B2C,2026-02-07,orgânico,,,,Contagem,MG,94938
CLI004090,B2C,2025-12-26,,INF-202512,,,Jundiaí,SP,19097
CLI004091,B2C,2025-01-02,orgânico,,,,Ribeirão Preto,SP,38239
CLI004092,B2C,2025-02-25,influenciador,INF-202502,,,Piracicaba,SP,99108
CLI004093,B2C,2025-08-20,social pago,SOC-202508,,,Americana,SP,72697
CLI004094,B2C,2025-07-01,orgânico,,,,Jundiaí,SP,60388
CLI004095,B2C,2026-03-15,indicação,,,,Feira de Santana,BA,21265
CLI004096,B2C,2025-12-20,busca paga,SEA-202512,,,Ribeirão Preto,SP,01490
CLI004097,B2C,2025-10-24,orgânico,,,,Recife,PE,40756
CLI004098,B2C,2026-05-11,busca paga,SEA-202605,,,Pouso Alegre,MG,96204
CLI004099,B2C,2025-05-23,influenciador,INF-202505,,,Campinas,SP,93875
CLI004100,B2C,2026-02-25,social pago,SOC-202602,,,Porto Alegre,RS,87160
CLI004101,B2C,2025-10-27,orgânico,,,,Rio de Janeiro,RJ,01924
CLI004102,B2C,2025-06-07,indicação,,,,Bauru,SP,42600
CLI004103,B2C,2025-05-30,social pago,SOC-202505,,,São Paulo.,SP,61668
CLI004104,B2C,2025-11-14,influenciador,INF-202511,,,Salvador,BA,07560
CLI004105,B2C,2026-02-07,CRM,,,,Cascavel,PR,17472
CLI004106,B2C,2025-12-05,orgânico,,,,Maringá,PR,63597
CLI004107,B2C,2025-10-04,busca paga,SEA-202510,,,Piracicaba,SP,82544
CLI004108,B2C,2025-03-10,busca paga,SEA-202503,,,Sorocaba,SP,16500
CLI004109,B2C,2025-02-26,social pago,SOC-202502,,,Uberaba,MG,34539
CLI004110,B2C,2026-05-14,orgânico,,,,Joinville,SC,63510
CLI004111,B2C,2026-04-22,CRM,,,,Pouso Alegre,MG,29184
CLI004112,B2C,2025-07-02,social pago,SOC-202507,,,Ribeirão Preto,SP,95791
CLI004113,B2C,2025-04-10,,,,,Blumenau,SC,63623
CLI004114,B2C,2026-02-22,orgânico,,,,Juiz de Fora,MG,62722
CLI004115,B2C,2026-05-17,orgânico,,,,Niterói,RJ,96980
CLI004116,B2C,2025-11-10,,SOC-202511,,,São Paulo,SP,47830
CLI004117,B2C,2025-03-19,,,,,São Paulo,SP,74039
CLI004118,B2C,2026-01-19,orgânico,,,,Pelotas,RS,53990
CLI004119,B2C,2025-05-20,indicação,,,,Ribeirão Preto,SP,58607
CLI004120,B2C,2026-02-10,social pago,SOC-202602,,,Vitória da Conquista,BA,35718
CLI004121,B2C,2025-03-29,influenciador,INF-202503,,,Ribeirão Preto,SP,66302
CLI004122,B2C,2025-03-15,social pago,SOC-202503,,,Piracicaba,SP,33785
CLI004123,B2C,2025-03-02,indicação,,,,Piracicaba,SP,46498
CLI004124,B2C,2025-02-07,orgânico,,,,São José dos Campos,SP,38907
CLI004125,B2C,2025-12-19,orgânico,,,,Vila Velha,ES,30486
CLI004126,B2C,2025-01-03,social pago,SOC-202501,,,Bauru,SP,78689
CLI004127,B2C,2025-01-11,orgânico,,,,Jundiaí,SP,34160
CLI004128,B2C,2025-02-09,social pago,SOC-202502,,,Jundiaí,SP,03134
CLI004129,B2C,2025-01-02,social pago,SOC-202501,,,Bauru,SP,52258
CLI004130,B2C,2025-07-10,influenciador,INF-202507,,,Florianópolis,SC,34276
CLI004131,B2C,2025-03-21,orgânico,,,,Campinas,SP,94366
CLI004132,B2C,2026-01-27,indicação,,,,Petrópolis,RJ,12221
CLI004133,B2C,2026-04-10,social pago,SOC-202604,,,Vitória da Conquista,BA,10991
CLI004134,B2C,2025-01-11,influenciador,INF-202501,,,Juiz de For,MG,69456
CLI004135,B2C,2025-02-06,indicação,,,,Sorocaba,SP,22570
CLI004136,B2C,2026-05-08,busca paga,SEA-202605,,,Vitória da Conquista,BA,25322
CLI004137,B2C,2025-10-04,busca paga,SEA-202510,,,Joinville,SC,99082
CLI004138,B2C,2025-06-05,busca paga,SEA-202506,,,São José dos Campos.,SP,85217
CLI004139,B2C,2025-06-16,social pago,SOC-202506,,,Rio de Janeiro,RJ,56227
CLI004140,B2C,2025-03-27,orgânico,,,,Cuiabá,MT,72093
CLI004141,B2C,2026-02-02,social pago,SOC-202602,,,Chapecó,SC,44094
CLI004142,B2C,2025-01-21,orgânico,,,,Americana,SP,58986
CLI004143,B2C,2025-12-30,orgânico,,,,Campinas,SP,16694
CLI004144,B2C,2025-08-08,social pago,SOC-202508,,,Cuiabá,MT,20610
CLI004145,B2C,2025-06-29,busca paga,SEA-202506,,,Porto Alegre,RS,56382
CLI004146,B2C,2025-03-22,orgânico,,,,Ponta Grossa,PR,17164
CLI004147,B2C,2025-02-24,orgânico,,,,Americana,SP,66707
CLI004148,B2C,2026-05-05,social pago,SOC-202605,,,Campinas,SP,09606
CLI004149,B2C,2025-10-05,busca paga,SEA-202510,,,Curitiba,PR,95663
CLI004150,B2C,2026-05-15,influenciador,INF-202605,,,Bauru,SP,06913
CLI004151,B2C,2026-06-06,orgânico,,,,Americana,SP,21836
CLI004152,B2C,2025-10-12,social pago,SOC-202510,,,Jundiaí,SP,36480
CLI004153,B2C,2025-04-25,orgânico,,,,Limeira,SP,21928
CLI004154,B2C,2025-05-09,busca paga,SEA-202505,,,São José dos Campos,SP,55506
CLI004155,B2C,2025-06-14,orgânico,,,,Joinville,SC,28792
CLI004156,B2C,2025-06-01,social pago,SOC-202506,,,Joinville,SC,68747
CLI004157,B2C,2025-03-25,orgânico,,,,São José dos Campos,SP,52204
CLI004158,B2C,2025-01-31,social pago,SOC-202501,,,Fortaleza,CE,16400
CLI004159,B2C,2025-11-08,influenciador,INF-202511,,,Bauru,SP,89971
CLI004160,B2C,2025-11-26,orgânico,,,,São Paulo,SP,02358
CLI004161,B2C,2026-04-25,indicação,,,,São Paulo,SP,56203
CLI004162,B2C,2025-03-15,influenciador,INF-202503,,,Cuiabá,MT,98701
CLI004163,B2C,2025-10-23,influenciador,INF-202510,,,Ribeirão Pret,SP,36330
CLI004164,B2C,2026-06-03,orgânico,,,,Sorocaba.,SP,45405
CLI004165,B2C,2025-07-01,orgânico,,,,Sorocaba,SP,77183
CLI004166,B2C,2026-01-29,indicação,,,,Londrina,PR,56983
CLI004167,B2C,2025-07-13,orgânico,,,,Salvador,BA,76832
CLI004168,B2C,2026-03-23,social pago,SOC-202603,,,Sorocaba,SP,02995
CLI004169,B2C,2026-03-08,indicação,,,,Rio de Janeiro,RJ,39737
CLI004170,B2C,2025-06-30,orgânico,,,,Ribeirão Preto,SP,95606
CLI004171,B2C,2025-06-30,social pago,SOC-202506,,,Canoas,RS,62759
CLI004172,B2C,2025-09-10,social pago,SOC-202509,,,Bauru,SP,88184
CLI004173,B2C,2026-04-09,social pago,SOC-202604,,,Florianópolis,SC,52934
CLI004174,B2C,2025-06-01,social pago,SOC-202506,,,Curitiba,PR,22067
CLI004175,B2C,2025-01-10,busca paga,SEA-202501,,,Pouso Alegre,MG,92105
CLI004176,B2C,2025-08-03,influenciador,INF-202508,,,Campinas,SP,64909
CLI004177,B2C,2025-09-30,social pago,SOC-202509,,,Belo Horizonte,MG,54682
CLI004178,B2C,2025-12-21,indicação,,,,Jundiaí,SP,20742
CLI004179,B2C,2025-02-12,social pago,SOC-202502,,,Cuiabá,MT,09494
CLI004180,B2C,2025-02-28,social pago,SOC-202502,,,Ribeirão Preto,SP,51239
CLI004181,B2C,2025-03-31,orgânico,,,,Chapecó,SC,35459
CLI004182,B2C,2026-05-16,social pago,SOC-202605,,,Curitiba,PR,81755
CLI004183,B2C,2026-02-22,busca paga,SEA-202602,,,Belo Horizonte,MG,88097
CLI004184,B2C,2026-05-29,busca paga,SEA-202605,,,Jundiaí,SP,50616
CLI004185,B2C,2025-01-10,social pago,SOC-202501,,,Jundiaí,SP,31894
CLI004186,B2C,2025-05-01,orgânico,,,,Limeira,SP,21766
CLI004187,B2C,2026-01-01,social pago,SOC-202601,,,Uberlândia,MG,50166
CLI004188,B2C,2026-05-16,social pago,SOC-202605,,,Limeira,SP,98727
CLI004189,B2C,2025-06-01,indicação,,,,Rio de Janeiro,RJ,04158
CLI004190,B2C,2025-06-26,orgânico,,,,Piracicaba Mun.,SP,93209
CLI004191,B2C,2025-03-18,busca paga,SEA-202503,,,Curitiba,PR,25237
CLI004192,B2C,2025-12-30,orgânico,,,,Americana,SP,70280
CLI004193,B2C,2026-05-11,busca paga,SEA-202605,,,Americana,SP,80222
CLI004194,B2C,2026-02-17,influenciador,INF-202602,,,Americana,SP,33283
CLI004195,B2C,2025-05-02,indicação,,,,Jundiaí,SP,87307
CLI004196,B2C,2025-08-24,,SEA-202508,,,Uberaba,MG,45169
CLI004197,B2C,2025-07-04,orgânico,,,,São José dos Campos,SP,93745
CLI004198,B2C,2025-04-08,influenciador,INF-202504,,,Salvador Mun.,BA,68238
CLI004199,B2C,2026-03-25,influenciador,INF-202603,,,Rondonópolis,MT,08144
CLI004200,B2C,2026-05-15,influenciador,INF-202605,,,Niterói,RJ,24454
CLI004201,B2B,2025-10-24,,,ACADEMIA,VND03,Ponta Grossa,PR,35022
CLI004202,B2B,2025-10-31,comercial,,CLÍNICA,VND07,Rio de Janeiro,RJ,99254
CLI004203,B2B,2026-02-01,comercial,,ACADEMIA,VND02,Sorocaba,SP,12985
CLI004204,B2B,2025-05-26,comercial,,NUTRICIONISTA,VND05,Petrópolis,RJ,29828
CLI004205,B2B,2025-06-15,comercial,,VAREJO,VND07,Curitiba,PR,07404
CLI004206,B2B,2026-03-18,comercial,,ACADEMIA,VND08,Contagem,MG,15354
CLI004207,B2B,2026-01-15,comercial,,CLÍNICA,VND02,Feira de Santana,BA,09027
CLI004208,B2B,2025-02-26,comercial,,CLÍNICA,VND03,Vila Velha,ES,99200
CLI004209,B2B,2025-06-17,comercial,,LOJA ESPECIALIZADA,VND03,Cascavel,PR,81631
CLI004210,B2B,2026-05-01,comercial,,ACADEMIA,VND02,Chapecó,SC,21036
CLI004211,B2B,2025-09-10,comercial,,CLÍNICA,VND02,Blumenau,SC,53199
CLI004212,B2B,2025-04-29,comercial,,VAREJO,VND01,Piracicaba,SP,54843
CLI004213,B2B,2025-10-28,comercial,,NUTRICIONISTA,VND04,Rio de Janeiro,RJ,91007
CLI004214,B2B,2025-07-29,comercial,,NUTRICIONISTA,VND03,Vila Velha,ES,92121
CLI004215,B2B,2025-06-10,comercial,,ACADEMIA,VND07,Campinas,SP,76133
CLI004216,B2B,2025-10-29,comercial,,VAREJO,VND08,Campinas,SP,08881
CLI004217,B2B,2025-10-26,comercial,,LOJA ESPECIALIZADA,VND02,Petrópolis.,RJ,01018
CLI004218,B2B,2025-01-03,comercial,,NUTRICIONISTA,VND03,Limeira,SP,81284
CLI004219,B2B,2026-04-19,comercial,,NUTRICIONISTA,VND03,São José dos Campos,SP,68039
CLI004220,B2B,2026-05-30,comercial,,LOJA ESPECIALIZADA,VND07,Anápolis,GO,79011
CLI004221,B2B,2025-08-14,comercial,,CLÍNICA,VND02,São Paulo,SP,09122
CLI004222,B2B,2025-08-04,comercial,,NUTRICIONISTA,VND03,Niterói,RJ,53554
CLI004223,B2B,2025-04-10,comercial,,LOJA ESPECIALIZADA,VND04,Juiz de Fora,MG,79832
CLI004224,B2B,2025-12-30,comercial,,ACADEMIA,VND07,Caruaru,PE,68460
CLI004225,B2B,2026-01-03,comercial,,ACADEMIA,VND01,Florianópolis,SC,60013
CLI004226,B2B,2025-02-11,comercial,,LOJA ESPECIALIZADA,VND08,Piracicaba,SP,71417
CLI004227,B2B,2026-02-07,comercial,,LOJA ESPECIALIZADA,VND03,Americana,SP,91338
CLI004228,B2B,2025-09-24,comercial,,VAREJO,VND06,Londrina,PR,92703
CLI004229,B2B,2026-03-22,comercial,,NUTRICIONISTA,VND03,Volta Redonda,RJ,53413
CLI004230,B2B,2025-09-20,comercial,,ACADEMIA,VND04,Sorocaba,SP,74226
CLI004231,B2B,2025-01-02,comercial,,VAREJO,VND08,Curitiba,PR,93437
CLI004232,B2B,2025-01-13,comercial,,VAREJO,VND08,Salvador,BA,58578
CLI004233,B2B,2025-09-14,comercial,,VAREJO,VND05,Jundiaí Mun.,SP,21892
CLI004234,B2B,2026-03-02,comercial,,CLÍNICA,VND05,Vitória da Conquista,BA,81056
CLI004235,B2B,2025-04-04,comercial,,ACADEMIA,VND07,Caxias do Sul,RS,65846
CLI004236,B2B,2025-10-17,comercial,,ACADEMIA,VND08,Juiz de Fora,MG,43457
CLI004237,B2B,2026-01-26,comercial,,CLÍNICA,VND06,São José dos Campos,SP,56929
CLI004238,B2B,2026-02-06,comercial,,ACADEMIA,VND02,Limeira,SP,26191
CLI004239,B2B,2026-02-26,comercial,,LOJA ESPECIALIZADA,VND08,Recife,PE,90011
CLI004240,B2B,2025-03-14,comercial,,CLÍNICA,VND02,Vitória,ES,80637
CLI004241,B2B,2026-03-15,comercial,,LOJA ESPECIALIZADA,VND01,Pouso Alegre,MG,73459
CLI004242,B2B,2025-10-26,comercial,,NUTRICIONISTA,VND06,Limeira,SP,07591
CLI004243,B2B,2025-03-21,comercial,,VAREJO,VND01,Americana,SP,77711
CLI004244,B2B,2025-03-19,comercial,,LOJA ESPECIALIZADA,VND04,Campinas,SP,72320
CLI004245,B2B,2026-04-08,comercial,,ACADEMIA,VND01,Cuiabá,MT,98481
CLI004246,B2B,2025-08-18,comercial,,NUTRICIONISTA,VND03,Niterói,RJ,27534
CLI004247,B2B,2025-06-17,comercial,,NUTRICIONISTA,VND07,Limeira,SP,51892
CLI004248,B2B,2025-08-01,comercial,,LOJA ESPECIALIZADA,VND04,Niterói,RJ,20581
CLI004249,B2B,2025-12-03,comercial,,CLÍNICA,VND05,Campinas,SP,81620
CLI004250,B2B,2026-01-06,comercial,,ACADEMIA,VND08,Florianópoli,SC,32104
CLI004251,B2B,2025-02-22,comercial,,LOJA ESPECIALIZADA,VND06,Sorocaba,SP,35613
CLI004252,B2B,2025-07-29,comercial,,ACADEMIA,VND08,Limeira,SP,08993
CLI004253,B2B,2025-03-11,comercial,,NUTRICIONISTA,VND07,Porto Alegre,RS,26794
CLI004254,B2B,2025-07-21,comercial,,NUTRICIONISTA,VND02,Petrópolis,RJ,43015
CLI004255,B2B,2025-02-21,comercial,,NUTRICIONISTA,VND07,Recife,PE,69376
CLI004256,B2B,2026-06-07,comercial,,LOJA ESPECIALIZADA,VND07,São Paulo,SP,26617
CLI004257,B2B,2025-08-16,comercial,,VAREJO,VND01,Niterói,RJ,12422
CLI004258,B2B,2025-01-28,comercial,,ACADEMIA,VND06,Chapecó,SC,76459
CLI004259,B2B,2026-04-28,comercial,,CLÍNICA,VND05,Recife,PE,64314
CLI004260,B2B,2026-02-01,comercial,,NUTRICIONISTA,VND03,Petrópolis,RJ,89630
CLI004261,B2B,2025-10-27,comercial,,VAREJO,VND08,Porto Alegre,RS,17872
CLI004262,B2B,2026-03-17,comercial,,ACADEMIA,VND06,Petrópolis,RJ,76150
CLI004263,B2B,2026-05-26,comercial,,CLÍNICA,VND05,Americana,SP,83416
CLI004264,B2B,2026-03-26,comercial,,VAREJO,VND01,Contagem,MG,24428
CLI004265,B2B,2025-03-27,comercial,,CLÍNICA,VND03,Canoas,RS,84778
CLI004266,B2B,2026-01-04,comercial,,VAREJO,VND04,Niterói,RJ,13735
CLI004267,B2B,2025-09-28,comercial,,NUTRICIONISTA,VND03,Salvador,BA,89066
CLI004268,B2B,2025-01-10,comercial,,VAREJO,VND04,Brasília,DF,97168
CLI004269,B2B,2025-12-11,comercial,,ACADEMIA,VND02,Sorocaba,SP,70987
CLI004270,B2B,2026-05-04,comercial,,LOJA ESPECIALIZADA,VND02,Ribeirão Preto,SP,21594
CLI004271,B2B,2025-07-01,comercial,,LOJA ESPECIALIZADA,VND01,Juiz de Fora,MG,32270
CLI004272,B2B,2026-03-31,comercial,,CLÍNICA,VND05,Piracicaba,SP,07589
CLI004273,B2B,2025-02-05,comercial,,VAREJO,VND02,Sorocaba,SP,19103
CLI004274,B2B,2026-06-03,comercial,,NUTRICIONISTA,VND07,Piracicaba,SP,80351
CLI004275,B2B,2026-03-10,comercial,,CLÍNICA,VND04,Joinville,SC,21023
CLI004276,B2B,2026-04-26,comercial,,LOJA ESPECIALIZADA,VND01,São Paulo,SP,25492
CLI004277,B2B,2025-03-16,comercial,,VAREJO,VND07,Fortaleza,CE,46622
CLI004278,B2B,2026-03-22,comercial,,NUTRICIONISTA,VND03,Piracicaba.,SP,80266
CLI004279,B2B,2025-08-24,comercial,,VAREJO,VND03,Vitória da Conquista,BA,46629
CLI004280,B2B,2025-12-15,comercial,,LOJA ESPECIALIZADA,VND06,São José dos Campos,SP,21675
CLI004281,B2B,2025-12-14,comercial,,NUTRICIONISTA,VND05,São Paulo,SP,60278
CLI004282,B2B,2025-05-06,comercial,,CLÍNICA,VND06,Maringá,PR,53136
CLI004283,B2B,2025-12-24,comercial,,NUTRICIONISTA,VND04,Uberaba,MG,78658
CLI004284,B2B,2025-12-31,comercial,,CLÍNICA,VND04,Limeira,SP,57214
CLI004285,B2B,2025-06-22,comercial,,CLÍNICA,VND06,Volta Redonda,RJ,32134
CLI004286,B2B,2025-11-07,comercial,,CLÍNICA,VND03,Vitória,ES,73773
CLI004287,B2B,2026-06-13,comercial,,ACADEMIA,VND02,Ribeirão Preto,SP,75715
CLI004288,B2B,2025-03-04,comercial,,ACADEMIA,VND02,Sorocab,SP,75441
CLI004289,B2B,2025-12-21,comercial,,CLÍNICA,VND06,Limeira,SP,63876
CLI004290,B2B,2026-02-20,comercial,,ACADEMIA,VND05,American,SP,30485
CLI004291,B2B,2025-11-15,comercial,,LOJA ESPECIALIZADA,VND08,Ribeirão Preto,SP,31702
CLI004292,B2B,2026-04-02,comercial,,NUTRICIONISTA,VND06,Uberaba,MG,62853
CLI004293,B2B,2026-04-07,,,NUTRICIONISTA,VND01,São Paulo,SP,16203
CLI004294,B2B,2025-06-04,comercial,,LOJA ESPECIALIZADA,VND05,Americana,SP,77277
CLI004295,B2B,2025-09-21,comercial,,VAREJO,VND07,Sorocaba,SP,52367
CLI004296,B2B,2025-03-18,comercial,,ACADEMIA,VND02,Campo Grande,MS,65283
CLI004297,B2B,2026-05-17,comercial,,NUTRICIONISTA,VND06,Sorocaba,SP,46454
CLI004298,B2B,2025-02-02,comercial,,VAREJO,VND01,Londrina,PR,37164
CLI004299,B2B,2025-07-12,comercial,,LOJA ESPECIALIZADA,VND02,Piracicaba,SP,33297
CLI004300,B2B,2025-08-05,comercial,,VAREJO,VND08,Jundiaí Mun.,SP,19657
CLI004301,B2B,2025-06-06,comercial,,CLÍNICA,VND06,Recife,PE,31198
CLI004302,B2B,2025-12-31,comercial,,CLÍNICA,VND01,Sorocaba,SP,22568
CLI004303,B2B,2025-02-07,comercial,,CLÍNICA,VND03,Ribeirão Preto,SP,49490
CLI004304,B2B,2025-09-04,comercial,,ACADEMIA,VND01,Uberlândia.,MG,20271
CLI004305,B2B,2025-06-10,comercial,,ACADEMIA,VND02,Pelotas,RS,02071
CLI004306,B2B,2025-12-10,comercial,,VAREJO,VND03,Ribeirão Preto,SP,91766
CLI004307,B2B,2025-04-19,comercial,,VAREJO,VND07,Ribeirão Preto,SP,40636
CLI004308,B2B,2025-08-06,comercial,,VAREJO,VND03,Chapecó,SC,88277
CLI004309,B2B,2025-05-15,comercial,,ACADEMIA,VND03,Jundiaí,SP,97548
CLI004310,B2B,2026-05-06,comercial,,CLÍNICA,VND06,Piracicaba,SP,43828
CLI004311,B2B,2025-12-29,comercial,,VAREJO,VND08,Salvador,BA,18422
CLI004312,B2B,2026-01-11,comercial,,LOJA ESPECIALIZADA,VND07,Pelotas Mun.,RS,65654
CLI004313,B2B,2025-09-03,comercial,,CLÍNICA,VND03,Pelotas,RS,72751
CLI004314,B2B,2025-01-03,comercial,,LOJA ESPECIALIZADA,VND08,Porto Alegre,RS,34172
CLI004315,B2B,2025-12-20,comercial,,CLÍNICA,VND01,Sorocaba,SP,30233
CLI004316,B2B,2025-09-14,comercial,,LOJA ESPECIALIZADA,VND01,São José dos Campos,SP,20461
CLI004317,B2B,2026-03-12,comercial,,VAREJO,VND02,Cuiabá,MT,19346
CLI004318,B2B,2025-03-13,comercial,,LOJA ESPECIALIZADA,VND08,São José dos Campos,SP,57732
CLI004319,B2B,2025-07-01,comercial,,NUTRICIONISTA,VND06,Ribeirão Preto,SP,16875
CLI004320,B2B,2026-03-20,comercial,,ACADEMIA,VND03,Ribeirão Preto,SP,87739
CLI004321,B2B,2026-04-06,,,CLÍNICA,VND02,Petrópolis,RJ,22308
CLI004322,B2B,2026-01-12,comercial,,VAREJO,VND03,Petrópolis,RJ,54094
CLI004323,B2B,2025-09-25,comercial,,ACADEMIA,VND08,Blumenau,SC,82659
CLI004324,B2B,2026-02-16,comercial,,VAREJO,VND04,Pelotas,RS,81179
CLI004325,B2B,2025-10-31,comercial,,CLÍNICA,VND04,Jaboatão dos Guararapes,PE,15028
CLI004326,B2B,2025-08-14,comercial,,LOJA ESPECIALIZADA,VND05,Jaboatão dos Guararapes,PE,45924
CLI004327,B2B,2025-03-07,comercial,,LOJA ESPECIALIZADA,VND03,Curitiba,PR,30992
CLI004328,B2B,2025-08-13,comercial,,LOJA ESPECIALIZADA,VND02,São José dos Campos,SP,39513
CLI004329,B2B,2026-03-03,comercial,,CLÍNICA,VND05,Limeira,SP,11184
CLI004330,B2B,2025-04-27,comercial,,ACADEMIA,VND05,Jundiaí,SP,95841
CLI004331,B2B,2025-04-02,comercial,,VAREJO,VND06,Uberaba,MG,08823
CLI004332,B2B,2025-10-23,comercial,,ACADEMIA,VND07,Bauru,SP,96685
CLI004333,B2B,2026-05-08,comercial,,CLÍNICA,VND02,Recife,PE,94486
CLI004334,B2B,2025-11-18,comercial,,ACADEMIA,VND01,Americana,SP,25751
CLI004335,B2B,2026-05-08,comercial,,LOJA ESPECIALIZADA,VND02,Joinville,SC,35854
CLI004336,B2B,2025-06-04,comercial,,LOJA ESPECIALIZADA,VND04,Jundiaí,SP,14148
CLI004337,B2B,2025-02-06,comercial,,NUTRICIONISTA,VND07,Ribeirão Preto.,SP,72991
CLI004338,B2B,2025-05-02,comercial,,CLÍNICA,VND07,Piracicaba,SP,93941
CLI004339,B2B,2026-04-01,comercial,,NUTRICIONISTA,VND01,Limeira,SP,33070
CLI004340,B2B,2025-06-13,comercial,,LOJA ESPECIALIZADA,VND06,Jundiaí,SP,20892
CLI004341,B2B,2026-01-26,comercial,,CLÍNICA,VND06,Brasília,DF,57678
CLI004342,B2B,2025-09-11,comercial,,ACADEMIA,VND07,Maringá,PR,01954
CLI004343,B2B,2025-12-12,,,CLÍNICA,VND03,Chapecó,SC,30693
CLI004344,B2B,2025-10-29,comercial,,CLÍNICA,VND03,Cascavel Mun.,PR,98152
CLI004345,B2B,2025-07-29,comercial,,CLÍNICA,VND02,Ribeirão Preto,SP,04901
CLI004346,B2B,2025-10-19,comercial,,ACADEMIA,VND07,São Paulo,SP,52895
CLI004347,B2B,2026-05-01,comercial,,CLÍNICA,VND08,São José dos Campos,SP,32568
CLI004348,B2B,2026-03-27,comercial,,VAREJO,VND08,Jundiaí,SP,63539
CLI004349,B2B,2025-10-20,comercial,,CLÍNICA,VND07,Belo Horizonte,MG,74959
CLI004350,B2B,2025-12-05,comercial,,ACADEMIA,VND07,Anápolis,GO,22770
CLI004351,B2B,2025-08-09,comercial,,ACADEMIA,VND05,Florianópolis Mun.,SC,31480
CLI004352,B2B,2025-11-24,comercial,,LOJA ESPECIALIZADA,VND07,Sorocaba,SP,66567
CLI004353,B2B,2025-04-09,comercial,,NUTRICIONISTA,VND08,São Paulo,SP,05286
CLI004354,B2B,2025-08-03,comercial,,VAREJO,VND03,Uberaba,MG,81351
CLI004355,B2B,2025-06-24,comercial,,NUTRICIONISTA,VND06,São Paulo,SP,87606
CLI004356,B2B,2025-12-03,,,VAREJO,VND01,Chapecó,SC,39151
CLI004357,B2B,2025-03-24,comercial,,CLÍNICA,VND08,Bauru,SP,48367
CLI004358,B2B,2026-05-15,comercial,,ACADEMIA,VND03,Anápolis,GO,76351
CLI004359,B2B,2025-10-07,comercial,,VAREJO,VND04,Rio de Janeiro,RJ,55430
CLI004360,B2B,2026-05-12,comercial,,ACADEMIA,VND06,Ribeirão Preto,SP,23217
CLI004361,B2B,2025-08-16,comercial,,CLÍNICA,VND04,Ribeirão Preto,SP,89481
CLI004362,B2B,2025-02-08,comercial,,LOJA ESPECIALIZADA,VND04,Americana,SP,88443
CLI004363,B2B,2025-12-19,comercial,,VAREJO,VND05,Feira de Santana,BA,64981
CLI004364,B2B,2025-12-02,comercial,,NUTRICIONISTA,VND08,Serra,ES,85058
CLI004365,B2B,2025-01-16,comercial,,VAREJO,VND06,Piracicaba,SP,96290
CLI004366,B2B,2026-01-09,comercial,,VAREJO,VND05,Piracicaba,SP,06958
CLI004367,B2B,2025-02-10,comercial,,ACADEMIA,VND01,Blumenau,SC,93819
CLI004368,B2B,2025-01-05,comercial,,LOJA ESPECIALIZADA,VND02,Baur,SP,92929
CLI004369,B2B,2025-01-03,comercial,,LOJA ESPECIALIZADA,VND06,São José dos Campos,SP,38732
CLI004370,B2B,2026-04-05,comercial,,CLÍNICA,VND04,Vitória,ES,54420
CLI004371,B2B,2026-05-10,comercial,,CLÍNICA,VND02,Jundiaí,SP,09841
CLI004372,B2B,2025-04-14,comercial,,VAREJO,VND02,Goiânia,GO,21124
CLI004373,B2B,2025-02-22,comercial,,ACADEMIA,VND01,Piracicaba,SP,83331
CLI004374,B2B,2025-05-18,comercial,,NUTRICIONISTA,VND06,Aparecida de Goiânia,GO,25288
CLI004375,B2B,2025-08-05,comercial,,VAREJO,VND07,Belo Horizonte,MG,26055
CLI004376,B2B,2025-10-05,,,LOJA ESPECIALIZADA,VND03,São Paulo,SP,96531
CLI004377,B2B,2025-11-20,comercial,,CLÍNICA,VND06,Americana,SP,02103
CLI004378,B2B,2026-02-14,comercial,,LOJA ESPECIALIZADA,VND03,Petrópolis,RJ,98577
CLI004379,B2B,2025-07-24,comercial,,NUTRICIONISTA,VND01,Jundiaí,SP,23395
CLI004380,B2B,2025-05-12,comercial,,ACADEMIA,VND05,Joinville,SC,41792
CLI004381,B2B,2026-03-17,comercial,,ACADEMIA,VND04,Piracicaba,SP,35447
CLI004382,B2B,2025-03-08,comercial,,LOJA ESPECIALIZADA,VND04,Ponta Grossa,PR,23168
CLI004383,B2B,2025-06-03,comercial,,NUTRICIONISTA,VND03,Jundia,SP,27265
CLI004384,B2B,2025-01-18,comercial,,CLÍNICA,VND08,Juazeiro do Norte,CE,74797
CLI004385,B2B,2025-10-07,comercial,,NUTRICIONISTA,VND01,Fortaleza,CE,30745
CLI004386,B2B,2026-01-11,comercial,,ACADEMIA,VND02,Maringá,PR,81086
CLI004387,B2B,2025-05-02,comercial,,LOJA ESPECIALIZADA,VND06,Americana,SP,01405
CLI004388,B2B,2025-08-01,comercial,,NUTRICIONISTA,VND05,Chapecó,SC,36833
CLI004389,B2B,2025-01-05,comercial,,ACADEMIA,VND02,Juiz de Fora,MG,32631
CLI004390,B2B,2025-06-29,comercial,,NUTRICIONISTA,VND04,Bauru,SP,16249
CLI004391,B2B,2025-07-04,comercial,,ACADEMIA,VND03,São Paulo,SP,69451
CLI004392,B2B,2025-12-10,comercial,,CLÍNICA,VND06,São Paulo,SP,26242
CLI004393,B2B,2026-02-18,comercial,,LOJA ESPECIALIZADA,VND03,Blumenau,SC,06174
CLI004394,B2B,2026-02-07,comercial,,NUTRICIONISTA,VND07,Bauru,SP,80088
CLI004395,B2B,2025-12-20,comercial,,NUTRICIONISTA,VND03,Londrina,PR,75516
CLI004396,B2B,2025-03-14,comercial,,NUTRICIONISTA,VND04,Belo Horizonte,MG,28240
CLI004397,B2B,2025-04-29,comercial,,LOJA ESPECIALIZADA,VND02,São José dos Campos,SP,56251
CLI004398,B2B,2025-09-15,comercial,,NUTRICIONISTA,VND01,Ribeirão Preto,SP,05595
CLI004399,B2B,2026-04-04,comercial,,ACADEMIA,VND05,Caxias do Sul,RS,26870
CLI004400,B2B,2025-10-29,comercial,,VAREJO,VND05,São José dos Campos,SP,92281
CLI004401,B2B,2025-11-02,comercial,,ACADEMIA,VND08,Jaboatão dos Guararapes,PE,07930
CLI004402,B2B,2026-04-10,comercial,,VAREJO,VND07,São Paulo,SP,36375
CLI004403,B2B,2025-08-01,comercial,,ACADEMIA,VND05,Juiz de Fora,MG,45903
CLI004404,B2B,2026-01-30,comercial,,VAREJO,VND02,Curitiba,PR,78957
CLI004405,B2B,2026-02-25,,,NUTRICIONISTA,VND08,Petrópolis,RJ,61981
CLI004406,B2B,2026-02-09,comercial,,VAREJO,VND03,Bauru,SP,24784
CLI004407,B2B,2025-10-31,comercial,,CLÍNICA,VND08,Volta Redonda,RJ,83189
CLI004408,B2B,2025-06-01,comercial,,LOJA ESPECIALIZADA,VND06,Curitiba,PR,11864
CLI004409,B2B,2026-05-26,comercial,,LOJA ESPECIALIZADA,VND06,Piracicaba,SP,11564
CLI004410,B2B,2025-08-20,comercial,,NUTRICIONISTA,VND08,Canoas,RS,82655
CLI004411,B2B,2026-06-13,comercial,,CLÍNICA,VND07,Chapecó,SC,62525
CLI004412,B2B,2025-07-16,comercial,,ACADEMIA,VND03,Jaboatão dos Guararapes,PE,71161
CLI004413,B2B,2026-05-03,comercial,,LOJA ESPECIALIZADA,VND05,Campinas,SP,89486
CLI004414,B2B,2026-01-04,comercial,,ACADEMIA,VND06,Uberlândia,MG,70571
CLI004415,B2B,2025-11-23,comercial,,VAREJO,VND08,São Paulo,SP,84511
CLI004416,B2B,2025-12-06,comercial,,CLÍNICA,VND01,São Paulo,SP,54898
CLI004417,B2B,2025-03-09,comercial,,CLÍNICA,VND03,Florianópolis,SC,62566
CLI004418,B2B,2025-02-01,comercial,,NUTRICIONISTA,VND01,Americana,SP,05570
CLI004419,B2B,2025-08-02,comercial,,NUTRICIONISTA,VND01,Goiâni,GO,54502
CLI004420,B2B,2026-01-15,comercial,,NUTRICIONISTA,VND04,Jundiaí,SP,60014
CLI004421,B2B,2025-01-01,comercial,,CLÍNICA,VND08,Jaboatão dos Guararapes,PE,22090
CLI004422,B2B,2025-02-26,comercial,,CLÍNICA,VND07,Jundiaí,SP,34788
CLI004423,B2B,2025-03-18,comercial,,ACADEMIA,VND06,Curitiba,PR,45364
CLI004424,B2B,2025-04-12,comercial,,VAREJO,VND05,Uberaba,MG,44629
CLI004425,B2B,2025-07-15,comercial,,CLÍNICA,VND07,São José dos Campos,SP,13460
CLI004426,B2B,2025-07-17,comercial,,NUTRICIONISTA,VND03,Goiânia,GO,38369
CLI004427,B2B,2026-02-18,comercial,,ACADEMIA,VND08,Ribeirão Preto,SP,30052
CLI004428,B2B,2026-02-26,comercial,,CLÍNICA,VND02,Americana,SP,73587
CLI004429,B2B,2025-05-03,,,LOJA ESPECIALIZADA,VND08,Recife,PE,46812
CLI004430,B2B,2025-10-31,comercial,,NUTRICIONISTA,VND06,Contagem,MG,46385
CLI004431,B2B,2026-02-01,comercial,,VAREJO,VND03,Limeira,SP,63215
CLI004432,B2B,2026-03-18,comercial,,LOJA ESPECIALIZADA,VND05,Rio de Janeiro,RJ,20126
CLI004433,B2B,2025-12-17,comercial,,VAREJO,VND07,Canoas,RS,61592
CLI004434,B2B,2025-02-03,comercial,,VAREJO,VND07,Rondonópolis,MT,39595
CLI004435,B2B,2026-04-16,comercial,,CLÍNICA,VND01,Fortaleza,CE,30745
CLI004436,B2B,2025-12-23,,,VAREJO,VND03,Belo Horizonte,MG,40512
CLI004437,B2B,2025-03-27,comercial,,CLÍNICA,VND05,São José dos Campos.,SP,07847
CLI004438,B2B,2026-02-23,comercial,,NUTRICIONISTA,VND08,Chapecó,SC,95403
CLI004439,B2B,2025-07-01,comercial,,CLÍNICA,VND08,Aparecida de Goiânia,GO,43241
CLI004440,B2B,2026-05-12,comercial,,ACADEMIA,VND07,Cascavel,PR,76765
CLI004441,B2B,2026-02-22,comercial,,VAREJO,VND08,Uberaba,MG,53449
CLI004442,B2B,2025-09-07,comercial,,ACADEMIA,VND07,Pouso Alegre,MG,64763
CLI004443,B2B,2026-04-20,comercial,,LOJA ESPECIALIZADA,VND06,Maringá,PR,85886
CLI004444,B2B,2025-11-20,comercial,,ACADEMIA,VND06,Aparecida de Goiânia,GO,53177
CLI004445,B2B,2026-01-20,comercial,,LOJA ESPECIALIZADA,VND06,Bauru,SP,72237
CLI004446,B2B,2025-02-07,comercial,,LOJA ESPECIALIZADA,VND03,Ribeirão Preto Mun.,SP,57175
CLI004447,B2B,2025-12-15,,,NUTRICIONISTA,VND03,Rio de Janeiro,RJ,77311
CLI004448,B2B,2026-05-24,comercial,,ACADEMIA,VND08,Curitiba,PR,71834
CLI004449,B2B,2025-03-08,comercial,,CLÍNICA,VND02,Brasília,DF,30729
CLI004450,B2B,2025-11-01,comercial,,ACADEMIA,VND02,São José dos Campos,SP,56700
CLI004451,B2B,2025-09-18,comercial,,NUTRICIONISTA,VND08,Ponta Grossa,PR,86901
CLI004452,B2B,2025-03-14,comercial,,ACADEMIA,VND08,Ponta Grossa,PR,70408
CLI004453,B2B,2025-02-15,comercial,,ACADEMIA,VND01,Petrópolis,RJ,02565
CLI004454,B2B,2025-03-15,comercial,,NUTRICIONISTA,VND04,Niterói,RJ,37721
CLI004455,B2B,2025-08-19,comercial,,LOJA ESPECIALIZADA,VND08,Caruaru,PE,17132
CLI004456,B2B,2026-01-17,,,LOJA ESPECIALIZADA,VND03,Americana,SP,33317
CLI004457,B2B,2025-01-25,comercial,,ACADEMIA,VND01,Aparecida de Goiânia,GO,66248
CLI004458,B2B,2026-03-10,comercial,,LOJA ESPECIALIZADA,VND05,Americana,SP,45461
CLI004459,B2B,2025-03-24,comercial,,ACADEMIA,VND06,Curitiba,PR,30479
CLI004460,B2B,2025-05-30,comercial,,CLÍNICA,VND06,Piracicaba,SP,23486
CLI004461,B2B,2026-04-13,comercial,,NUTRICIONISTA,VND02,Rondonópolis,MT,80515
CLI004462,B2B,2025-04-26,comercial,,VAREJO,VND06,Americana,SP,52310
CLI004463,B2B,2026-01-21,comercial,,CLÍNICA,VND01,Campinas,SP,31539
CLI004464,B2B,2025-08-03,comercial,,CLÍNICA,VND08,Uberlândia,MG,26399
CLI004465,B2B,2026-03-01,comercial,,ACADEMIA,VND02,Rio de Janeiro,RJ,17191
CLI004466,B2B,2025-12-04,comercial,,LOJA ESPECIALIZADA,VND08,Americana,SP,21699
CLI004467,B2B,2025-03-28,comercial,,CLÍNICA,VND01,São José dos Campos,SP,44843
CLI004468,B2B,2026-04-22,comercial,,VAREJO,VND02,Campinas,SP,45879
CLI004469,B2B,2025-10-22,comercial,,CLÍNICA,VND02,Americana,SP,95494
CLI004470,B2B,2025-04-14,comercial,,VAREJO,VND01,São José dos Campos,SP,42478
CLI004471,B2B,2026-02-16,comercial,,ACADEMIA,VND03,Campinas,SP,69588
CLI004472,B2B,2025-10-18,comercial,,ACADEMIA,VND06,Maringá,PR,97963
CLI004473,B2B,2025-09-11,comercial,,CLÍNICA,VND08,Niterói,RJ,56005
CLI004474,B2B,2025-08-11,comercial,,VAREJO,VND06,Campinas,SP,58501
CLI004475,B2B,2025-08-30,comercial,,NUTRICIONISTA,VND03,Niterói,RJ,92732
CLI004476,B2B,2026-05-14,comercial,,ACADEMIA,VND04,Limeira,SP,21811
CLI004477,B2B,2026-02-23,comercial,,LOJA ESPECIALIZADA,VND07,Maringá,PR,46540
CLI004478,B2B,2025-07-30,comercial,,NUTRICIONISTA,VND04,Ananindeua,PA,20349
CLI004479,B2B,2025-02-13,comercial,,VAREJO,VND07,Americana,SP,43069
CLI004480,B2B,2026-03-12,comercial,,LOJA ESPECIALIZADA,VND05,Ponta Grossa,PR,42842
CLI004481,B2B,2025-07-08,comercial,,VAREJO,VND08,Brasília,DF,63900
CLI004482,B2B,2025-08-28,comercial,,LOJA ESPECIALIZADA,VND08,Belo Horizonte,MG,75091
CLI004483,B2B,2025-03-20,comercial,,LOJA ESPECIALIZADA,VND08,Londrina,PR,51797
CLI004484,B2B,2025-04-15,comercial,,ACADEMIA,VND08,Jaboatão dos Guararapes,PE,30342
CLI004485,B2B,2025-02-16,comercial,,ACADEMIA,VND02,Chapecó,SC,91764
CLI004486,B2B,2025-04-07,comercial,,ACADEMIA,VND01,Londrina,PR,75570
CLI004487,B2B,2025-11-12,comercial,,VAREJO,VND03,Maringá,PR,52359
CLI004488,B2B,2025-04-12,comercial,,ACADEMIA,VND06,Pouso Alegre,MG,63021
CLI004489,B2B,2025-07-03,comercial,,VAREJO,VND07,Ribeirão Preto,SP,84007
CLI004490,B2B,2025-05-21,comercial,,NUTRICIONISTA,VND08,Rio de Janeiro,RJ,86505
CLI004491,B2B,2025-03-02,comercial,,LOJA ESPECIALIZADA,VND03,São José dos Campos,SP,83417
CLI004492,B2B,2026-01-17,comercial,,CLÍNICA,VND04,Rio de Janeiro,RJ,09272
CLI004493,B2B,2025-11-05,comercial,,NUTRICIONISTA,VND03,São Paulo,SP,82745
CLI004494,B2B,2026-02-04,comercial,,VAREJO,VND08,Joinville,SC,93388
CLI004495,B2B,2026-01-27,comercial,,ACADEMIA,VND01,São José dos Campos,SP,34518
CLI004496,B2B,2025-04-11,comercial,,VAREJO,VND07,Niterói,RJ,23508
CLI004497,B2B,2026-06-09,comercial,,CLÍNICA,VND07,Porto Alegre,RS,51365
CLI004498,B2B,2025-02-03,comercial,,CLÍNICA,VND05,Piracicaba,SP,98940
CLI004499,B2B,2025-07-18,comercial,,ACADEMIA,VND06,Recife,PE,35302
CLI004500,B2B,2025-04-29,comercial,,CLÍNICA,VND03,Rio de Janeiro,RJ,09963
CLI004501,B2B,2025-08-16,comercial,,CLÍNICA,VND06,Belo Horizonte,MG,76409
CLI004502,B2B,2025-01-28,comercial,,LOJA ESPECIALIZADA,VND07,Pouso Alegre,MG,75505
CLI004503,B2B,2025-04-17,comercial,,NUTRICIONISTA,VND06,Goiânia,GO,90814
CLI004504,B2B,2025-10-07,comercial,,NUTRICIONISTA,VND07,Maring,PR,46601
CLI004505,B2B,2026-01-03,comercial,,NUTRICIONISTA,VND07,Jundiaí,SP,56212
CLI004506,B2B,2026-04-08,comercial,,NUTRICIONISTA,VND01,Volta Redonda,RJ,24247
CLI004507,B2B,2025-06-25,comercial,,ACADEMIA,VND03,Americana,SP,58628
CLI004508,B2B,2026-03-06,comercial,,CLÍNICA,VND04,Uberlândia,MG,18175
CLI004509,B2B,2026-04-11,comercial,,NUTRICIONISTA,VND06,Ribeirão Preto,SP,05062
CLI004510,B2B,2026-01-30,comercial,,NUTRICIONISTA,VND02,Goiânia,GO,74442
CLI004511,B2B,2026-05-16,comercial,,ACADEMIA,VND05,Caxias do Sul,RS,19138
CLI004512,B2B,2026-02-19,comercial,,ACADEMIA,VND08,Sorocaba,SP,78456
CLI004513,B2B,2025-10-15,comercial,,LOJA ESPECIALIZADA,VND07,Ribeirão Preto,SP,03134
CLI004514,B2B,2025-12-22,comercial,,LOJA ESPECIALIZADA,VND08,Ribeirão Preto,SP,94704
CLI004515,B2B,2025-02-15,comercial,,ACADEMIA,VND05,Curitiba,PR,63638
CLI004516,B2B,2025-11-03,comercial,,ACADEMIA,VND04,Jundiaí,SP,80862
CLI004517,B2B,2025-08-07,comercial,,NUTRICIONISTA,VND04,São Paulo,SP,17505
CLI004518,B2B,2025-02-05,comercial,,CLÍNICA,VND05,Campinas,SP,61069
CLI004519,B2B,2026-04-07,comercial,,ACADEMIA,VND03,Piracicaba,SP,36806
CLI004520,B2B,2026-03-19,comercial,,LOJA ESPECIALIZADA,VND06,Bauru,SP,81855
